Actual,Predicted
352,342.935
598,459.19
498,608.535
320,396.445
282,254.71
97,167.165
529,587.305
643,526.63
595,595.97
491,607.125
500,582.805
539,383.15
473,541.04
228,404.16
316,403.27
297,406.12
257,227.33
282,220.25
273,287.01
389,416.58
469,425.925
361,401.785
182,231.055
271,301.495
463,466.075
298,258.24
314,321.215
586,531.055
576,418.115
601,642.805
405,346.85
296,448.84
425,539.73
441,402.04
229,223.525
239,350.885
296,359.36
759,895.945
298,244.84
410,507.79
556,561.165
351,398.21
632,599.7
323,336.85
316,380.61
251,302.81
378,335.3
679,747.025
669,454.68
350,303.7
269,209.695
288,397.255
922,742.71
513,438.345
553,521.17
3488,3477.655
384,339.595
300,308.12
683,845.905
573,453.025
265,270.075
208,360.595
229,416.605
299,223.555
171,299.18
219,231.57
816,788.5
335,345.865
858,729.64
320,238.235
516,499.805
573,606.67
475,538.39
488,388.7
627,527.945
354,274.61
561,598.32
720,862.62
312,329.785
757,838.47
268,287.665
317,412.025
370,319.43
733,614.38
494,629.34
504,409.455
449,416.07
533,467.68
559,577.635
208,229.94
231,234.45
341,229.435
330,329.38
313,292.785
342,245.975
251,265.905
620,697.655
426,462.59
4568,4543.55
372,410.54
359,335.535
316,450.9
252,232.455
150,185.23
138,260.755
531,586.025
120,198.83
353,381.095
651,537.515
564,407.595
192,284.825
537,467.04
1133,922.245
468,508.19
523,479.11
471,439.49
471,374.415
293,410.09
480,376.76
396,531.915
314,272.52
126,205.105
497,530.23
359,436.56
482,363.325
321,362.4
488,402.35
486,508.59
505,376.77
597,417.955
230,231.29
441,375.1
259,183.47
348,275.955
538,416.405
301,245.49
165,147.41
369,414.95
474,478.945
687,634.52
162,181.17
575,457.4
367,405.375
472,475.855
682,632.25
182,223.015
435,409.05
249,279.79
422,384.52
293,289.145
271,233.4
279,281.52
497,392.125
327,450.235
149,224.76
964,845.635
506,616.52
513,365.775
543,578.355
292,304.875
481,421.505
220,245.795
514,376.065
304,399.79
1516,1459.085
273,235.54
676,670.66
711,783.66
276,238.68
173,243.635
211,181.915
455,515.345
118,177.06
323,341.56
438,335.815
753,721.785
460,596.65
168,274.43
384,366.335
439,400.78
371,434.39
194,244.925
357,432.715
222,242.155
527,504.61
151,268.215
220,254.2
327,251.705
400,411.255
347,494.015
439,493.01
318,354.935
260,233.91
454,495.225
292,337.985
239,200.31
359,428.155
489,490.01
249,384.9
546,438.185
242,330.425
242,271.865
255,253.455
468,505.095
329,255.385
435,527.805
470,552.24
298,246.255
318,373.28
231,230.425
520,507.35
1016,927.465
483,536.015
152,253.755
601,458.785
513,487.155
199,326.89
451,352.655
300,294.59
595,499.785
363,423.41
294,297.025
568,524.31
571,450.675
472,367.09
329,276.33
572,569.155
381,398.315
613,461.95
445,613.485
308,277.66
552,444.71
474,447.015
656,592.075
731,637.915
393,362.085
586,460.48
273,308.455
787,788.435
69,234.58
335,364.9
276,322.675
338,311.15
643,527.995
334,320.39
416,324.04
312,474.06
223,210.37
402,437.635
460,411.915
369,330.94
237,273.575
321,340.51
354,327.3
500,378.675
723,632.75
355,280.895
450,483.285
238,237.76
162,232.275
307,319.115
610,583.26
235,250.35
653,626.045
439,385.175
203,159.21
412,335.565
298,252.565
488,423.805
336,404.94
302,469.77
313,250.46
378,327.245
278,372.6
504,439.825
428,551.04
303,246.66
254,318.57
363,402.445
397,283.5
196,181.82
361,492.255
524,509.895
3928,3668.245
301,303.55
307,217.555
965,893.025
220,246.995
299,293.545
310,281.1
494,454.565
536,619.005
271,323.67
245,326.345
288,434.285
657,743.975
747,848.98
379,321.99
204,270.3
748,725.125
334,335.38
637,686.455
597,563.1
294,494.78
264,374.35
290,223.16
1455,1360.675
371,523.495
541,409.355
552,512.11
331,242.315
728,574.68
411,408.53
277,352.205
485,483.015
729,584.655
325,275.135
573,390.18
578,562.87
461,360.265
202,260.13
669,543.905
872,833.045
238,293.63
839,595.335
410,422.175
312,407.08
168,236.265
366,290.005
421,521.635
198,280.955
307,280.505
394,315.43
207,252.925
288,275.47
399,394.775
563,458.94
374,291.755
313,243.715
290,293.225
293,378.97
265,393.475
684,718.035
432,412.885
288,366.735
578,478.26
547,574.305
582,583.58
129,226.935
205,360.64
428,358.135
261,303.04
587,406.86
295,294.16
783,801.57
250,315.95
509,437.795
316,257.53
766,868.04
475,499.79
472,418.7
396,364.145
451,367.005
205,233.59
324,373.845
281,333.7
430,493.815
441,433.315
330,405.405
378,303.46
512,487.26
743,686.475
223,269.555
545,575.1
427,396.88
397,319.63
515,681.33
548,450.825
566,517.825
486,403.585
143,227.685
395,491.845
477,440.49
388,483.5
388,482.71
569,576.965
281,367.67
273,323.705
647,766.295
515,477.945
554,401.385
326,243.49
257,305.66
309,353.895
614,576.93
331,369.725
762,861.98
181,260.115
215,368.11
571,546.62
837,882.615
418,486.475
331,317.26
908,703.895
362,386.23
459,345.66
407,433.17
352,333.785
285,449.75
313,260.685
338,206.475
272,300.405
217,357.98
355,416.4
559,500.525
257,205.55
481,376.795
233,290.255
419,474.525
530,396.79
188,241.405
478,467.375
257,203.36
281,247.715
597,498.9
356,419.18
437,419.66
267,297.735
654,710.125
246,200.625
424,488.605
653,793.495
409,427.695
489,462.13
314,363.01
195,174.175
347,293.98
250,288.095
369,283.78
380,428.375
686,728.65
212,201.335
491,434.035
423,386.87
271,278.745
259,233.24
689,824.505
532,514.64
898,914.96
714,631.805
491,502.275
302,306.14
477,469.61
924,841.69
435,429.795
615,470.135
185,226.055
381,271.245
337,374.44
739,684.885
158,266.29
183,178.865
622,698.9
243,218.545
281,226.135
289,369.265
464,399.395
302,299.32
789,590.885
634,548.585
497,418.425
215,212.83
185,222.1
347,382.645
247,294.605
369,315.395
596,630.94
492,407.54
584,580.47
639,591.495
436,400.85
405,484.495
484,395.005
148,270.635
656,506.97
261,408.835
291,377.615
354,332.355
271,388.125
247,384.58
936,886.11
297,339.375
369,485.07
208,303.54
342,310.23
331,484.18
285,299.205
330,368.945
343,303.13
296,264.24
190,244.725
343,262.725
643,585.27
567,522.33
485,429.225
391,537.075
221,212.05
391,299.81
337,337.93
354,407.845
455,461.33
599,656.265
413,449.02
424,434.53
340,347.345
546,450.41
790,790.54
735,872.545
500,350.59
301,291.005
454,534.52
282,281.585
414,432.885
316,343.44
883,795.95
324,234.455
272,308.65
686,649.485
708,600.34
363,372.165
343,285.26
313,396.655
519,413.995
402,533.93
549,484.155
326,465.255
195,312.945
339,496.655
717,724.015
468,500.655
316,327.61
503,483.015
442,398.76
578,427.17
379,394.845
284,292.91
794,757.125
512,356.945
304,351.795
346,276.565
597,593.275
328,285.015
540,585.08
288,215.735
365,276.005
386,250.16
380,376.12
344,403.28
195,231.12
2044,2168.07
261,292.875
446,435.5
383,413.145
317,241.675
370,314.85
601,549.34
238,223.485
560,477.37
193,269.01
359,376.98
533,416.085
403,571.78
486,434.34
363,273.0
588,619.01
216,267.45
348,532.185
515,399.66
449,327.975
286,340.73
193,317.07
291,306.75
334,334.705
682,648.97
527,537.075
411,444.875
624,514.74
143,224.27
466,416.985
246,410.305
141,278.47
397,310.835
620,618.255
391,298.185
292,336.715
269,260.62
239,383.1
640,600.355
1944,2206.41
294,357.04
159,218.195
320,226.205
280,241.77
608,448.855
569,595.585
498,392.225
445,408.3
718,693.835
412,396.41
919,971.55
394,516.31
274,231.885
574,510.645
980,833.505
644,525.61
369,238.01
440,398.825
373,333.175
438,459.675
260,402.335
474,513.05
501,493.35
577,548.835
518,415.515
322,234.39
719,631.705
200,217.135
331,340.205
355,331.98
631,621.03
519,562.755
291,261.265
685,472.83
295,419.005
147,178.09
552,648.97
628,777.335
1356,1406.27
654,663.145
249,285.985
496,522.19
471,647.745
171,219.935
302,377.86
436,491.63
218,370.105
416,308.635
306,352.09
556,556.32
319,347.09
385,400.275
325,337.415
378,454.695
541,561.08
281,399.48
410,479.76
999,907.68
122,206.99
196,242.465
518,372.765
578,577.845
310,317.805
4260,4045.635
309,280.87
460,345.35
231,237.885
421,356.72
241,278.32
491,374.695
982,970.32
288,301.025
271,364.675
472,469.48
361,399.99
245,285.71
406,484.28
441,478.51
249,338.885
121,296.18
377,397.82
433,353.8
409,443.255
391,487.57
334,400.785
238,228.965
759,566.825
271,205.68
239,185.7
871,653.85
293,389.59
497,468.58
231,244.605
475,379.275
421,316.755
556,415.9
462,405.395
649,478.895
520,463.905
490,580.685
166,184.685
584,469.58
309,249.815
543,488.895
339,305.795
432,340.54
218,239.745
216,319.235
657,763.42
244,298.355
297,288.45
317,355.685
858,867.905
348,430.125
295,386.38
426,508.08
361,303.24
289,442.53
547,485.35
406,362.51
309,347.97
572,386.14
491,499.465
365,385.725
140,249.145
365,262.45
415,358.875
393,475.86
426,502.895
447,444.495
580,535.005
411,465.35
460,472.94
352,336.94
619,597.075
294,439.815
519,461.32
478,443.0
502,413.53
420,426.235
832,673.35
310,306.94
457,545.53
578,587.615
763,745.56
285,214.305
669,685.76
203,232.325
171,243.095
723,604.72
280,223.12
395,478.355
279,276.94
263,404.92
467,466.43
533,447.605
374,419.64
249,339.205
370,343.525
193,335.84
346,340.6
586,393.83
586,499.025
857,673.545
364,437.615
443,304.43
580,641.55
550,548.145
664,773.195
805,712.985
335,242.165
516,628.97
224,320.34
391,329.175
284,289.69
460,379.875
682,729.015
532,531.03
297,430.505
204,261.53
306,354.085
945,1002.695
539,536.03
605,469.73
337,401.28
330,300.725
390,298.21
494,531.2
654,813.775
267,254.055
578,521.825
455,384.875
750,710.485
324,230.93
533,521.61
218,182.33
447,592.79
573,543.715
309,335.075
584,596.01
342,348.565
332,242.705
419,339.09
225,297.93
232,307.145
349,277.345
317,253.66
311,357.135
443,381.535
360,385.87
353,276.385
96,228.59
211,244.065
357,297.85
190,407.72
631,573.335
479,458.165
931,794.935
378,417.615
632,702.315
337,343.065
254,247.41
571,422.63
288,355.095
292,323.645
625,697.045
604,497.12
445,348.705
448,588.59
602,616.74
367,458.425
797,645.01
274,335.575
535,434.365
341,365.395
110,257.315
427,389.355
329,295.99
453,430.62
343,319.71
152,188.685
408,462.44
168,272.05
272,282.665
413,372.835
476,580.485
262,275.535
96,169.54
384,394.125
480,426.775
528,459.335
1715,1852.955
338,391.9
419,393.02
166,174.75
420,338.77
536,547.36
718,624.73
390,354.33
360,325.815
480,355.155
456,406.705
228,242.395
495,504.81
2454,2561.175
624,464.385
648,829.485
221,257.49
318,288.225
630,527.755
358,254.415
250,283.415
671,511.825
458,585.24
503,454.215
489,502.32
490,396.225
361,361.485
2288,2192.34
493,399.02
323,299.635
606,616.38
319,322.31
370,428.84
336,448.495
324,484.265
224,238.13
273,208.845
249,273.07
1107,913.99
401,335.075
255,403.835
350,326.08
320,254.445
499,539.705
743,685.55
279,375.65
577,513.55
305,380.175
174,251.46
554,445.62
567,509.845
489,412.26
548,601.365
486,490.06
458,558.09
197,248.595
681,637.135
191,227.195
395,506.825
575,608.2
280,315.49
204,275.71
348,418.095
413,357.96
615,507.21
494,496.42
260,240.87
244,238.095
200,174.915
184,334.12
265,294.785
334,241.24
321,287.615
717,726.93
246,264.52
206,215.425
298,327.91
208,388.15
559,453.805
237,366.47
368,459.295
347,532.225
263,264.865
725,638.07
303,257.385
299,375.56
558,492.06
832,719.06
218,258.03
328,316.305
630,743.455
281,350.49
310,312.065
326,287.83
558,494.76
486,508.385
387,397.805
374,461.525
639,500.34
365,273.945
270,377.13
766,782.8
99,238.355
213,219.555
215,328.575
172,350.83
297,281.87
919,779.81
437,437.945
665,826.57
370,433.85
204,203.015
195,268.145
288,231.405
439,485.235
292,333.61
611,470.77
2140,2147.035
438,390.61
646,566.065
348,236.27
264,307.195
597,554.445
277,227.245
155,282.895
742,695.205
589,605.27
568,442.635
215,195.745
257,306.175
492,508.425
341,285.935
195,222.92
165,226.69
261,294.79
274,291.28
276,311.47
404,436.495
303,280.355
343,259.23
192,229.76
454,432.18
448,367.7
239,290.755
244,256.09
171,249.87
229,221.82
743,616.975
507,421.18
589,656.615
1044,884.245
180,183.08
470,542.005
472,554.395
1686,1742.15
359,380.45
332,344.145
161,187.855
466,491.585
567,613.455
315,270.54
338,438.165
266,232.465
605,614.115
568,673.93
531,547.38
270,239.095
519,465.26
417,335.96
533,527.405
475,325.08
351,325.685
389,339.21
536,440.97
439,335.995
324,240.945
160,220.715
368,345.725
343,230.82
285,271.15
999,863.92
432,373.175
547,520.41
239,398.765
4048,4151.93
254,249.115
475,483.69
382,370.27
659,570.665
401,454.885
248,343.715
466,525.3
421,441.59
460,373.645
578,428.055
559,712.86
153,239.585
637,431.03
312,328.695
618,539.02
661,522.93
429,436.075
229,183.275
544,562.285
316,304.63
640,651.86
349,446.5
310,299.57
342,403.685
347,254.9
365,329.495
585,601.69
526,436.48
314,311.09
405,301.295
263,379.53
505,339.875
549,517.46
901,879.35
368,308.15
291,273.82
716,669.04
422,257.695
490,559.3
324,385.88
332,214.805
200,233.63
347,315.15
432,401.195
248,337.775
324,223.525
275,261.91
504,513.47
493,465.495
411,544.8
257,221.73
478,490.86
343,246.095
427,403.61
284,412.4
471,533.87
467,381.265
468,484.585
334,253.66
276,317.5
312,392.825
2470,2508.545
502,567.005
207,208.795
383,296.425
703,581.515
495,440.765
491,532.28
2672,2696.88
265,350.77
425,497.775
281,252.49
376,417.855
856,820.925
368,321.73
170,230.54
301,373.29
414,445.655
490,415.595
1332,1388.26
347,420.425
186,247.26
450,375.675
522,551.88
183,196.085
289,359.745
634,596.0
466,367.575
277,251.465
350,311.35
179,234.17
695,553.38
651,515.435
268,334.76
414,391.68
212,218.625
153,183.07
370,321.65
250,224.11
289,217.36
360,404.915
754,757.69
566,396.165
259,226.16
274,202.705
606,464.005
383,448.985
184,310.765
306,289.315
474,458.075
383,468.925
497,510.415
569,444.6
266,250.625
465,381.01
167,200.735
230,247.255
272,310.205
556,483.235
662,467.225
330,427.565
349,367.69
315,438.51
733,884.6
324,364.05
629,619.475
504,514.32
475,349.555
319,532.285
237,221.145
903,863.355
202,169.925
587,573.335
951,813.585
549,487.7
281,354.05
337,468.075
150,262.64
466,476.25
209,296.565
414,415.325
487,416.635
459,526.81
400,359.475
177,221.955
970,996.785
345,466.34
468,545.19
356,378.015
329,280.28
617,429.875
134,232.41
353,294.965
290,314.355
286,304.685
247,311.495
243,266.535
294,244.755
431,507.05
331,284.665
881,885.405
412,463.04
517,591.1
272,297.54
629,522.865
267,270.2
288,265.09
238,232.355
241,222.665
878,890.13
342,327.135
371,355.315
474,369.73
546,436.925
315,239.71
640,516.06
961,903.265
205,209.575
625,474.63
569,434.0
238,251.06
352,362.05
609,547.565
426,508.835
652,625.46
367,349.74
939,994.07
394,470.815
601,581.3
502,557.51
534,521.43
311,419.875
886,883.385
331,276.02
189,250.25
218,265.89
489,439.335
384,370.92
464,493.35
488,431.615
499,411.535
223,275.695
123,189.845
270,300.355
400,394.205
454,454.51
400,507.925
244,258.13
317,348.84
269,297.47
169,262.77
470,320.645
687,750.115
353,445.36
864,791.8
827,700.515
327,325.125
550,509.035
612,604.1
2504,2559.33
809,848.545
322,341.345
580,552.21
170,174.56
584,528.565
268,305.13
853,735.565
313,447.23
275,366.015
520,514.685
386,540.93
208,238.225
244,247.235
853,842.155
268,232.585
175,265.35
411,420.255
698,737.46
554,414.375
306,234.73
467,533.115
413,369.405
338,370.315
430,512.19
417,294.23
196,310.55
933,973.82
284,223.62
233,271.6
310,403.1
809,788.89
340,345.34
312,222.495
588,785.32
581,573.335
559,521.67
210,260.74
492,379.45
245,235.36
278,239.995
987,865.94
763,610.385
850,743.07
285,225.645
383,423.475
413,303.295
634,530.44
425,562.135
534,473.5
148,180.895
268,295.25
231,261.89
1848,1758.795
273,247.19
584,527.915
473,449.355
389,394.29
354,296.2
280,247.115
146,246.145
298,355.55
182,231.095
628,547.57
359,384.54
322,307.52
317,220.31
399,475.625
511,412.88
367,395.615
286,302.705
379,385.49
738,693.405
547,397.15
548,582.37
228,332.8
439,471.435
880,912.77
440,425.62
552,479.92
290,230.71
292,231.005
244,338.515
482,418.945
449,378.905
869,845.25
285,302.83
370,395.47
540,365.72
300,311.98
200,265.635
399,397.825
429,286.19
346,287.285
929,796.795
628,664.895
619,633.185
534,599.55
524,575.875
275,314.345
226,242.115
459,404.995
354,352.15
241,365.0
376,463.665
337,376.665
918,830.2
305,388.735
267,224.69
263,314.37
559,550.77
806,563.51
250,325.995
703,674.89
167,302.405
480,597.67
218,245.18
571,483.415
411,449.74
187,246.32
331,311.9
1792,1870.84
276,312.755
417,498.355
251,455.585
223,327.195
615,556.64
482,565.83
256,268.69
316,296.425
297,278.44
356,244.185
295,303.35
487,491.945
399,403.555
308,400.79
468,460.805
482,506.025
269,245.385
430,406.735
445,446.95
441,322.175
461,492.435
373,417.14
231,227.54
632,519.66
406,442.11
519,509.9
520,468.17
545,626.96
407,323.825
265,274.07
350,259.525
339,400.83
394,367.48
228,261.95
334,301.56
285,296.95
427,417.425
686,759.225
504,680.245
323,316.345
949,881.965
481,550.94
545,685.3
218,261.87
276,295.215
189,233.68
556,470.85
642,545.525
309,311.32
686,712.495
522,405.03
518,388.815
821,685.45
149,178.22
335,354.525
519,372.94
318,265.295
543,538.55
236,229.275
214,358.495
575,525.18
473,329.55
271,290.365
391,377.055
637,542.6
2184,2216.22
173,330.92
286,508.595
582,561.925
311,419.925
380,397.475
342,313.78
321,228.64
1007,863.94
358,301.525
478,455.94
606,591.275
694,545.485
250,342.665
303,297.31
489,430.99
315,347.26
200,253.255
578,619.595
237,248.845
315,227.47
342,269.24
424,377.325
177,238.83
531,597.22
206,343.51
597,551.98
353,293.48
295,265.255
233,387.335
606,685.33
507,463.975
458,430.69
537,557.11
187,217.125
321,459.23
784,798.31
318,249.17
652,722.815
277,398.76
1001,938.13
332,304.735
158,228.91
284,308.365
449,400.415
500,393.17
513,394.61
368,445.035
268,262.89
173,268.035
355,346.26
417,446.12
346,299.775
222,236.46
686,644.34
665,539.345
337,398.34
188,236.395
284,217.11
443,456.625
371,312.045
196,181.61
330,357.72
329,408.81
578,676.58
346,394.86
665,551.725
332,452.715
379,322.44
564,428.865
160,140.875
273,272.78
8256,6170.47
367,472.71
294,263.695
426,338.84
236,268.645
284,228.03
537,534.995
356,275.625
357,376.755
428,382.035
322,302.435
401,341.605
616,686.78
335,463.53
510,491.82
454,451.57
303,283.475
250,236.57
398,374.455
529,560.755
151,202.0
148,250.43
211,227.715
447,362.77
163,275.84
303,289.305
237,307.755
315,302.18
697,682.62
283,266.865
477,338.21
441,311.045
232,240.795
316,389.285
4232,4319.03
434,392.88
423,496.345
320,356.17
385,414.11
488,500.0
456,495.145
675,613.66
231,265.94
155,239.36
891,845.69
492,570.955
292,360.505
154,248.105
628,557.465
275,323.2
663,601.925
452,424.645
518,378.46
287,241.185
402,543.92
617,560.82
306,301.71
432,425.195
211,249.435
745,624.865
447,400.195
588,687.19
215,230.595
500,660.49
369,505.825
306,336.985
472,485.715
421,362.51
391,515.75
530,552.575
651,659.875
365,294.56
257,375.745
451,423.375
382,354.475
461,468.355
302,354.03
602,493.19
296,298.815
278,372.15
739,516.145
195,230.87
595,721.25
182,230.99
473,397.135
318,230.35
465,496.1
185,169.025
231,264.095
558,426.8
435,401.87
151,285.735
608,605.13
339,400.74
303,397.26
511,501.23
429,442.915
764,636.905
284,400.31
582,424.195
500,388.545
151,209.585
117,213.545
818,796.575
279,244.55
576,472.02
679,667.055
333,429.815
292,313.17
216,168.965
597,499.06
648,522.955
292,208.815
336,290.13
269,219.39
142,113.765
366,403.425
343,432.47
869,929.46
385,470.65
644,821.475
268,271.4
361,411.765
247,228.03
604,517.775
308,413.93
781,814.915
115,113.255
381,443.51
187,213.25
347,348.455
228,257.79
498,480.07
647,695.865
2214,2186.095
247,437.06
621,500.515
396,488.43
418,341.185
441,392.85
383,443.69
337,368.74
508,565.675
1107,1167.795
460,478.615
577,517.655
448,535.155
208,213.945
616,571.205
182,247.17
907,921.725
530,427.125
459,417.425
200,211.91
419,516.385
291,387.745
394,330.83
700,744.36
257,361.28
602,565.23
348,395.665
345,296.385
207,210.275
692,582.915
417,385.62
233,241.665
240,229.25
584,449.41
260,239.755
292,231.16
764,687.325
287,283.66
312,472.855
239,196.315
575,541.235
179,281.245
500,485.14
447,518.575
246,321.9
305,221.54
291,402.185
438,394.505
622,596.955
600,477.65
996,813.38
279,217.99
170,229.845
531,358.04
546,472.1
432,433.125
221,290.085
277,252.695
490,444.595
548,575.83
254,343.93
470,391.62
429,537.67
276,316.585
559,475.81
217,264.58
269,336.495
293,319.985
186,203.01
390,530.0
309,325.925
747,630.2
230,312.04
243,251.9
551,548.415
209,306.755
286,291.445
384,353.57
787,705.535
537,418.345
264,240.045
665,682.88
283,291.635
528,594.83
237,285.605
486,535.005
494,429.0
801,818.12
534,535.435
493,567.84
196,280.545
294,235.035
259,234.06
186,253.79
463,465.14
338,299.36
325,366.98
433,272.775
316,302.17
270,272.59
84,179.335
359,404.37
288,250.82
308,380.915
492,425.265
292,289.21
442,458.905
489,454.915
493,485.525
1047,1036.65
208,215.65
576,380.095
164,235.825
315,281.075
227,338.965
372,385.9
548,472.075
369,363.625
391,403.96
279,254.04
520,566.495
554,437.89
352,346.045
432,526.21
258,225.945
331,354.385
537,580.04
305,312.0
264,376.235
415,337.375
251,353.635
394,440.17
499,377.44
1049,857.505
671,787.92
267,262.475
291,268.595
432,440.87
154,222.705
1600,1448.54
359,369.25
602,616.82
158,187.65
436,403.75
269,221.205
907,831.655
543,519.15
374,350.975
186,250.595
400,332.955
493,478.46
246,349.13
217,262.475
384,382.01
585,469.68
493,509.3
419,404.595
512,641.455
246,240.87
317,439.005
401,429.45
443,486.03
3114,3315.89
279,415.425
516,491.025
293,254.89
901,790.545
304,284.7
421,455.2
269,248.675
180,166.535
829,888.765
310,294.56
276,282.35
441,495.975
337,237.54
476,522.62
310,296.805
517,357.18
401,541.21
378,379.56
469,454.015
318,355.225
301,250.38
998,940.7
397,405.73
310,343.23
506,419.735
148,287.53
353,275.8
327,239.495
685,610.325
272,284.47
341,251.02
148,242.99
275,314.25
708,879.76
307,290.45
180,246.81
835,715.345
182,226.04
185,243.08
714,716.13
243,257.975
472,643.87
642,574.5
811,752.765
418,394.175
234,389.605
212,252.305
340,280.195
326,369.37
586,589.24
297,302.465
287,288.265
407,436.82
588,516.415
234,421.68
276,288.195
359,379.62
233,196.63
597,583.375
362,293.11
359,294.675
358,334.33
668,797.99
437,425.35
271,252.145
351,380.185
277,242.02
339,214.415
505,660.205
548,460.07
374,317.28
513,386.765
419,594.37
877,948.48
457,516.48
371,448.015
498,379.775
408,528.475
307,230.755
265,346.34
223,320.205
321,337.765
288,252.33
604,518.78
260,274.09
582,472.595
453,459.625
204,334.315
307,292.185
454,504.295
307,346.165
779,806.385
437,428.83
350,378.965
219,240.92
349,239.575
387,364.205
588,632.74
483,383.195
272,201.265
2936,3001.845
214,236.29
335,236.035
511,398.995
334,221.875
930,969.12
291,303.62
426,479.99
393,361.35
459,445.645
457,588.58
306,265.485
3248,3291.545
605,639.91
287,317.44
401,486.975
249,378.085
400,358.37
537,451.885
313,400.335
115,234.73
342,367.215
927,870.58
300,498.28
373,389.67
403,353.715
467,448.785
390,394.78
427,481.615
224,204.64
425,468.825
196,255.39
520,571.475
189,291.36
488,420.71
279,290.41
511,611.415
386,275.025
276,349.25
296,279.46
508,567.32
218,204.82
307,425.275
376,328.775
185,229.835
368,452.36
175,224.215
340,299.565
390,494.365
175,226.92
281,234.66
347,265.925
299,279.1
1075,945.595
918,887.885
176,224.945
242,237.16
586,488.705
133,202.675
744,757.845
198,243.625
565,658.92
574,467.805
546,579.285
163,185.065
193,215.955
188,287.67
525,629.86
731,793.615
184,176.635
338,227.565
590,528.97
319,330.12
703,696.185
356,318.905
164,220.485
201,233.555
734,601.235
613,509.63
323,330.73
326,430.99
382,339.745
318,225.915
311,436.475
296,312.74
303,399.285
319,440.445
231,293.465
431,469.68
385,468.18
1074,1045.535
658,611.675
243,218.76
752,819.295
247,397.44
266,233.21
286,226.195
236,293.24
361,317.67
328,238.25
548,583.545
254,428.11
211,248.015
325,214.255
555,391.28
467,481.55
227,268.115
562,447.665
333,379.245
471,332.61
257,283.7
521,534.265
643,513.965
333,309.95
258,233.535
660,456.395
581,533.825
274,254.41
184,236.775
368,469.965
755,801.98
358,271.92
320,271.04
378,463.755
351,322.95
840,715.395
651,606.905
246,272.425
530,455.89
546,414.035
172,280.215
166,231.49
546,414.455
488,389.895
267,237.28
388,320.525
418,388.93
393,348.895
456,542.155
584,489.54
390,349.075
308,290.3
721,666.695
646,531.975
465,425.93
161,309.2
703,703.435
456,404.94
308,278.34
183,245.9
595,539.03
315,355.0
388,353.84
413,616.26
378,410.155
818,640.36
197,266.74
236,277.275
672,619.795
746,907.37
416,363.51
477,441.865
411,327.495
297,280.125
883,920.61
418,286.42
347,370.155
180,265.72
582,456.19
512,526.505
283,323.725
376,414.4
244,263.165
682,829.38
274,216.025
384,355.675
400,392.06
204,249.23
316,284.195
559,525.615
267,357.47
245,196.545
479,428.91
294,252.5
257,285.845
246,222.435
485,434.845
842,974.66
226,202.595
593,729.895
534,521.03
440,367.805
636,821.035
545,556.57
595,560.325
300,293.68
286,441.625
192,245.205
400,422.26
573,561.07
500,491.78
386,445.135
339,228.125
450,396.445
297,338.53
626,630.25
680,514.335
497,672.635
540,573.99
319,320.755
618,551.04
280,277.465
302,286.305
415,438.0
758,632.705
848,643.65
338,256.715
199,189.935
478,419.225
317,319.495
387,402.925
491,498.63
405,348.055
668,584.42
198,181.075
784,745.025
228,272.155
86,222.535
392,303.395
459,418.825
966,921.145
331,335.745
343,329.775
545,591.505
315,459.145
342,281.605
403,411.68
595,537.69
634,693.19
338,376.21
245,318.295
409,364.045
412,339.615
309,293.81
6984,6817.485
448,358.795
335,278.32
507,300.95
386,265.655
245,309.275
401,410.01
281,237.735
905,805.82
402,267.66
283,366.635
411,474.54
513,450.435
253,206.66
408,470.88
498,347.095
253,376.09
257,259.46
898,804.995
607,518.195
479,535.6
190,245.095
312,298.82
421,459.64
484,514.78
268,233.28
340,289.71
423,404.045
408,418.675
789,598.325
348,441.21
253,368.38
189,174.265
494,528.225
247,267.805
331,335.86
441,452.295
231,359.08
495,533.665
221,173.57
204,419.73
974,1008.62
374,326.475
117,230.565
373,549.96
468,428.57
884,898.345
336,314.13
500,496.865
346,253.93
1353,1400.945
509,574.17
249,210.32
688,755.79
342,233.84
254,359.545
569,445.1
227,367.89
453,619.395
510,545.18
559,453.135
298,212.045
297,292.88
489,442.56
309,254.925
518,545.81
440,358.375
561,625.04
285,394.285
553,466.04
500,524.03
361,411.11
248,196.35
435,537.315
622,558.635
2056,2252.22
426,462.345
394,433.17
181,229.46
216,272.19
426,342.63
392,339.58
575,581.825
372,342.55
238,256.305
328,336.365
466,587.47
357,353.31
568,432.215
534,524.045
216,235.55
359,312.185
505,483.745
617,494.385
821,771.02
408,382.42
556,434.13
713,808.415
583,523.625
439,481.31
231,351.305
423,363.26
327,450.215
427,373.29
462,466.705
253,350.7
523,526.52
481,586.2
274,224.05
214,265.315
276,271.05
489,602.51
564,531.675
233,376.67
484,550.045
1456,1564.94
376,405.52
187,249.36
366,412.76
462,459.99
300,415.48
465,414.195
428,646.565
281,224.955
430,373.925
256,231.055
544,555.135
363,502.075
645,490.875
448,404.39
530,407.4
307,253.58
630,552.57
347,245.39
237,220.135
482,502.61
540,525.185
461,349.065
591,501.64
194,321.76
279,410.755
528,423.95
763,729.98
481,387.92
199,190.82
299,370.29
741,646.695
448,438.515
322,280.375
326,299.335
440,430.145
576,510.435
666,558.31
252,290.855
333,476.605
990,837.73
268,212.91
205,259.58
397,403.015
717,678.915
200,245.83
335,351.91
288,278.69
268,228.675
274,370.79
182,223.785
543,398.54
316,296.06
275,442.92
684,614.73
218,271.27
490,424.465
477,361.13
314,295.095
649,542.02
155,229.125
321,328.12
281,251.845
317,398.79
129,225.085
362,281.705
157,231.125
598,479.41
310,287.055
356,299.96
276,241.505
335,328.095
508,363.27
355,358.29
559,419.74
850,940.06
235,258.545
353,331.115
571,362.65
198,257.87
302,372.91
244,227.015
252,201.35
332,382.395
368,378.615
262,360.475
895,764.975
277,351.32
458,484.895
368,400.025
434,324.585
382,459.81
299,411.57
240,237.19
235,217.62
727,730.715
265,350.245
540,472.81
511,553.015
628,677.11
192,165.345
210,327.79
291,335.04
396,441.315
293,292.47
309,379.775
418,419.775
312,293.71
3584,3732.21
383,497.56
671,583.755
456,374.565
1030,899.39
250,330.415
160,225.485
180,196.895
305,339.365
322,259.525
566,532.01
418,372.16
263,263.335
934,882.17
535,411.52
241,223.75
483,453.13
330,361.135
515,655.655
346,385.8
210,323.41
554,447.885
618,476.05
615,525.06
465,392.99
159,246.13
713,583.255
246,274.49
516,532.81
472,428.655
910,859.915
572,597.125
725,691.345
1075,932.55
596,470.725
319,390.87
434,459.055
167,234.3
1626,1551.885
526,505.64
484,434.535
368,295.75
661,667.66
302,419.96
247,457.11
316,483.62
432,572.43
217,368.715
338,384.9
269,289.275
535,538.845
470,497.265
763,706.99
513,498.53
263,366.185
518,485.885
3925,4093.495
206,267.365
373,340.615
571,609.61
947,987.705
556,541.335
324,290.135
669,705.85
933,862.895
427,308.23
520,419.985
359,308.44
366,475.17
439,595.775
419,488.21
786,880.97
365,484.76
188,221.715
360,353.545
567,565.425
449,370.355
172,282.265
319,476.35
268,268.755
302,267.755
452,368.44
437,403.89
276,262.82
527,441.155
644,645.615
674,517.2
253,224.255
369,372.805
321,275.725
321,290.185
438,363.335
548,531.18
413,559.785
360,315.395
443,347.955
358,366.535
184,215.335
264,338.67
357,363.465
533,545.55
273,352.79
615,438.525
228,295.75
472,455.265
744,762.31
968,1010.09
460,338.07
375,286.83
325,334.775
601,593.485
393,274.42
282,394.735
330,390.68
992,944.215
524,433.87
221,291.725
362,397.365
527,401.505
994,923.895
463,324.22
369,412.425
947,869.22
417,388.695
408,278.095
424,300.615
492,565.37
386,342.94
535,618.635
374,330.255
307,424.43
697,579.715
1770,1822.95
503,390.82
544,520.315
1848,1819.755
185,248.205
149,136.245
732,745.14
311,408.005
554,492.13
941,763.15
617,493.94
563,610.925
372,466.37
143,212.585
470,442.61
504,459.905
393,325.48
881,761.15
389,344.115
639,576.34
412,378.97
348,254.115
347,303.825
335,246.365
956,723.645
435,405.415
516,460.16
377,365.395
559,565.065
226,236.46
150,184.91
361,387.545
648,502.74
301,358.455
653,672.965
385,367.41
374,418.665
213,234.1
466,469.995
364,303.305
690,636.97
652,515.225
302,264.28
675,521.815
600,644.44
441,428.125
514,426.255
203,198.685
443,351.66
782,755.865
424,546.685
588,614.215
266,294.845
232,335.15
545,560.635
396,306.91
426,344.365
450,440.185
421,335.225
861,922.32
202,264.04
411,566.905
572,611.14
294,369.295
846,604.21
496,496.82
607,553.92
491,423.45
420,400.845
203,284.97
615,570.81
700,654.47
829,768.6
138,231.745
200,275.855
249,333.22
435,531.82
175,296.775
597,592.555
562,429.065
440,447.07
649,603.22
411,318.135
297,292.85
365,373.145
513,649.26
554,460.805
586,596.67
354,305.135
176,230.82
152,183.595
626,564.24
238,286.365
287,245.71
601,641.705
388,343.34
144,275.58
378,410.645
267,302.56
482,435.695
621,742.53
524,490.38
169,227.795
293,232.57
388,273.84
342,264.12
336,400.395
432,347.43
933,933.82
470,479.19
248,291.225
296,397.525
536,543.37
154,293.98
194,248.575
611,509.28
466,387.58
397,382.6
373,371.73
584,595.33
544,483.555
715,668.885
253,396.48
139,235.205
339,343.055
315,497.655
436,341.49
175,193.295
254,301.895
569,401.99
636,711.58
366,456.32
405,446.24
463,409.735
449,559.83
245,329.2
279,338.48
815,882.865
344,491.17
386,388.205
459,406.73
438,439.59
450,448.095
384,463.345
282,331.89
559,450.005
160,275.475
359,383.645
616,568.17
416,310.93
912,780.755
468,444.14
197,218.845
581,563.19
462,498.83
307,505.785
159,120.17
157,180.26
318,288.895
696,619.3
404,415.875
292,333.6
425,491.425
594,641.67
299,325.055
353,448.88
139,326.825
646,609.12
483,371.275
440,373.775
263,352.065
551,587.355
438,423.275
430,486.205
367,426.615
647,546.1
445,343.81
690,890.01
354,309.07
221,302.115
248,258.99
391,272.34
314,356.36
647,531.51
618,586.8
528,436.885
421,383.95
349,320.29
150,229.19
417,421.49
632,596.895
129,220.46
619,558.485
306,235.145
382,310.595
302,295.315
333,422.795
353,285.38
421,476.515
371,359.885
533,500.705
176,172.765
479,625.345
517,546.52
228,257.965
506,448.73
936,889.465
662,566.525
258,286.29
279,240.72
366,242.37
216,235.185
332,272.705
184,183.825
461,446.28
407,560.86
418,433.645
442,464.915
241,233.785
891,885.145
440,405.34
332,467.165
276,320.875
605,508.0
613,508.55
395,321.52
531,449.73
624,586.885
204,258.23
221,266.55
349,422.78
400,439.585
296,312.28
138,142.335
266,319.345
371,397.52
406,412.64
582,512.015
369,378.705
438,307.655
451,538.13
658,621.795
189,215.24
762,626.0
1788,1529.745
591,410.53
275,254.815
486,340.72
423,447.33
207,243.975
400,360.83
445,640.88
373,419.475
270,257.165
304,289.34
408,356.01
426,344.22
398,437.26
306,224.5
234,357.91
535,451.6
194,274.28
461,460.11
572,499.08
258,338.585
272,271.525
1031,907.165
166,238.435
1842,1976.7
376,292.44
513,428.935
179,253.68
526,453.215
1115,1029.195
676,611.45
560,613.355
456,341.45
332,296.3
286,265.23
439,441.835
258,257.06
320,467.08
280,291.47
283,239.6
789,763.13
663,542.55
190,196.815
332,317.41
339,420.115
643,673.12
412,450.955
343,434.19
249,235.235
170,135.7
491,440.48
785,917.905
228,242.78
2436,2279.205
516,417.725
283,351.795
634,529.02
431,584.95
225,276.765
460,359.265
157,236.065
539,536.935
900,1107.52
497,564.06
171,254.575
801,918.29
568,547.975
147,195.925
358,418.965
346,383.815
570,394.845
400,316.745
227,233.785
820,664.98
346,362.835
163,233.205
322,215.185
522,678.575
718,613.275
369,509.77
470,516.455
167,231.11
763,613.16
309,373.155
523,425.34
390,297.48
245,339.56
841,932.17
253,202.11
485,351.925
270,271.945
381,333.675
213,377.19
459,545.955
421,458.6
483,442.1
543,551.14
315,386.315
490,514.97
349,329.175
726,711.34
412,290.955
287,340.83
540,570.62
276,238.715
768,634.095
937,974.65
361,344.77
440,456.995
475,371.255
197,177.615
462,372.585
285,404.815
590,540.855
232,225.065
227,213.59
511,443.695
310,265.175
447,557.61
400,267.71
273,292.31
245,323.015
303,288.515
373,368.27
435,440.18
430,372.63
446,379.485
646,684.76
226,218.225
207,278.06
348,291.89
560,548.245
222,434.505
302,284.715
205,367.295
220,298.05
196,296.165
649,684.51
215,254.685
431,551.465
345,364.415
252,226.41
249,284.51
537,414.99
305,422.35
986,955.925
522,510.7
343,318.745
263,305.355
350,423.64
279,302.645
466,354.375
458,550.535
723,557.55
356,338.3
181,201.48
278,293.23
907,863.325
256,296.71
597,704.525
386,480.61
346,480.875
317,272.125
606,527.605
210,236.88
868,749.77
146,232.655
211,297.43
555,579.575
492,415.345
182,243.76
241,284.97
187,238.975
441,490.33
385,444.99
298,342.46
334,325.765
342,296.265
229,306.155
387,458.515
289,313.46
285,246.04
231,365.985
464,472.74
558,696.105
277,411.455
431,385.575
597,606.3
777,670.055
359,306.885
508,477.14
664,572.53
336,339.495
292,304.71
824,936.76
389,474.545
280,378.82
392,316.87
173,259.675
860,705.775
658,545.95
577,735.095
346,332.74
509,500.68
327,293.875
260,258.095
652,600.095
290,316.105
256,336.39
515,381.68
314,303.13
276,278.32
387,352.57
183,223.615
394,430.605
199,231.57
520,469.51
341,399.83
719,540.85
320,466.16
407,333.695
421,452.555
400,356.61
263,280.04
172,301.615
332,256.12
284,403.525
335,273.025
123,256.16
560,472.365
259,316.305
350,439.295
212,249.585
1045,900.245
409,573.445
492,482.165
349,373.44
219,216.935
918,878.355
551,554.71
134,249.045
360,340.705
403,386.44
526,398.095
147,266.09
532,493.635
189,233.82
449,441.32
285,233.61
497,455.47
341,289.485
591,627.205
285,318.855
279,283.85
616,717.955
335,374.15
615,467.34
342,372.015
998,996.155
492,561.775
150,207.315
852,881.88
1045,858.82
206,170.825
381,431.96
317,304.235
1079,898.14
183,336.095
299,391.815
556,368.725
506,615.56
334,240.25
126,176.6
841,687.415
229,195.78
407,541.895
331,295.805
186,168.165
365,297.065
219,400.825
874,798.21
274,324.32
366,290.4
957,797.185
116,249.64
471,499.45
340,324.645
378,436.81
332,349.16
422,352.255
246,243.185
310,261.91
296,284.81
551,393.635
359,422.99
619,633.84
411,504.1
616,609.64
282,277.81
343,293.56
145,231.85
148,230.905
413,449.345
529,461.5
402,382.885
689,531.125
521,600.005
564,531.545
410,449.7
408,427.685
494,416.34
363,398.78
542,529.14
288,280.61
553,520.92
457,487.44
134,129.34
354,342.77
210,371.19
473,466.435
259,242.55
414,456.31
522,372.415
854,719.19
532,530.73
359,409.275
915,901.12
429,403.255
450,435.08
312,321.04
360,466.47
340,266.91
354,304.875
367,378.02
523,499.68
394,433.685
429,332.39
204,321.445
356,414.965
235,274.665
322,366.95
433,338.16
152,168.01
465,576.715
194,149.41
333,328.015
449,467.455
152,274.295
222,300.35
3619,3569.625
765,662.09
405,457.385
251,367.795
311,299.44
253,317.86
663,590.43
380,370.02
363,355.775
756,651.095
343,447.425
367,396.98
183,280.68
570,509.705
414,416.03
722,751.895
545,543.99
328,344.83
886,943.215
140,182.85
444,504.11
691,623.245
316,498.075
494,473.175
243,205.665
188,219.975
643,561.55
554,761.825
354,516.42
278,285.335
492,405.945
482,400.485
281,347.305
229,296.505
406,406.025
380,455.59
306,250.245
548,553.185
320,315.105
455,460.865
225,260.8
458,552.02
257,329.235
463,488.98
204,198.05
888,735.225
332,411.39
490,553.085
239,327.86
221,282.89
825,788.83
261,347.365
264,236.83
598,503.035
923,893.215
365,277.51
445,612.475
199,260.695
570,604.19
881,851.545
458,487.39
341,240.93
346,267.745
347,313.805
293,401.225
326,302.91
512,548.43
249,299.005
253,258.865
279,334.05
383,397.61
316,268.855
535,403.775
533,506.375
443,286.715
683,472.495
275,298.42
511,440.225
558,528.445
288,371.575
216,406.32
536,553.03
415,461.7
298,252.14
331,298.005
366,405.755
611,518.795
322,284.55
302,415.025
334,440.605
252,349.72
319,369.655
288,368.275
292,307.39
173,166.58
278,313.315
186,338.9
592,539.28
302,254.95
523,390.35
318,425.02
312,335.1
483,483.92
368,272.835
382,390.69
222,309.995
513,490.325
316,475.59
693,636.715
762,643.38
418,429.605
186,310.04
174,310.63
309,318.465
425,450.995
289,283.225
271,423.905
255,401.55
324,470.865
340,323.9
648,556.325
402,512.705
338,374.38
436,384.585
286,318.62
470,496.585
613,532.68
296,416.855
204,242.895
205,219.975
350,309.11
384,396.87
576,425.385
365,364.66
221,231.12
491,586.38
413,432.065
377,346.525
499,419.665
212,292.38
286,379.79
653,637.59
308,361.76
303,323.705
525,438.14
891,793.545
456,429.415
388,347.305
216,253.01
379,441.27
223,240.9
480,541.3
716,495.81
302,417.26
1521,1403.59
935,975.685
678,486.7
268,210.53
760,615.805
589,489.42
779,662.815
520,580.085
265,225.78
477,416.905
218,369.79
220,384.72
512,480.515
230,217.17
224,225.755
340,469.61
542,556.85
588,478.32
414,394.94
623,558.505
174,248.865
793,593.385
470,480.3
447,389.685
241,247.65
518,507.38
512,562.825
427,424.195
228,252.73
140,237.11
269,283.64
404,406.745
242,316.345
344,377.315
300,355.61
629,546.635
242,313.695
217,207.89
432,435.325
203,243.005
285,271.025
151,202.76
487,373.72
440,311.09
301,241.69
296,235.255
540,552.715
265,203.01
311,398.765
472,460.07
176,208.975
293,275.23
218,227.37
193,319.465
393,481.855
243,267.86
490,591.79
492,453.795
313,437.355
160,222.52
829,823.92
626,648.025
569,638.68
299,303.875
537,588.445
305,340.82
246,301.4
480,530.49
647,601.875
316,358.055
301,259.155
402,352.785
481,406.91
391,366.955
402,440.625
614,584.445
399,286.295
690,675.395
729,761.695
276,327.685
543,490.28
595,548.185
400,384.775
462,387.175
804,917.38
579,590.47
207,267.99
384,423.98
440,331.555
310,367.455
743,586.53
366,279.405
431,379.23
274,362.81
280,375.49
633,550.575
794,912.975
337,275.955
484,481.64
291,260.93
284,229.065
456,347.075
350,291.36
449,391.865
546,445.335
619,497.79
602,543.065
206,216.015
408,487.64
615,619.12
258,370.57
326,457.01
381,493.72
496,396.38
491,650.92
230,318.47
280,450.71
340,346.215
417,434.37
768,894.18
292,330.24
502,547.475
488,477.075
312,343.455
400,336.005
491,376.335
507,461.155
609,523.305
519,525.0
301,324.74
471,479.58
455,490.875
570,561.095
235,225.905
240,189.515
905,780.965
536,558.82
559,498.07
189,339.175
549,482.025
292,413.31
552,490.085
539,489.365
824,853.54
418,541.9
306,224.96
455,486.38
197,237.96
2120,2164.585
780,793.425
606,583.22
109,176.025
401,434.295
492,456.64
349,368.84
316,253.085
578,476.935
567,458.27
343,464.87
8704,6226.595
570,596.98
477,355.79
712,720.205
791,679.2
292,335.945
558,408.76
570,649.08
272,251.72
233,329.875
453,476.445
446,346.375
236,281.525
487,376.84
579,432.645
333,560.66
428,422.69
292,237.79
407,429.505
532,447.285
314,324.535
301,434.195
3904,3727.45
253,273.825
222,307.01
496,340.125
664,562.585
500,528.55
197,238.425
1023,889.61
463,347.585
331,223.655
508,465.025
297,349.56
205,251.39
618,599.825
257,364.455
492,537.65
331,295.275
529,520.465
450,465.29
281,209.83
383,316.295
681,807.91
213,226.11
172,234.91
747,648.2
317,347.645
165,209.98
632,613.75
216,229.0
456,423.035
305,306.985
146,250.495
306,287.765
447,443.505
595,602.095
344,478.745
277,288.325
968,811.125
608,521.51
293,283.37
215,308.365
236,264.88
395,317.33
356,308.97
325,275.13
449,554.84
446,683.595
1041,999.4
392,423.315
559,546.785
532,469.65
395,337.325
473,524.51
578,569.56
225,233.69
375,516.7
319,272.695
258,244.12
562,428.8
436,520.41
253,411.81
754,738.755
463,508.205
208,187.24
399,375.615
438,444.715
558,519.805
455,407.93
241,244.6
625,542.78
233,246.07
229,213.105
1032,844.015
215,220.14
418,349.07
396,519.48
621,475.07
362,502.705
574,484.165
484,364.65
398,429.41
303,327.66
747,627.65
325,452.22
79,141.875
605,490.865
300,326.245
550,557.265
338,401.695
336,341.535
348,292.525
259,363.865
267,260.185
657,579.705
171,283.565
753,841.23
739,609.965
594,647.16
270,360.49
538,562.685
362,342.38
353,235.18
704,575.755
502,383.465
718,783.06
287,314.87
315,477.135
583,705.19
584,475.67
248,292.86
439,474.97
335,408.295
3027,2978.76
99,261.34
596,632.59
483,484.31
119,137.99
433,407.875
372,335.24
595,595.475
217,387.595
429,371.455
301,489.42
2232,2348.75
275,419.25
500,410.72
267,271.97
710,558.71
552,575.51
284,327.55
174,271.09
189,251.275
528,420.845
417,541.37
293,229.045
499,442.355
199,182.14
1216,1372.22
569,441.09
277,272.51
430,457.62
415,479.17
288,311.6
471,406.165
375,376.57
438,349.07
260,260.475
327,410.615
404,510.58
302,333.96
600,596.0
168,245.425
383,440.37
369,310.99
446,482.13
313,458.155
127,277.91
473,401.335
496,402.51
350,353.44
373,340.59
510,377.58
227,238.34
476,416.885
406,523.39
367,321.385
604,732.6
289,411.365
835,867.28
519,409.475
249,321.28
866,855.525
2465,2401.02
636,567.0
607,596.95
676,785.525
227,314.335
377,403.15
661,546.625
310,322.74
468,563.29
544,492.09
408,555.8
3346,3496.79
286,409.62
338,374.995
258,301.01
356,435.345
599,479.41
386,373.075
248,277.49
606,596.965
489,322.945
351,414.61
232,320.05
324,355.385
312,305.845
383,389.915
336,451.465
392,511.865
179,253.0
181,289.605
383,364.64
735,731.89
483,508.015
201,192.09
313,331.295
352,410.525
234,238.165
227,256.48
201,265.095
260,387.41
416,450.615
433,393.74
496,615.145
395,338.565
350,302.75
1018,878.895
243,205.57
388,365.82
342,341.42
185,199.89
296,339.415
196,243.26
307,373.015
280,393.56
226,256.14
878,841.48
220,258.45
606,620.385
919,869.19
332,429.9
389,421.855
257,296.68
378,323.885
263,213.155
994,975.03
277,282.015
226,262.3
349,355.42
369,510.815
473,394.405
300,377.245
376,431.045
532,502.595
187,262.835
341,309.795
679,629.79
279,265.375
666,568.455
161,179.04
485,368.765
652,600.07
287,237.74
945,838.195
342,433.855
589,560.125
409,395.11
318,255.09
635,566.575
282,248.57
179,156.56
235,244.76
255,318.785
557,524.75
175,264.32
586,477.55
313,301.095
479,361.32
415,397.5
139,242.475
235,295.235
190,300.46
376,347.305
206,238.94
195,280.195
293,326.84
569,562.26
195,154.25
344,382.515
251,243.025
316,308.1
2022,1977.955
335,346.52
233,235.955
510,494.605
238,392.845
467,577.23
398,295.11
492,534.09
261,195.92
420,541.925
1965,1871.675
311,213.275
234,252.905
362,389.26
207,220.095
178,245.89
365,338.925
698,579.94
646,765.495
161,160.305
331,283.94
285,295.8
381,542.785
197,250.64
441,338.315
646,583.2
638,639.295
164,227.885
327,483.96
160,253.025
389,543.175
471,472.85
281,260.97
939,768.92
296,327.12
281,247.575
418,481.7
558,498.68
338,341.6
303,262.32
228,295.99
307,441.655
373,573.525
276,375.745
550,701.99
581,623.965
224,225.415
307,242.77
657,583.15
615,691.835
384,276.85
236,322.88
690,764.9
420,324.795
422,350.57
506,459.86
337,363.955
731,601.255
525,450.19
180,204.785
462,493.595
341,293.06
200,357.96
325,479.135
387,468.975
130,220.19
358,331.775
235,212.86
428,505.525
619,616.93
404,369.735
662,569.99
353,388.15
530,376.335
287,267.895
186,281.0
263,266.64
595,596.56
473,369.6
550,547.265
262,324.62
394,345.895
619,494.19
638,601.755
447,489.25
294,305.9
445,592.645
685,880.47
559,448.735
442,397.015
793,897.07
495,520.345
235,238.23
240,244.005
281,474.265
326,238.15
206,211.39
365,336.615
320,300.775
581,487.855
528,600.965
264,309.925
395,372.04
871,890.93
439,491.285
532,424.855
347,364.955
554,461.095
751,599.765
468,432.285
863,769.69
224,236.46
637,785.365
924,876.855
385,340.475
300,266.96
553,396.25
493,442.165
404,321.885
461,528.285
326,410.905
347,492.89
266,330.03
504,389.46
355,411.3
500,480.715
382,505.725
479,505.545
630,757.31
357,351.325
324,363.5
475,536.085
531,407.715
145,270.975
226,405.68
366,424.955
290,285.055
415,454.69
381,321.285
549,423.83
174,225.28
299,236.7
428,411.89
326,292.265
532,396.545
478,404.415
299,410.085
445,442.33
210,186.31
257,392.505
476,497.02
211,283.41
278,440.665
342,301.405
701,752.56
358,239.145
470,377.895
403,445.275
391,416.53
419,426.24
486,482.07
1021,820.89
329,315.445
250,213.365
194,274.795
755,647.18
73,154.63
293,317.815
231,222.0
285,228.35
446,372.385
293,349.23
833,810.79
416,418.475
602,579.71
205,283.585
204,246.765
223,270.45
616,512.85
268,243.98
544,507.28
515,474.18
468,423.42
237,211.32
464,560.085
319,360.89
653,637.8
375,312.28
207,254.98
302,426.835
427,467.905
628,506.0
4584,4810.725
148,231.185
438,522.31
269,215.24
523,394.02
496,469.38
642,558.955
260,255.65
348,469.215
350,442.355
359,286.19
626,806.005
550,468.57
369,306.945
630,437.695
516,370.405
359,391.72
822,765.37
296,236.505
340,299.645
182,292.64
387,501.37
452,398.455
611,562.39
399,388.26
477,538.7
437,388.505
540,598.675
507,446.0
315,293.65
217,373.24
550,496.11
502,351.095
313,268.54
590,524.95
814,827.135
293,261.125
324,498.5
469,391.41
463,433.42
425,357.97
304,257.43
306,440.58
429,399.89
980,782.685
343,221.16
305,377.68
291,336.525
181,250.835
259,266.275
439,425.065
296,323.0
488,413.75
891,671.52
183,225.72
252,300.425
206,222.905
422,393.295
399,405.385
269,242.03
191,225.48
279,240.265
405,312.315
167,230.51
590,469.725
275,317.595
230,223.15
380,413.23
308,338.98
527,359.35
344,391.8
733,721.265
409,350.105
238,297.22
485,395.2
404,389.4
651,798.54
223,276.57
186,219.29
306,322.735
3864,4058.02
245,276.22
564,459.43
130,131.625
199,267.135
471,522.845
527,557.37
811,800.6
599,499.74
321,302.86
500,467.205
714,733.89
638,585.585
264,376.995
234,339.945
193,147.06
361,470.315
934,996.055
195,221.295
307,248.955
238,347.995
768,671.735
581,740.17
513,428.635
508,500.115
175,243.765
359,427.985
592,422.445
617,592.57
680,504.99
584,544.61
261,307.38
169,212.525
1824,1929.68
169,267.24
429,421.05
803,663.795
651,537.48
681,520.365
508,525.395
667,638.865
612,497.395
467,398.3
264,347.83
372,429.13
921,811.595
400,359.795
508,501.105
318,339.665
815,868.7
567,587.08
340,415.76
374,488.745
460,420.465
348,512.55
314,279.89
419,542.425
220,269.93
734,779.03
249,241.49
273,231.575
999,986.165
474,447.74
1016,1005.18
604,524.48
711,647.05
649,497.905
319,301.41
879,949.23
365,272.46
253,360.06
471,507.615
371,350.96
194,173.285
449,443.12
767,769.03
384,369.405
317,403.675
343,354.855
552,425.165
181,229.825
299,355.08
562,569.37
287,279.6
903,960.85
446,484.335
244,282.385
898,840.41
479,542.105
152,137.415
627,531.265
885,868.865
128,236.265
339,409.355
194,262.535
781,672.315
199,229.325
548,429.98
910,732.945
569,647.4
139,236.465
3966,3818.395
538,649.0
204,171.115
894,747.355
807,700.92
400,300.025
244,249.14
240,335.235
860,820.305
314,226.08
698,691.63
255,367.56
623,497.135
264,346.575
157,234.78
282,223.16
112,286.845
334,356.91
384,447.48
268,338.12
231,281.59
196,236.97
274,339.935
291,309.025
255,321.535
146,259.945
242,247.08
464,473.37
245,197.875
390,373.245
398,509.675
499,389.315
147,217.455
168,261.025
130,166.86
450,458.275
214,352.3
615,658.095
351,464.0
369,283.82
423,461.66
616,507.99
486,549.77
240,242.885
257,341.51
371,251.0
521,405.24
293,376.195
308,290.05
571,593.82
434,466.085
403,299.16
327,347.755
412,409.045
558,538.35
398,223.62
103,219.29
288,223.52
237,451.32
399,292.54
340,378.195
978,846.3
279,278.86
629,554.605
620,509.475
338,429.115
415,292.005
163,165.47
418,361.27
443,409.61
609,657.06
243,225.285
558,472.645
200,242.645
293,359.985
519,543.315
474,405.36
448,347.72
253,243.19
883,901.435
302,274.52
667,537.68
416,452.675
342,318.21
670,539.23
145,236.04
355,445.69
320,306.475
460,346.745
193,227.895
192,305.095
346,286.02
364,292.555
603,433.83
397,397.875
528,442.885
729,802.22
449,414.225
544,434.765
338,433.23
270,303.245
816,787.21
517,495.68
379,464.06
420,423.23
603,544.645
323,473.655
475,442.47
376,359.4
342,279.89
246,234.325
456,634.38
518,617.855
427,373.01
545,553.755
440,578.425
316,220.495
635,683.165
903,849.115
437,516.675
213,243.02
873,854.45
139,243.05
171,272.65
618,437.66
384,375.04
467,518.93
162,163.23
951,838.19
398,439.595
558,479.505
501,490.97
617,455.845
365,417.32
272,244.32
351,302.52
324,292.14
279,290.91
337,280.72
255,198.255
343,273.705
130,236.765
199,249.37
353,335.675
429,487.14
532,419.31
472,364.04
196,197.21
380,291.515
291,361.05
514,392.14
410,322.515
258,300.295
562,409.955
480,465.8
837,951.425
390,461.855
326,388.705
588,574.11
330,426.0
816,881.555
466,428.32
331,213.24
481,501.06
276,225.65
615,451.355
535,547.06
511,507.45
326,394.895
763,578.17
337,307.375
925,963.73
664,678.525
381,520.745
562,513.725
348,373.065
280,376.075
293,358.82
296,266.515
552,604.715
476,436.61
296,261.825
184,257.11
531,425.875
243,234.205
305,260.555
514,567.345
365,343.965
418,467.77
529,477.49
315,272.35
450,476.39
578,397.99
157,230.565
150,321.435
467,572.215
415,400.075
630,564.56
325,341.35
564,481.55
356,387.685
366,295.89
353,327.94
222,245.47
489,393.26
473,440.3
484,426.62
215,200.19
857,903.19
248,309.3
569,627.745
376,359.145
543,598.235
725,623.705
816,674.17
256,275.415
269,198.79
241,360.41
186,331.32
177,230.83
476,451.195
279,261.52
951,890.88
256,263.7
679,660.31
353,336.265
263,248.905
626,460.48
454,409.005
444,419.41
420,382.645
1027,946.725
283,243.13
437,421.97
293,376.33
329,373.36
557,475.98
442,455.485
1016,978.24
251,219.225
344,332.425
583,506.695
739,609.885
663,598.78
567,690.505
648,641.005
362,320.075
218,345.995
515,346.925
230,373.54
246,275.145
261,411.885
118,209.34
265,369.73
312,300.815
357,379.54
317,268.24
604,540.98
635,605.335
183,238.3
421,479.845
610,680.955
523,443.46
368,220.73
382,484.2
609,466.035
355,490.445
453,380.93
371,381.155
471,369.595
648,501.715
213,347.985
464,474.51
734,765.25
325,331.5
194,256.37
350,286.705
194,271.525
305,371.625
432,396.155
462,401.935
364,242.56
421,379.58
774,762.375
603,672.17
574,463.415
599,480.4
227,307.45
497,533.21
610,455.075
527,527.155
229,401.08
303,277.16
215,227.015
255,420.65
640,547.615
281,344.315
633,687.435
247,210.485
433,372.295
244,289.0
307,267.375
728,873.365
395,384.785
359,477.025
172,242.365
246,228.44
267,332.605
506,588.98
131,245.75
290,477.39
250,388.145
329,377.995
284,256.265
257,259.45
354,237.625
470,380.92
425,565.33
289,227.56
389,231.66
373,397.07
145,186.78
561,506.55
537,526.205
1058,1022.805
208,168.8
377,462.57
439,432.41
628,450.005
1017,925.93
597,607.69
599,590.89
391,419.65
428,480.34
783,676.325
102,214.28
681,530.22
260,303.015
325,430.67
447,615.51
269,272.835
583,693.0
232,438.245
493,542.395
191,253.5
328,395.395
235,221.145
331,224.955
272,322.735
719,816.915
647,728.675
415,627.665
392,327.22
232,369.175
500,459.065
316,381.23
275,262.51
538,458.765
316,421.43
523,602.59
286,298.425
413,401.05
226,226.185
288,299.16
562,602.205
246,282.585
1024,844.105
543,514.065
473,431.86
313,388.365
505,493.46
294,337.465
166,274.325
629,477.5
331,295.84
526,617.195
519,499.87
531,409.315
405,387.175
246,379.485
282,213.15
295,357.255
325,389.45
1584,1730.41
851,927.64
513,531.36
395,384.78
397,364.095
422,546.01
300,294.855
277,407.6
454,385.015
808,763.445
215,294.145
574,536.67
458,457.73
235,238.225
608,596.01
576,496.735
173,208.01
254,224.235
804,863.685
333,340.62
433,328.255
484,686.93
323,297.835
770,730.04
494,409.28
247,260.68
425,449.18
368,349.555
593,600.505
310,258.465
719,800.93
313,272.635
933,780.06
591,482.41
190,236.545
635,647.725
404,435.78
256,294.115
433,413.085
334,319.16
486,510.96
422,476.335
970,770.465
292,362.775
206,251.625
383,431.785
158,241.145
168,184.67
248,206.575
297,283.3
352,383.235
450,412.665
624,625.245
228,274.445
232,294.42
299,412.815
191,297.515
580,583.43
629,497.25
967,915.98
618,467.785
550,482.615
177,236.49
340,338.115
383,372.485
469,388.99
318,334.22
447,486.89
151,264.74
268,366.665
361,460.2
279,309.92
282,337.635
274,263.965
351,239.065
431,420.305
373,350.955
319,388.48
555,369.555
532,600.965
258,292.825
539,562.12
246,231.645
297,360.945
664,614.16
942,894.43
357,343.775
321,287.575
237,275.4
564,424.87
622,488.16
219,257.4
387,367.895
202,233.63
4880,6259.005
249,365.885
443,524.025
410,534.095
335,378.01
418,388.455
491,487.095
344,249.525
456,463.235
492,534.195
480,579.795
550,454.67
516,700.375
160,215.435
246,286.1
287,387.025
404,295.69
295,302.715
264,317.665
458,455.83
281,261.915
205,296.045
409,387.17
372,329.575
289,385.745
274,291.705
572,605.765
763,686.98
464,475.375
450,547.02
943,785.545
805,839.795
491,555.37
368,363.53
451,375.225
290,236.645
375,435.455
670,805.47
997,796.25
926,784.565
524,424.065
378,408.04
701,711.235
169,306.01
273,277.54
303,334.955
270,333.4
544,593.975
277,238.65
332,295.085
698,765.69
410,375.195
378,551.925
342,415.29
217,257.84
218,349.13
131,232.21
617,550.38
522,424.11
489,366.015
460,611.12
307,254.38
641,441.945
224,175.925
335,278.995
497,389.275
286,271.57
366,501.37
567,454.725
320,238.96
667,517.46
145,194.275
310,328.375
904,887.05
593,727.11
294,373.32
649,520.28
260,307.32
442,515.635
210,246.64
379,454.175
124,220.16
262,335.815
342,339.62
245,213.83
363,325.3
438,396.55
638,628.345
402,385.92
305,497.91
492,564.22
251,212.55
725,668.02
557,402.74
816,785.14
384,383.04
276,240.64
677,730.63
466,523.945
258,249.38
297,264.14
231,244.415
376,296.77
257,291.415
392,311.185
802,871.535
614,490.465
992,989.78
908,832.05
371,282.135
283,255.875
291,251.315
955,902.395
435,336.595
159,177.435
849,788.435
271,398.435
325,384.42
581,455.125
297,331.285
447,397.735
582,521.315
597,484.53
290,283.965
1014,953.035
320,395.77
317,315.755
516,471.47
517,573.035
265,248.19
442,523.26
460,549.04
316,236.835
438,557.335
330,330.335
424,404.975
794,786.985
294,248.95
413,385.7
323,414.035
204,250.69
517,555.505
497,468.125
269,395.8
122,240.21
392,354.75
772,771.3
655,467.885
254,290.145
235,221.325
647,549.71
265,277.105
258,243.7
381,389.59
439,455.245
314,321.515
637,568.585
467,572.025
236,268.765
289,345.445
409,442.715
690,630.665
439,555.825
523,506.925
523,672.945
363,296.305
485,439.68
269,193.5
410,461.695
254,225.205
366,328.625
589,579.84
559,478.205
598,476.82
307,462.345
328,295.545
885,862.41
295,276.935
382,304.05
381,520.875
268,243.78
346,439.13
247,228.85
406,377.87
405,525.04
404,527.295
336,248.71
284,242.47
291,203.42
285,248.28
584,423.61
320,259.69
352,430.435
677,633.19
218,259.2
625,635.39
220,217.46
580,436.645
195,322.82
343,249.595
154,237.7
613,647.49
926,706.51
263,294.19
317,249.895
311,419.76
703,624.72
230,229.78
842,677.145
618,576.965
386,463.945
488,480.845
753,732.035
337,322.02
476,436.65
338,422.53
427,514.145
167,223.565
131,247.9
367,421.85
768,823.325
157,239.795
296,371.005
160,250.12
785,678.47
206,283.945
156,228.905
261,221.19
270,254.645
170,252.625
425,490.22
273,315.02
360,341.58
195,270.385
367,446.155
492,474.48
216,300.85
446,648.19
295,331.235
402,486.57
374,509.805
341,395.205
302,455.645
793,612.745
396,406.685
350,297.895
284,254.275
713,730.23
446,435.455
266,446.53
700,708.88
312,295.015
929,899.8
282,256.545
369,334.96
294,260.165
309,295.015
626,499.825
533,391.815
900,819.91
453,459.335
507,365.545
664,681.595
761,603.745
449,411.635
319,227.915
326,279.18
420,476.405
358,377.995
290,291.415
293,238.555
369,300.45
477,474.185
539,589.74
408,356.84
152,210.49
888,812.49
582,525.63
338,262.385
324,412.72
618,588.42
488,369.945
399,285.15
503,420.045
544,434.285
192,368.355
564,502.745
462,457.205
371,231.86
346,318.075
794,768.265
418,406.0
479,421.925
639,696.36
460,401.655
159,213.605
203,263.89
282,244.855
529,486.58
584,725.505
421,470.01
381,288.315
444,442.66
587,588.11
263,227.35
238,256.375
490,415.3
156,143.785
261,269.105
175,244.645
858,736.185
479,486.695
502,428.005
408,452.22
678,631.96
215,239.375
393,377.58
2226,2233.18
165,254.24
308,521.845
578,659.6
262,348.5
329,367.93
162,246.69
338,399.61
377,382.255
472,560.58
660,545.41
544,441.165
305,279.255
288,235.95
594,586.315
341,440.17
418,437.86
363,264.85
510,369.395
867,839.895
642,531.855
365,452.76
302,308.985
304,238.83
826,796.055
376,363.855
485,487.6
238,341.01
417,396.32
463,522.335
403,351.445
622,591.1
398,280.705
232,221.465
238,317.965
352,301.415
375,343.64
421,321.245
102,207.625
781,595.54
586,534.96
324,479.545
439,347.14
454,555.68
403,412.51
486,392.43
424,488.37
558,720.035
573,508.215
394,260.89
164,207.76
353,337.555
281,258.705
1050,907.895
409,328.585
395,411.065
268,409.23
268,365.305
427,477.51
563,481.24
596,573.525
287,254.2
459,428.355
594,553.08
394,463.16
552,672.74
141,169.73
201,270.86
382,442.97
393,329.245
251,280.71
671,672.5
414,423.1
249,340.305
522,432.29
184,313.33
641,675.875
406,386.255
246,268.82
514,431.395
246,200.38
456,390.24
324,450.96
457,489.415
857,810.925
279,187.605
228,201.665
419,366.845
427,281.62
3976,4129.08
418,435.455
316,397.615
440,314.98
519,383.26
269,377.855
885,715.58
333,416.34
238,189.97
740,686.425
800,902.485
335,389.86
511,409.825
313,248.705
685,635.53
333,432.89
253,218.72
540,503.775
921,892.76
498,537.09
175,152.485
620,598.455
538,533.385
594,545.215
408,499.79
651,644.41
257,240.135
898,878.26
538,392.095
499,608.905
257,200.7
197,181.99
733,823.92
243,209.92
449,408.0
286,234.74
664,716.565
258,338.28
293,288.76
447,331.91
507,505.88
328,434.455
408,327.375
549,636.37
329,283.345
325,258.615
912,813.16
365,446.8
614,530.995
485,374.74
532,433.535
879,701.99
449,504.485
541,655.2
158,211.55
395,371.325
399,462.67
369,229.485
363,359.685
623,622.535
206,317.99
996,973.865
265,323.545
149,198.445
258,403.56
379,433.455
347,471.465
877,774.72
373,375.52
237,262.955
392,413.555
262,411.05
607,591.74
562,418.515
485,385.625
928,818.915
489,515.01
329,257.06
557,500.285
243,337.07
440,490.895
255,254.71
372,295.825
391,379.43
541,453.31
620,609.79
266,224.155
641,645.65
272,346.19
207,273.57
402,406.505
358,281.385
620,578.905
457,462.475
148,160.74
248,200.64
576,464.025
747,681.245
370,296.815
714,605.47
215,177.1
411,329.49
423,395.115
509,431.785
277,230.655
247,354.465
195,253.035
587,455.82
600,473.395
330,249.655
238,259.92
638,537.285
350,376.64
232,276.94
361,411.435
742,704.555
610,369.995
425,282.48
544,478.13
532,388.16
2112,2136.715
366,356.11
874,886.615
293,331.285
362,404.465
472,517.665
616,530.42
406,378.86
621,480.215
497,405.86
520,431.02
657,757.51
162,263.43
485,366.395
334,327.39
396,300.6
347,375.865
971,1005.155
195,282.425
582,680.29
294,300.175
336,340.505
375,408.825
221,312.695
543,513.58
151,237.115
547,428.68
634,595.545
221,250.495
668,679.305
330,309.06
218,207.175
531,493.76
167,230.51
253,255.545
264,380.945
172,252.675
469,399.325
206,367.685
425,281.495
581,393.9
440,395.835
533,389.255
316,479.05
467,411.325
145,269.475
317,412.665
666,512.615
600,420.925
216,223.35
172,195.985
341,325.77
196,232.865
223,200.405
149,242.255
345,517.55
440,412.25
680,569.68
466,434.55
600,521.4
292,390.22
398,471.86
123,185.89
226,230.01
642,742.015
345,258.505
316,428.885
585,733.9
528,530.885
788,614.27
430,331.455
177,215.035
124,181.435
612,574.58
273,204.13
324,367.095
504,487.255
261,251.465
304,211.045
442,552.845
890,788.085
297,298.57
498,558.435
212,242.335
347,309.955
414,303.535
442,356.72
320,301.33
511,479.71
508,426.71
383,468.745
281,224.045
460,348.5
288,223.345
470,348.08
636,473.62
373,444.72
625,547.335
222,257.34
612,569.15
475,468.685
509,546.735
400,313.81
213,340.255
336,308.72
445,466.2
491,520.285
508,407.44
185,256.99
927,890.635
679,443.185
191,227.805
465,353.45
336,238.435
328,294.085
238,261.91
782,708.38
329,381.945
726,767.77
495,482.885
344,457.605
465,509.425
217,189.75
1031,1010.495
403,352.875
791,708.99
343,462.83
688,562.16
502,402.445
208,195.31
372,478.325
190,256.435
491,395.525
506,684.67
454,420.925
840,778.16
395,505.26
252,214.745
296,207.765
353,374.79
476,388.33
284,510.635
310,236.755
257,247.34
510,388.945
169,225.97
496,572.435
123,242.8
134,235.615
649,607.5
254,316.415
505,396.59
468,349.35
301,357.525
618,491.54
541,507.795
472,544.865
309,338.335
290,290.95
236,288.185
227,232.845
344,430.695
316,268.655
382,393.255
256,255.085
393,332.64
354,416.405
529,476.62
346,349.74
270,236.345
532,592.35
780,838.03
466,517.86
959,799.755
535,497.26
628,538.485
343,286.065
652,634.165
258,222.97
271,380.515
473,412.84
208,238.51
339,358.86
429,440.2
634,520.365
515,567.84
593,537.46
393,319.75
528,460.51
306,346.45
368,300.735
766,725.4
492,438.55
263,183.1
315,242.16
521,479.495
530,545.265
402,366.805
634,616.385
400,371.14
395,309.205
298,493.515
402,333.22
4256,4354.48
512,510.55
297,258.3
224,371.49
227,287.435
278,413.72
478,406.35
295,272.76
214,225.66
541,523.63
815,817.18
310,484.09
292,282.09
256,214.385
579,675.88
325,302.38
344,513.685
412,444.585
163,253.09
442,455.45
353,320.63
309,320.475
445,532.405
3135,3342.48
443,503.0
480,469.14
520,413.99
272,247.095
448,438.4
407,535.09
439,533.24
391,318.01
208,234.37
229,359.94
156,279.09
197,351.26
374,444.165
1055,978.66
420,400.205
240,213.7
552,565.305
321,277.745
436,369.845
1020,950.62
273,383.35
439,534.51
379,512.11
350,384.325
999,928.51
244,238.005
364,438.555
353,450.195
258,269.55
376,264.355
415,346.395
471,523.25
395,429.445
441,396.095
371,310.425
252,244.475
863,900.81
267,241.555
377,466.765
256,360.35
672,829.86
570,607.65
329,399.005
209,225.76
172,221.125
436,495.065
608,633.365
342,364.315
525,602.37
364,386.145
256,242.725
353,376.25
524,562.975
600,405.245
233,244.475
290,426.625
577,391.89
232,241.46
318,361.465
661,553.21
484,451.115
320,386.08
583,452.015
474,416.83
704,693.29
1554,1396.775
510,491.54
192,264.43
442,401.415
345,364.895
458,459.41
401,519.615
203,331.49
466,340.24
924,890.505
297,453.82
471,519.835
252,244.28
441,360.12
613,507.59
601,514.39
361,406.045
190,396.53
537,565.39
246,229.18
325,316.0
326,302.175
807,624.95
732,601.16
709,738.23
226,364.505
5796,6065.955
485,374.945
1002,965.96
516,585.94
413,532.05
238,339.385
385,296.115
596,486.575
216,294.32
159,226.465
389,319.59
551,397.465
616,549.105
228,281.21
245,230.355
163,204.325
303,334.63
311,371.475
153,136.53
453,468.665
261,266.46
112,196.305
304,296.795
537,611.865
269,241.52
407,475.34
205,261.51
333,315.56
495,469.095
204,236.61
391,390.95
199,245.87
183,251.14
375,481.51
737,736.51
531,409.83
257,326.86
276,224.645
545,415.615
286,247.7
264,335.225
594,464.665
198,265.115
549,617.235
516,520.66
509,525.845
320,382.02
222,342.405
221,227.855
320,288.11
493,539.915
380,453.135
513,399.905
2904,2812.83
177,239.32
294,356.93
293,290.06
383,437.435
498,320.755
173,179.55
468,527.29
347,408.12
1062,867.11
229,262.04
389,363.465
560,672.6
263,344.645
686,622.86
461,357.98
157,220.09
386,468.515
733,566.75
847,933.08
612,448.965
212,208.11
293,398.735
163,158.47
245,216.14
283,400.9
206,228.05
318,284.39
435,360.25
607,560.495
187,205.815
283,432.975
202,177.8
486,468.28
337,371.89
517,492.55
162,229.25
240,205.63
260,256.155
446,359.245
278,275.085
328,330.505
465,434.785
316,287.515
369,389.3
378,345.325
379,320.94
446,364.665
319,419.34
568,407.985
252,252.535
222,284.09
417,403.745
475,294.815
306,283.79
352,291.08
341,433.275
546,473.035
582,515.655
335,419.54
880,742.49
317,300.76
770,647.095
834,783.18
481,423.795
446,398.57
268,369.555
709,642.84
216,181.53
342,311.375
289,263.57
115,204.475
514,547.45
252,229.2
450,385.01
414,475.27
247,410.02
234,257.94
451,392.05
452,362.04
317,357.265
672,531.765
327,351.66
434,347.12
339,345.43
1013,848.475
539,414.335
282,381.68
293,309.865
301,212.605
200,208.87
445,382.045
347,402.015
379,385.5
418,495.805
274,350.04
243,217.875
421,412.845
308,351.38
489,409.225
258,398.455
563,409.955
459,458.97
565,622.06
316,332.805
276,352.54
279,284.08
428,440.46
706,676.865
388,333.22
569,414.855
293,321.325
116,145.575
565,524.465
836,855.81
655,712.695
570,543.41
249,223.205
670,575.14
299,345.4
286,256.195
651,718.075
899,801.045
325,405.515
279,350.415
315,374.805
437,392.795
282,278.685
508,587.515
414,400.87
221,263.95
393,473.765
169,190.015
266,225.255
417,450.195
333,289.68
355,347.095
337,368.58
202,250.02
450,530.55
309,263.67
370,272.69
514,375.31
381,543.75
766,764.6
455,346.515
127,253.715
513,439.975
367,293.645
343,518.42
510,433.895
194,247.575
359,356.665
135,250.475
313,267.46
417,349.135
154,239.625
422,491.155
620,565.98
424,433.83
200,252.41
319,539.28
680,571.025
446,543.065
421,400.81
302,277.72
211,231.785
380,345.56
184,229.825
468,412.045
780,849.655
480,388.05
438,444.44
519,430.52
299,352.27
304,194.975
304,350.15
235,301.995
244,195.6
4096,4083.56
202,199.975
405,322.79
515,685.81
427,276.9
406,416.125
412,370.865
1042,1006.565
422,299.095
349,279.5
287,230.345
242,233.7
226,289.595
285,400.405
458,373.12
239,191.935
414,408.315
474,392.32
519,457.925
365,272.455
305,327.24
445,395.86
521,533.565
629,614.42
802,817.1
270,307.145
480,412.335
642,544.13
275,313.085
295,233.97
566,612.115
612,538.2
185,230.025
555,613.49
593,498.375
373,437.78
162,199.27
345,354.075
363,387.255
432,409.675
2728,2485.83
482,454.195
416,442.82
509,441.755
526,463.09
202,297.525
301,281.755
254,354.955
273,239.415
364,495.275
568,462.24
335,368.165
263,273.32
310,342.195
322,350.81
681,591.055
274,286.375
947,732.96
366,351.35
569,568.595
669,633.995
687,574.85
446,483.05
456,447.625
640,633.07
403,561.985
581,459.995
252,355.94
411,249.35
311,272.105
464,380.6
331,300.42
539,512.515
347,282.06
342,319.065
310,373.68
185,232.34
615,575.52
424,416.015
962,872.585
264,297.535
861,872.25
313,381.515
209,281.1
246,241.64
299,232.22
580,589.67
189,365.575
433,370.08
553,589.73
430,395.04
260,277.85
420,559.285
231,284.16
608,621.685
248,396.505
210,264.265
549,524.755
368,431.62
417,349.35
392,381.7
186,249.665
287,292.965
210,269.67
489,354.6
303,342.375
383,303.285
661,545.98
253,230.755
285,263.34
322,323.12
2248,2193.71
251,206.725
940,998.46
494,554.225
264,310.775
390,449.475
210,230.34
619,570.505
290,287.95
3768,3513.995
1062,912.7
338,240.095
258,361.84
475,440.24
315,362.795
502,423.93
689,562.995
889,727.85
307,429.245
501,414.98
368,321.755
339,328.97
312,340.925
452,416.175
279,245.555
351,457.485
933,715.515
316,469.495
363,384.725
166,282.835
215,284.1
277,256.07
223,280.325
209,231.59
250,290.49
552,523.615
240,229.975
454,565.72
452,430.75
489,484.04
350,478.745
644,506.84
239,190.475
299,410.345
258,434.7
600,551.265
650,703.175
461,394.26
301,235.29
219,213.465
2646,2518.67
367,294.67
448,485.105
158,319.035
359,355.7
480,359.295
348,226.62
467,426.45
427,524.23
446,341.38
441,333.66
486,557.825
815,817.915
212,220.355
392,485.64
377,359.675
237,325.34
358,335.29
120,213.675
383,419.355
801,811.595
213,274.21
267,263.355
576,483.35
445,477.18
195,223.565
822,733.955
283,332.145
225,286.845
206,225.96
227,232.92
267,341.895
266,273.85
309,307.54
906,852.665
286,272.585
614,558.45
368,369.91
147,167.375
357,274.525
335,313.68
837,800.865
503,536.78
462,357.845
324,368.0
367,480.74
275,467.86
406,417.485
807,713.76
203,166.27
323,423.325
676,640.5
196,274.68
280,351.83
338,232.065
191,256.105
336,226.265
249,332.08
581,610.16
726,588.34
538,425.955
282,339.475
416,326.965
3759,3664.3
865,773.5
368,345.18
653,505.62
404,292.465
293,244.495
6192,6023.585
370,345.78
951,863.54
331,229.925
461,531.41
297,306.25
202,208.57
463,537.51
574,454.565
871,737.735
134,247.48
215,401.185
363,281.12
791,668.955
879,874.45
349,270.815
342,420.345
407,484.62
961,870.365
306,241.15
460,580.58
408,321.89
508,408.89
390,451.58
426,357.425
498,451.575
234,250.17
740,722.63
281,378.66
234,256.855
287,252.26
431,385.645
770,745.565
289,372.7
768,615.84
513,333.71
226,232.51
247,457.535
405,350.82
570,444.56
455,448.485
308,239.18
172,227.89
382,515.095
326,348.49
447,375.075
319,238.8
294,382.01
351,354.095
500,491.875
310,238.59
513,611.635
378,450.65
2648,2579.71
419,425.245
561,389.66
477,387.1
612,750.52
328,254.38
590,608.665
410,445.49
738,573.34
516,413.52
356,434.34
319,414.78
231,245.965
665,548.47
290,351.65
303,327.755
382,413.005
569,726.85
380,321.79
290,303.66
613,479.78
331,463.235
366,289.77
250,289.06
554,591.56
486,540.41
348,287.285
295,305.305
774,828.05
572,688.155
442,377.38
986,1017.2
376,353.455
202,254.19
307,399.09
508,639.95
325,402.305
391,464.45
596,522.12
845,678.47
293,374.405
491,410.655
358,278.015
494,406.255
259,211.845
613,672.31
170,213.8
492,476.95
365,365.65
518,414.275
380,430.68
421,348.425
292,340.79
570,604.51
306,351.47
513,407.29
286,268.265
782,783.87
3255,3114.86
151,138.475
246,229.69
472,491.605
660,663.485
431,447.05
265,389.705
257,290.15
589,499.455
560,658.455
530,584.265
265,253.985
329,287.8
490,495.365
558,561.11
411,452.84
472,524.58
387,332.01
614,529.35
416,262.44
375,425.31
223,386.99
444,511.585
883,807.035
509,398.74
323,289.64
339,304.155
449,350.21
643,545.175
346,253.675
407,302.77
252,331.985
215,248.465
404,367.555
476,518.67
561,441.37
591,568.63
492,431.33
296,335.29
745,635.145
821,729.66
293,307.215
170,142.695
795,791.6
658,766.435
475,433.605
212,231.69
637,669.805
396,395.93
814,937.135
309,280.175
301,256.955
170,246.665
393,406.345
336,345.57
3544,3400.255
249,215.54
238,266.305
309,270.495
355,408.79
466,412.925
284,243.055
571,574.375
293,255.025
400,457.505
569,524.215
304,235.035
987,975.125
404,532.16
248,254.89
225,182.645
333,379.645
691,771.6
449,472.21
283,262.74
681,489.315
371,388.075
423,411.05
459,433.37
803,773.94
338,297.625
273,273.74
737,807.495
557,461.135
383,329.78
203,223.48
761,729.265
154,146.185
521,392.625
400,352.71
464,361.03
843,961.975
664,609.54
360,501.02
244,225.85
416,546.15
432,362.62
540,486.575
240,438.7
606,470.47
296,257.55
309,396.87
245,372.105
899,797.305
622,522.45
510,659.88
358,339.71
413,357.405
462,443.04
762,736.045
820,751.855
254,250.465
463,508.02
513,413.855
751,813.775
245,260.775
568,704.455
468,490.31
321,370.76
138,218.65
239,227.38
534,594.805
223,257.965
454,500.055
823,781.165
256,336.915
524,459.7
537,599.735
325,271.58
304,262.515
632,719.11
329,309.94
286,282.505
257,245.865
282,446.645
251,257.805
300,228.075
328,328.12
337,313.915
281,228.935
371,381.44
520,425.82
217,317.925
757,656.12
309,281.31
647,650.735
275,379.91
749,692.29
428,460.335
686,672.04
485,429.45
556,513.73
314,378.47
457,606.795
495,415.845
377,348.85
220,296.75
476,554.475
600,659.685
405,398.265
224,268.23
248,228.225
500,415.535
2247,2243.15
334,284.76
301,341.5
579,444.525
406,345.245
301,316.155
340,475.4
531,492.96
314,461.615
359,329.78
595,557.015
604,513.54
201,205.67
426,440.435
219,173.025
335,415.74
344,480.065
488,424.145
198,254.31
501,357.375
451,442.775
295,422.555
309,278.875
269,243.195
215,180.725
428,353.495
272,244.055
238,380.555
410,326.21
241,287.65
191,215.06
530,426.11
368,398.505
271,225.255
277,302.045
303,416.015
800,634.84
469,627.975
218,234.345
179,245.19
205,235.075
534,483.845
478,432.31
312,382.485
191,198.65
321,442.86
462,409.535
269,286.83
278,317.405
582,484.305
922,938.295
1852,1647.94
411,486.5
207,243.455
317,472.795
771,827.905
284,270.51
270,283.095
403,345.88
360,415.085
355,290.515
509,546.115
420,401.535
324,412.495
275,452.38
307,333.31
1812,1985.655
298,290.575
377,305.325
206,232.36
576,668.1
577,423.52
375,382.83
525,631.13
563,419.21
661,487.75
151,242.8
685,548.815
345,447.125
554,487.77
230,217.17
524,519.95
190,193.28
729,703.73
195,220.27
686,615.4
387,239.175
480,500.245
460,478.735
314,369.5
882,951.885
270,301.125
222,236.385
370,455.61
335,253.335
1052,896.01
955,839.2
364,430.03
387,336.91
425,436.995
1140,1390.64
496,517.975
3178,3244.905
219,299.92
490,543.215
685,733.185
304,400.24
677,792.585
786,849.055
369,308.505
327,260.41
341,467.445
306,328.64
887,761.33
595,681.035
516,517.925
367,255.535
625,615.475
198,262.59
403,509.625
306,271.76
415,372.46
232,286.45
450,445.44
638,484.235
447,516.245
449,418.255
756,737.025
264,282.855
319,407.265
295,346.34
552,546.325
427,518.595
241,216.47
643,512.755
570,588.155
563,534.48
216,256.77
401,360.105
518,422.35
490,513.76
709,862.345
336,358.31
203,290.065
167,286.48
212,200.395
116,134.945
319,283.31
325,417.895
212,183.865
661,543.965
322,373.77
400,387.64
1017,1031.87
289,235.65
287,275.01
263,305.235
305,295.46
427,364.3
255,228.075
448,516.8
331,275.59
552,467.435
432,474.45
383,348.005
258,385.51
352,364.945
497,369.8
1025,884.98
246,191.98
369,333.45
442,362.14
587,594.205
476,396.965
907,737.77
195,290.165
538,630.18
506,522.805
148,202.43
597,625.995
334,398.02
810,615.665
530,531.51
282,356.935
261,369.455
310,308.365
288,251.5
423,343.705
288,328.18
249,364.535
1016,1023.14
1074,878.655
444,361.845
286,400.65
335,503.455
240,284.645
507,571.12
479,468.63
457,456.905
232,311.91
235,244.475
87,133.4
269,376.095
438,358.3
565,521.05
324,255.69
228,423.545
633,440.68
177,163.765
284,229.97
405,433.025
530,624.79
884,821.37
474,516.575
991,960.225
325,267.71
557,570.745
452,507.06
271,248.74
457,405.845
287,287.46
348,435.675
393,367.345
588,454.265
599,591.275
684,728.46
676,750.29
504,419.84
279,310.2
85,188.58
489,517.65
317,367.95
257,252.3
400,327.885
396,298.7
166,309.08
537,470.365
585,442.77
405,429.435
172,187.97
358,286.515
597,618.395
304,419.115
541,613.89
521,554.5
364,425.995
567,581.18
302,254.245
228,305.775
335,323.36
295,412.13
480,547.21
211,156.615
483,441.98
883,864.14
557,488.375
715,632.215
589,532.21
507,459.785
558,736.59
187,236.61
339,286.61
267,211.265
229,284.405
398,376.38
714,572.55
404,559.95
305,376.375
418,448.435
286,348.26
358,242.76
608,578.405
408,377.985
380,302.365
446,512.265
656,504.575
327,299.495
826,906.415
506,437.78
179,184.145
385,311.435
153,244.11
327,371.99
309,417.585
621,610.56
278,321.025
389,295.48
396,368.76
654,501.185
628,457.285
405,272.07
276,352.375
803,617.015
399,393.94
319,262.87
516,474.26
203,194.16
381,373.22
462,413.79
500,640.16
202,184.545
569,464.31
518,388.05
341,275.42
266,222.93
346,336.2
1044,1054.72
408,331.825
904,799.32
317,293.14
591,487.815
355,303.65
484,544.48
575,596.21
291,364.61
757,846.495
377,270.745
367,296.485
397,311.94
368,512.715
422,471.875
457,522.715
416,421.02
915,737.085
359,352.17
409,351.225
520,533.355
248,259.38
263,258.31
155,190.595
358,436.73
388,410.1
964,921.265
172,221.01
391,427.475
141,178.7
499,534.525
192,192.255
442,381.42
409,534.29
538,650.32
696,740.115
292,330.7
519,510.775
199,250.525
376,333.555
459,486.91
405,421.965
651,541.335
155,296.38
247,282.01
346,411.68
422,498.815
426,408.905
311,351.645
304,298.44
371,391.485
516,434.04
348,353.145
373,354.315
500,620.425
393,422.36
363,347.485
463,364.955
263,219.245
707,564.83
664,658.53
809,701.385
343,382.89
418,504.845
507,526.25
471,361.75
374,453.52
388,402.025
445,380.335
278,380.29
354,406.53
1560,1424.555
337,426.84
517,500.84
614,580.66
428,486.99
551,525.17
467,512.995
367,333.58
405,601.465
753,657.26
505,507.54
534,432.595
197,252.145
427,501.745
409,502.75
368,431.51
356,271.525
241,309.445
277,251.335
137,238.89
432,356.415
286,396.34
317,233.64
292,236.675
303,281.135
451,311.245
485,495.075
344,345.205
675,593.145
271,348.635
192,211.47
460,439.65
399,417.8
332,293.995
438,547.855
286,354.465
217,323.83
190,261.715
457,549.955
214,282.49
171,216.15
314,280.85
308,248.36
328,358.88
414,574.05
215,215.17
692,510.04
184,240.55
232,296.07
213,276.145
397,477.865
113,294.43
722,552.025
322,323.47
281,328.97
401,451.675
656,529.435
274,248.655
243,372.47
152,137.065
488,393.725
461,564.39
509,607.155
740,734.585
429,430.18
331,236.92
343,281.775
379,576.38
385,459.195
741,809.255
798,775.915
912,1004.345
274,415.02
216,226.635
349,355.505
417,396.905
390,491.055
241,233.245
158,192.53
252,274.125
593,503.41
564,578.255
312,350.83
249,379.015
593,507.29
1224,1224.585
297,273.545
414,345.315
417,349.15
613,526.94
656,557.25
253,307.69
522,498.65
177,196.445
289,244.955
397,329.695
269,244.895
305,385.405
373,319.725
205,206.99
545,478.28
395,297.195
244,309.945
957,990.355
636,477.41
363,343.13
365,358.945
654,624.97
179,184.04
474,444.84
622,557.83
382,366.245
273,223.46
619,562.89
488,440.135
320,400.12
331,296.1
596,579.835
246,347.885
356,304.185
257,445.06
321,346.525
274,227.91
384,385.06
425,563.98
314,453.095
266,225.895
653,680.705
400,401.18
308,259.485
294,450.595
569,466.36
519,677.585
546,488.735
298,451.61
354,366.585
168,325.98
294,275.365
665,721.815
729,688.995
296,369.32
200,289.72
578,436.535
588,550.275
276,312.845
682,563.17
462,431.41
493,426.29
699,591.09
249,288.865
151,243.21
234,281.02
343,364.64
325,374.395
287,249.885
219,376.515
508,455.265
507,544.085
726,868.13
278,450.755
271,353.7
436,502.915
277,299.705
389,396.915
638,542.32
209,296.335
211,219.115
595,576.36
402,351.57
305,372.885
490,446.64
181,181.4
398,429.66
358,311.395
730,632.345
357,302.385
256,298.515
648,642.975
308,334.31
415,480.17
687,552.91
988,1002.185
597,481.37
235,362.4
383,423.165
230,272.615
151,137.845
456,379.035
594,385.53
295,313.525
173,257.99
706,740.995
268,415.65
161,167.855
622,653.62
266,275.885
297,322.64
547,433.88
163,255.4
532,475.47
632,463.09
271,212.8
163,223.54
329,428.115
482,419.47
264,232.535
602,553.21
370,391.735
306,372.43
404,411.625
218,328.165
648,776.84
583,714.54
412,453.62
303,373.195
244,300.3
289,381.975
240,297.435
458,338.765
288,279.855
423,487.02
6256,5852.895
577,461.55
267,246.22
197,196.725
552,535.495
973,811.06
601,535.185
333,466.955
281,316.705
511,469.375
384,443.815
524,488.61
887,843.59
190,200.915
365,581.84
341,337.23
345,388.82
538,404.025
344,433.405
304,204.275
423,484.69
274,215.715
619,560.38
351,359.395
284,233.725
583,488.7
293,268.33
336,367.66
217,254.005
456,419.06
282,269.235
476,572.775
350,396.58
790,678.59
526,505.445
249,378.99
385,487.415
583,524.22
733,621.815
201,225.295
59,229.2
260,285.905
465,546.895
167,226.905
215,223.715
386,346.58
426,513.39
3505,3482.54
487,366.455
647,596.07
255,218.82
203,224.77
517,553.61
382,521.565
297,308.055
612,581.585
303,427.98
505,402.065
1400,1282.67
553,460.18
351,356.14
563,582.315
277,376.52
203,236.495
547,576.01
634,499.745
210,257.03
322,454.905
274,363.12
116,236.475
542,623.045
512,594.97
533,503.45
500,475.88
703,695.23
386,386.11
379,307.795
181,239.77
399,402.745
234,180.1
5187,6304.795
865,908.15
537,434.805
438,443.19
500,412.065
225,224.465
287,400.28
412,399.265
832,653.315
252,228.23
375,355.465
219,219.57
534,423.95
509,624.35
285,306.37
582,511.57
618,524.895
311,241.935
438,567.355
938,925.915
289,273.615
283,224.68
736,582.535
559,491.1
540,360.67
408,367.685
819,701.655
239,214.34
604,443.735
422,339.755
523,351.735
148,140.275
204,369.61
924,925.62
648,503.515
568,447.065
893,785.64
336,280.63
500,431.34
828,690.275
418,464.02
445,621.195
436,506.27
478,502.86
174,224.785
465,514.475
564,680.12
476,368.645
295,295.76
340,386.04
793,655.21
266,222.055
885,919.49
288,403.295
301,243.115
347,356.865
218,204.27
184,168.885
205,248.565
313,240.235
686,598.115
362,333.275
424,384.545
451,488.765
256,273.16
795,707.8
941,866.19
186,381.82
510,545.205
345,457.245
589,516.88
635,532.0
164,225.245
400,445.33
201,244.84
493,500.64
1480,1575.005
294,225.245
287,414.07
218,265.61
884,792.475
887,825.245
342,303.33
374,398.515
372,291.2
287,270.62
290,262.16
523,469.58
420,424.51
292,287.26
301,426.33
481,509.805
148,207.6
307,292.18
406,529.04
204,182.43
416,486.06
134,217.615
843,872.285
494,425.745
733,857.28
308,299.825
423,352.465
205,260.415
244,289.28
652,539.235
200,255.275
2395,2213.195
577,527.8
566,608.265
185,241.395
362,277.48
583,580.375
320,462.86
588,665.0
358,508.065
270,289.975
548,536.745
713,891.95
437,404.63
694,759.135
373,334.945
985,797.88
411,499.655
523,563.62
717,665.055
780,831.61
862,930.63
296,228.0
272,401.47
172,242.3
223,386.12
746,842.655
214,219.47
747,649.48
363,273.175
273,227.595
529,680.07
687,485.645
144,223.775
399,341.675
608,458.075
507,423.835
516,586.165
248,254.765
580,570.815
336,302.175
401,428.01
633,670.085
507,566.525
504,519.385
311,406.34
389,389.47
200,263.71
949,834.825
245,387.31
393,291.12
906,878.35
507,497.39
525,576.04
342,371.415
182,201.97
536,574.98
167,192.665
166,175.51
439,380.805
534,508.78
645,603.805
285,346.875
285,257.085
619,593.18
491,400.45
358,353.305
235,355.745
672,523.645
250,325.375
450,306.875
103,96.56
268,250.665
415,347.77
346,264.76
302,283.6
201,276.62
602,464.91
656,690.75
252,335.955
567,609.465
389,526.585
320,419.165
374,234.99
565,462.705
410,427.465
325,278.155
407,465.33
314,362.425
330,291.23
528,475.51
217,243.085
503,476.945
444,416.63
358,404.86
239,277.765
291,370.555
235,327.355
577,657.655
307,262.195
723,521.69
224,265.935
174,203.91
159,160.64
253,384.8
585,528.335
317,318.495
2135,1973.585
236,318.81
358,347.64
359,260.93
346,424.91
354,371.88
447,431.155
656,652.85
686,524.875
466,402.39
526,427.81
823,747.065
404,418.045
234,315.465
359,381.42
230,232.045
600,477.405
265,217.44
550,562.315
466,517.11
214,393.075
291,282.225
357,421.38
307,381.985
341,405.14
566,573.22
549,395.17
571,422.425
366,363.205
747,684.185
683,562.62
420,286.475
263,285.385
322,361.83
188,270.305
396,372.825
459,553.82
382,437.0
681,508.795
442,515.55
278,293.18
380,310.035
443,491.09
169,155.22
321,374.34
675,716.53
415,413.62
621,704.97
512,412.445
327,360.755
462,522.33
645,556.86
213,275.01
410,314.7
275,351.615
558,460.13
297,273.62
275,246.38
322,325.08
313,273.865
383,469.91
750,786.28
192,315.38
455,435.12
296,212.695
517,507.175
300,268.48
423,432.865
318,274.485
305,370.23
463,548.28
229,268.435
502,424.68
489,339.295
210,259.215
326,332.175
425,353.45
225,260.995
299,424.725
493,430.77
495,410.735
557,572.89
374,279.235
130,151.0
593,472.87
185,200.26
544,545.93
484,530.61
352,339.625
158,240.575
589,477.585
473,476.61
322,488.405
275,240.71
324,365.6
120,164.145
238,279.425
252,333.455
401,333.675
369,288.24
566,438.41
241,313.73
346,301.155
221,197.25
807,896.115
328,281.575
226,263.315
342,431.215
360,367.805
669,635.35
534,435.195
506,462.755
413,349.03
507,612.405
2865,3049.93
831,939.415
234,294.785
372,330.495
398,600.74
328,418.76
335,291.615
364,445.125
368,366.81
390,442.58
226,233.6
201,212.255
344,469.745
410,415.115
864,680.695
338,306.78
519,456.885
501,430.85
453,455.495
422,461.605
347,373.38
276,376.23
650,593.535
284,232.18
327,321.37
263,235.405
239,301.84
811,735.39
250,290.405
290,219.84
447,477.19
746,614.765
234,320.225
465,386.91
315,279.895
209,237.585
299,286.995
391,435.67
261,429.645
234,253.415
1600,1539.245
243,296.04
300,328.015
790,771.57
315,293.145
518,484.955
402,411.755
594,490.565
266,369.455
463,402.55
574,558.35
521,404.88
723,769.275
290,323.085
219,274.42
274,222.84
456,464.27
1095,934.31
310,435.185
563,746.925
246,248.855
293,384.8
586,439.395
201,232.025
204,296.205
354,349.99
143,240.715
238,243.545
499,422.86
385,290.825
450,532.41
404,440.21
272,329.055
501,380.525
529,420.175
434,305.48
587,549.745
690,706.09
250,381.715
672,772.18
158,226.515
659,570.8
213,366.79
197,276.39
439,635.68
909,880.21
735,675.645
419,369.68
448,434.525
470,566.885
548,458.035
415,604.715
800,834.685
356,332.725
574,493.85
361,340.65
342,322.585
477,438.61
474,394.57
1015,1036.445
276,375.135
537,390.17
364,446.635
423,559.82
612,590.92
447,455.01
299,349.14
253,318.825
470,347.155
252,222.075
459,488.63
333,380.385
448,483.6
175,272.1
310,239.62
314,388.375
511,562.245
211,208.25
204,161.175
126,155.55
368,270.085
301,240.585
390,346.61
188,227.06
1009,941.52
214,248.65
511,463.1
103,212.81
299,481.605
152,278.175
247,260.675
220,345.685
2220,2015.99
469,393.29
469,348.49
212,242.51
273,284.695
611,559.45
270,298.0
523,488.575
562,529.425
256,287.675
464,433.57
480,449.295
713,676.145
473,516.635
408,358.96
312,364.2
351,366.075
409,382.155
231,287.53
496,508.77
196,231.03
898,965.505
250,345.79
447,384.48
443,492.54
906,881.625
397,467.73
508,539.385
213,239.025
447,617.31
311,224.87
602,449.71
478,476.575
342,303.425
179,272.785
786,611.63
929,876.12
210,268.33
341,505.255
378,350.33
847,687.425
442,519.655
508,386.35
353,231.93
263,381.895
329,367.7
471,375.22
397,407.645
346,388.955
282,289.085
437,392.29
430,396.23
327,280.195
490,523.66
565,535.215
201,229.035
384,383.275
289,470.035
200,233.85
463,441.58
814,610.645
789,825.22
501,345.4
351,330.53
1045,965.58
288,356.415
497,562.07
436,506.095
328,311.975
485,396.495
238,248.955
632,562.06
220,234.265
244,241.855
422,538.81
771,748.475
233,247.015
483,457.06
523,465.38
355,319.235
254,239.425
279,278.065
417,433.19
247,227.23
168,150.43
345,387.58
463,504.705
520,538.62
315,234.14
399,435.84
1920,1832.835
621,657.51
422,271.895
420,415.35
360,457.3
292,346.885
369,312.135
851,901.85
611,548.55
210,218.085
645,517.095
214,253.98
1022,894.37
397,297.47
545,486.38
543,431.9
269,417.46
544,573.83
432,258.99
208,288.215
442,415.165
868,869.935
451,362.925
185,280.875
257,306.295
248,439.22
433,398.365
409,320.135
626,717.835
481,490.87
336,409.415
449,343.99
440,439.96
198,261.11
234,207.125
360,382.8
353,309.355
271,311.68
425,438.395
480,449.98
389,416.95
528,497.925
243,381.175
418,448.16
589,595.395
378,322.165
293,220.62
323,353.445
379,488.45
529,590.495
182,236.76
454,525.61
368,303.245
587,530.06
968,969.735
696,716.88
322,257.675
344,378.515
275,302.29
351,347.815
398,464.53
141,252.295
491,546.73
302,252.21
585,549.125
508,537.61
441,369.24
309,453.17
364,290.47
676,595.025
894,877.52
560,512.6
2268,2513.39
612,629.765
498,399.325
450,488.725
514,444.65
216,229.62
106,230.87
426,455.26
412,301.9
573,390.695
222,230.165
462,409.895
533,537.685
300,424.925
331,342.485
489,459.0
452,485.88
424,460.215
460,445.435
123,254.505
481,537.48
775,667.0
149,136.86
305,353.225
451,341.43
596,514.485
287,304.83
295,290.155
425,337.87
330,348.01
329,380.435
472,354.26
249,240.215
379,438.17
261,237.395
611,565.085
775,881.84
597,706.9
551,537.095
346,367.915
655,556.54
234,218.53
313,291.425
305,216.585
273,225.53
919,726.15
938,873.23
547,533.955
1684,1648.36
535,559.86
403,394.52
368,509.34
489,557.71
352,328.93
408,537.06
177,228.885
439,482.455
239,233.12
356,382.005
398,502.65
495,484.735
587,481.05
406,545.335
553,487.16
489,448.91
149,210.665
573,581.925
527,465.65
346,383.32
225,296.72
352,417.975
891,909.11
331,303.065
419,551.775
2400,2568.995
219,220.63
305,371.17
385,338.24
189,254.86
335,355.955
309,228.285
617,471.395
429,475.365
430,414.075
520,433.57
531,475.35
303,225.875
659,721.05
363,299.145
806,729.54
400,508.12
198,241.225
347,390.13
441,534.86
434,569.4
193,179.475
565,536.89
545,659.225
388,475.705
407,452.54
210,366.4
452,408.45
582,511.795
789,771.82
227,215.6
405,280.51
506,404.22
1000,991.325
625,595.255
435,395.15
412,454.635
258,402.835
3708,3677.48
711,611.31
317,391.69
602,601.455
257,208.235
207,336.725
900,897.87
541,485.995
809,774.865
293,290.805
444,389.165
511,479.945
345,326.25
314,339.12
237,248.845
500,429.79
301,458.22
498,530.635
395,371.3
868,640.92
424,312.025
211,200.225
373,415.405
462,548.195
308,384.695
718,596.39
207,242.05
479,410.115
598,499.485
353,446.57
217,319.945
584,463.07
657,750.625
1576,1693.215
364,445.055
624,479.26
302,396.37
545,546.07
351,430.185
461,470.97
494,379.195
258,342.67
379,393.355
755,831.84
512,453.495
301,312.95
308,331.615
613,513.565
864,809.71
291,273.555
462,430.245
407,523.665
186,289.63
475,379.67
715,545.87
317,257.58
959,789.625
332,252.785
467,641.505
711,748.85
231,335.215
125,255.89
339,397.535
712,802.43
275,326.61
350,303.205
281,388.485
267,252.79
307,251.5
605,529.595
344,518.61
346,335.12
585,635.01
313,451.21
545,469.18
263,443.62
262,274.13
455,417.28
136,237.62
284,294.145
236,257.32
371,377.895
351,239.82
737,720.645
320,338.31
394,323.575
187,164.085
139,262.55
444,403.215
754,876.29
267,310.715
191,271.03
360,324.5
238,201.97
504,375.91
265,427.26
309,391.25
364,339.83
754,727.405
433,367.27
474,383.61
426,350.69
235,271.525
330,353.56
266,249.82
348,536.555
457,421.84
440,472.13
191,373.34
691,678.495
446,539.285
338,525.255
294,221.6
314,297.065
1066,1002.655
349,249.105
471,498.905
985,800.765
723,594.95
578,752.75
483,454.77
229,382.515
267,281.455
391,406.405
328,401.48
187,221.95
325,286.425
608,567.63
541,580.415
257,230.755
889,746.465
375,316.58
487,331.955
414,455.53
330,291.58
242,203.865
1635,1487.565
259,292.65
422,314.1
484,501.355
268,240.165
383,375.485
606,534.925
293,290.13
2644,2712.47
317,235.725
218,315.915
322,315.45
264,278.105
822,741.43
242,370.9
344,237.715
474,367.735
333,259.26
367,318.365
306,319.595
241,259.455
286,262.27
356,466.79
156,182.355
623,604.915
348,327.065
309,420.53
235,195.59
738,593.275
656,495.845
406,433.6
538,424.64
269,318.72
360,296.635
194,243.96
174,252.18
513,559.29
233,216.985
604,398.91
360,460.57
511,362.535
775,676.61
191,256.44
111,231.035
273,294.935
233,225.645
214,273.575
364,242.95
341,453.81
242,304.42
556,427.91
370,425.58
476,427.54
234,281.83
594,617.66
629,651.81
237,371.27
356,458.72
558,402.62
385,430.46
644,603.965
392,419.99
533,404.185
291,266.31
243,218.13
434,384.42
402,389.625
259,247.42
356,421.84
487,411.825
721,875.98
546,431.675
520,462.135
781,670.4
387,453.76
295,293.555
537,418.655
310,269.69
494,442.62
627,609.935
435,476.805
471,496.045
586,593.63
475,413.33
560,533.775
221,293.94
327,296.635
384,242.47
727,583.715
499,534.38
248,305.1
510,373.86
591,650.05
880,838.145
210,303.405
653,584.41
439,452.89
484,433.78
603,483.225
328,330.075
258,304.01
369,423.035
263,239.375
343,395.96
301,387.905
256,253.98
667,714.49
228,262.62
554,652.93
195,225.03
552,528.89
261,246.155
455,424.36
407,278.365
325,308.615
313,250.905
330,404.535
671,624.055
339,513.15
483,393.27
299,315.13
175,218.955
330,312.445
550,533.07
288,370.05
630,590.28
199,337.48
278,373.24
164,269.475
275,378.87
175,296.085
907,734.93
486,522.465
506,443.215
664,743.55
321,241.895
420,584.43
282,325.47
657,574.945
565,634.33
722,723.425
202,228.415
467,422.515
248,258.14
267,277.71
382,297.165
270,347.205
473,379.45
244,346.68
410,393.85
403,386.815
168,290.125
463,374.79
635,696.545
344,367.035
222,205.52
207,182.54
294,318.21
310,320.535
188,188.695
584,576.375
741,798.045
267,238.31
176,223.0
565,520.59
449,411.845
194,162.75
215,263.68
368,442.47
296,486.475
113,251.63
131,241.2
260,278.655
343,308.695
598,585.6
210,245.26
610,652.415
260,291.915
734,716.16
274,260.375
870,901.165
321,255.875
327,272.455
235,397.735
454,446.14
243,263.875
317,246.82
373,351.68
242,365.73
536,499.045
386,401.345
583,669.12
357,291.97
321,338.57
182,234.065
188,417.59
1024,1014.4
382,473.485
556,548.875
679,711.975
252,297.215
208,290.58
382,369.87
224,200.8
571,591.72
1057,1004.695
682,831.215
239,279.37
234,218.945
468,372.885
383,450.355
367,392.39
386,462.47
648,617.535
453,342.345
548,389.45
304,279.165
602,479.525
230,248.49
825,776.975
607,473.395
391,293.465
302,430.115
413,528.91
501,462.785
524,486.25
556,564.425
205,216.93
412,361.11
357,300.38
791,640.46
163,265.74
193,205.89
328,238.74
299,230.9
231,237.515
903,948.885
204,208.94
274,379.595
429,396.2
323,240.115
325,284.715
584,437.1
367,293.38
293,426.045
479,550.0
605,824.05
431,350.475
391,362.935
178,153.41
566,509.44
218,230.2
645,576.85
621,515.215
257,394.76
730,529.645
351,298.165
489,371.315
259,283.815
527,543.065
498,664.005
272,245.59
361,371.435
337,334.42
235,228.3
321,340.93
579,396.87
511,729.72
492,707.08
303,344.55
305,409.995
701,551.58
148,288.265
278,322.805
357,348.66
254,254.45
473,360.715
400,403.605
634,681.36
383,428.825
816,789.385
880,725.335
327,400.955
465,498.035
243,208.01
358,338.27
762,578.42
528,414.2
500,366.99
245,306.53
420,301.475
347,435.97
239,196.355
537,634.785
760,759.02
339,347.195
260,249.985
346,327.53
374,384.165
362,261.95
268,229.54
267,395.63
863,808.65
415,419.155
256,286.0
490,429.645
431,415.845
347,437.815
524,492.48
244,265.63
531,581.745
558,398.245
285,232.895
478,377.09
232,348.845
300,256.35
577,596.765
901,847.335
501,718.77
480,399.18
232,299.27
303,243.78
503,573.035
288,226.21
333,382.815
806,855.105
352,380.945
390,289.735
392,369.11
247,230.455
439,391.66
484,514.01
442,481.375
352,288.635
311,314.85
1021,873.13
413,310.885
381,355.03
487,431.41
349,366.705
245,238.66
626,581.715
352,431.02
359,372.67
320,440.45
420,387.09
350,233.09
135,146.3
407,514.46
123,229.0
195,272.265
236,178.125
351,357.655
381,303.915
535,484.175
234,366.155
202,362.12
294,346.05
667,625.56
407,295.45
429,294.755
393,309.285
877,713.885
916,837.845
575,605.26
724,590.22
315,451.68
414,369.61
872,824.44
486,530.335
454,510.55
236,252.355
272,254.195
287,321.455
392,298.175
330,260.42
399,438.465
427,394.51
309,243.965
239,332.285
397,373.545
224,347.545
376,359.715
104,160.975
136,125.805
336,427.87
339,371.645
551,436.19
374,376.715
536,568.41
321,248.47
594,404.92
347,344.14
565,506.985
658,619.225
445,529.66
361,438.72
311,306.005
164,193.08
382,407.93
479,448.355
433,446.475
227,229.485
355,360.37
394,392.47
192,251.785
225,240.04
134,231.375
366,366.095
611,561.095
522,532.83
666,768.985
640,632.795
348,317.095
194,275.83
691,706.62
207,275.32
307,332.45
443,317.485
935,791.905
599,524.01
467,389.005
192,328.08
504,554.1
533,483.56
459,467.55
325,407.095
355,328.365
414,572.975
303,241.125
344,344.12
452,381.885
364,366.535
661,570.065
683,491.89
520,543.27
161,159.305
889,775.45
203,259.67
832,813.775
578,502.58
291,283.065
701,597.545
367,458.72
390,451.12
621,715.215
537,506.45
134,210.985
323,446.445
290,255.47
302,353.085
667,646.19
449,312.525
676,752.83
375,557.75
395,362.455
337,347.38
703,524.91
486,427.345
356,282.185
853,923.125
461,525.49
5796,6274.665
470,476.1
305,344.23
303,271.545
288,438.1
360,287.55
200,178.005
480,502.485
244,333.015
159,233.91
495,395.755
705,784.805
237,226.925
494,513.745
391,436.215
522,464.71
290,344.43
523,396.55
468,411.76
208,282.115
293,298.835
686,770.475
552,428.92
508,368.54
387,261.55
137,245.555
363,405.535
463,370.865
303,264.53
366,353.205
492,487.28
156,239.36
419,426.9
307,280.2
287,379.585
465,445.45
516,492.81
348,313.795
296,300.18
428,377.51
305,248.025
120,235.54
462,400.12
586,484.73
230,304.77
646,750.495
401,328.48
561,481.475
295,424.685
470,489.9
241,284.55
145,186.205
379,394.2
491,473.47
348,414.87
667,466.39
609,692.88
540,496.14
663,589.72
919,974.795
936,921.78
415,348.605
232,321.55
657,647.57
295,385.665
509,359.195
460,575.6
209,290.765
304,453.815
496,552.66
238,296.345
247,348.655
488,477.905
353,370.95
156,239.155
382,292.18
537,546.385
481,448.165
452,401.08
275,284.99
160,140.51
294,387.6
561,457.08
394,308.75
493,411.35
365,372.185
230,267.93
311,426.82
226,194.595
223,243.885
547,480.37
258,392.11
568,582.51
238,208.195
481,392.72
579,533.57
450,407.89
231,353.2
346,372.31
291,215.695
443,459.505
557,714.5
267,301.75
614,544.32
548,497.53
576,456.76
287,303.05
665,646.31
474,399.235
492,384.57
206,227.24
388,355.28
245,227.095
584,465.685
252,249.165
572,577.915
207,215.075
448,636.275
402,329.04
395,423.36
421,499.465
848,805.265
446,482.98
172,305.02
487,655.75
541,399.055
223,391.56
673,683.265
322,393.72
568,479.05
218,320.585
404,567.64
449,478.425
511,468.885
4746,4918.33
576,554.47
341,360.895
277,245.115
354,387.885
201,269.89
346,301.665
231,284.3
213,249.2
565,416.955
274,233.745
573,498.1
389,437.81
259,277.7
365,428.055
186,294.48
307,303.33
505,473.455
393,341.925
587,613.74
323,394.115
123,161.27
532,492.38
575,484.86
351,394.92
201,236.995
256,247.585
265,370.415
388,258.02
364,505.435
912,914.815
432,537.465
311,243.68
421,375.26
431,410.835
554,406.23
264,357.025
513,509.7
920,935.09
704,612.15
377,298.585
186,262.655
221,322.01
617,454.875
207,255.41
391,349.955
388,366.145
300,297.95
220,277.09
315,259.25
117,238.74
352,392.915
240,248.675
354,289.84
111,245.065
259,329.655
433,272.75
426,439.125
461,397.89
138,239.37
419,468.61
349,432.295
615,602.64
570,358.535
428,486.64
494,450.24
420,504.01
365,318.055
6559,6104.32
285,234.595
552,397.825
364,329.915
318,337.23
403,341.635
974,971.36
1010,952.22
362,349.725
505,689.61
246,211.45
337,421.855
996,872.47
451,509.62
271,241.225
258,234.77
296,272.805
267,356.04
362,388.505
203,322.29
486,362.335
299,194.71
394,320.17
256,393.57
498,508.245
342,438.825
288,312.465
324,400.2
554,500.965
3270,3243.5
363,336.62
272,372.315
181,344.665
340,249.94
974,896.285
790,759.205
495,382.725
232,229.19
505,413.225
421,375.705
382,258.345
494,490.99
212,309.16
323,306.81
361,299.24
247,294.995
505,510.97
551,548.51
567,586.28
640,720.275
558,506.19
367,291.08
274,245.94
221,293.145
296,334.81
296,313.155
550,472.19
325,312.995
272,357.84
377,440.045
504,428.86
667,645.415
988,1021.74
539,433.5
837,813.72
283,418.89
393,405.345
257,228.17
277,223.46
299,284.87
309,361.9
254,324.58
470,557.695
416,454.325
546,462.18
433,348.315
280,257.3
825,965.23
137,254.68
621,695.9
538,370.33
314,390.335
3224,3229.735
363,470.945
256,340.735
214,174.775
377,433.62
378,286.225
509,665.83
359,243.645
595,598.695
1100,924.875
219,329.81
448,475.72
453,527.61
348,254.205
558,453.275
650,659.33
2776,2545.85
707,727.505
307,296.31
271,351.945
302,371.22
312,224.45
186,366.875
227,258.205
300,447.005
469,492.175
582,649.28
575,580.065
201,375.42
340,344.695
423,365.76
282,351.76
350,291.3
251,209.53
590,585.04
590,589.17
238,256.365
800,826.54
289,381.585
169,229.385
292,255.51
572,458.475
468,531.745
522,581.505
281,233.75
653,549.93
249,342.615
338,383.975
394,479.305
335,277.305
429,380.12
461,437.61
452,464.175
673,558.86
896,845.945
304,427.59
231,257.89
541,544.1
362,316.5
332,441.25
271,322.285
219,351.35
251,385.02
571,534.66
295,258.12
356,310.03
198,207.695
492,474.455
284,272.63
251,232.84
488,537.4
294,289.29
476,459.655
346,304.72
387,436.95
225,254.765
419,460.135
321,270.105
769,846.615
121,187.985
246,309.23
475,455.495
345,404.48
377,302.44
945,1012.58
445,384.915
166,232.915
457,405.9
644,550.94
410,419.375
308,260.08
661,541.28
539,485.02
481,458.125
683,785.28
544,439.305
369,333.7
575,504.27
340,232.31
274,311.335
594,617.89
411,279.27
608,557.365
637,534.905
293,251.82
345,269.18
251,353.335
324,293.195
156,214.955
343,304.135
395,302.935
557,427.925
230,275.86
441,402.775
328,364.085
289,279.755
409,459.885
488,456.615
441,484.19
147,215.03
645,447.52
570,727.79
284,363.325
524,448.195
574,601.57
353,366.84
385,353.97
514,487.53
202,254.405
590,437.885
363,240.415
252,196.695
232,177.04
231,188.135
278,308.455
340,310.83
184,338.49
481,632.965
269,328.18
665,546.225
324,315.655
425,393.225
444,424.545
165,248.43
528,631.815
190,214.815
280,356.885
312,285.915
514,515.445
777,662.93
252,234.245
665,676.42
518,366.505
243,248.24
244,345.78
357,419.955
464,503.56
562,555.125
332,268.05
444,358.035
236,262.92
268,316.025
326,217.865
559,539.41
1695,1710.6
361,424.025
271,338.0
569,521.705
347,380.79
499,549.27
253,253.36
524,662.275
595,741.575
274,203.01
390,390.67
564,476.695
209,319.93
218,363.34
197,240.145
250,283.5
397,521.18
738,513.91
313,269.035
553,521.965
328,365.385
553,528.17
344,305.86
274,214.275
260,359.87
377,404.085
222,234.69
811,700.935
312,245.2
363,342.135
350,384.475
381,345.37
504,464.51
816,803.265
192,229.55
390,293.36
422,333.98
459,390.7
385,344.03
270,228.1
297,365.395
321,323.165
381,440.395
495,465.63
295,282.35
923,880.87
312,281.775
619,432.505
722,654.42
275,348.06
411,537.27
252,233.715
1034,987.375
406,317.98
475,633.915
105,225.005
704,888.585
416,331.4
103,192.605
622,533.735
191,155.355
313,398.455
428,278.605
250,271.96
255,249.515
407,367.05
316,261.44
363,394.41
807,726.465
223,288.355
270,278.42
371,456.67
241,274.665
472,471.565
204,220.905
119,109.175
318,210.12
527,440.88
354,415.56
586,432.455
331,232.57
308,272.53
647,665.27
347,255.715
193,261.015
299,237.84
459,356.86
433,359.38
329,415.76
442,418.49
430,481.555
285,270.395
193,305.485
199,298.94
233,232.755
152,225.125
213,181.935
941,863.15
620,466.365
368,436.96
258,326.45
399,469.715
286,282.635
619,521.905
233,294.935
480,386.47
500,431.33
391,322.035
627,691.14
621,473.845
454,357.39
209,339.975
307,414.04
571,441.225
393,273.695
487,465.02
215,165.355
602,641.555
356,326.935
404,319.73
157,237.255
509,588.06
531,399.655
461,484.78
857,834.805
514,507.115
420,285.235
388,329.79
532,550.77
510,541.28
233,265.455
621,585.88
633,658.385
209,217.725
846,796.155
359,422.64
660,590.79
254,304.85
534,379.025
343,314.615
568,525.755
301,454.67
248,425.44
288,244.12
313,416.755
606,551.18
398,499.19
577,799.095
329,404.79
797,829.825
302,247.395
769,858.52
400,386.415
551,549.52
391,412.11
390,456.74
422,327.515
380,526.86
296,286.525
571,484.17
1494,1396.03
337,366.83
298,403.39
527,585.66
381,308.33
778,709.43
341,479.7
509,491.91
421,447.87
641,555.81
433,351.46
499,419.055
632,689.005
250,238.46
361,293.82
293,291.035
121,241.69
617,582.745
582,468.91
539,461.305
1006,983.72
375,373.99
346,298.635
648,583.52
616,764.355
301,258.965
625,537.455
164,239.935
575,501.04
157,160.98
322,302.75
286,272.725
721,651.375
642,444.675
382,470.845
561,596.44
495,417.21
1388,1409.755
327,334.15
230,319.775
249,249.555
481,489.215
281,258.515
192,250.21
398,485.475
236,301.355
439,413.38
364,363.71
314,355.7
477,627.18
195,233.775
976,815.675
381,302.69
443,564.0
530,520.98
353,358.375
429,451.435
282,250.92
232,228.63
315,361.765
187,245.075
560,695.8
530,483.845
111,156.67
446,497.265
294,294.78
602,695.515
356,459.38
504,567.335
330,389.76
678,522.6
291,218.205
329,475.295
3032,3055.305
167,190.24
472,368.59
228,242.225
592,572.7
512,525.12
212,329.515
277,264.395
765,662.6
1008,1019.585
330,406.175
693,740.015
979,911.66
477,475.335
583,435.31
182,177.925
351,271.03
353,449.475
315,399.7
372,308.735
244,299.69
275,225.895
364,363.915
190,187.695
521,468.285
276,294.52
373,471.37
407,309.9
622,506.4
344,493.295
477,370.665
605,614.49
429,356.605
219,207.94
288,281.435
271,289.035
564,540.615
210,357.865
182,260.08
338,300.14
406,434.64
454,369.65
425,451.89
246,212.98
508,385.995
151,254.745
348,382.5
519,488.035
307,241.62
284,295.1
540,508.735
347,410.95
461,605.575
279,281.055
617,462.71
322,215.885
144,123.035
271,328.615
258,259.645
490,499.72
298,370.205
264,328.54
343,334.66
139,249.95
229,310.665
318,231.92
152,228.075
202,218.3
462,385.245
513,507.235
221,349.17
922,827.915
245,238.315
445,436.89
235,294.9
354,308.385
245,354.555
608,443.475
450,375.61
457,406.905
392,362.795
239,261.515
1132,1098.47
290,305.965
222,207.405
310,321.33
408,494.025
617,483.73
284,221.26
867,710.175
227,359.905
262,294.605
359,465.775
301,252.035
373,400.885
981,880.565
276,374.72
257,226.115
190,306.655
172,249.94
264,293.905
370,345.79
220,291.41
327,265.39
238,289.38
222,215.72
254,283.705
452,374.1
483,548.125
322,378.405
703,746.195
643,449.94
226,307.24
292,413.12
521,546.31
382,454.695
388,345.55
406,450.185
165,226.525
354,304.13
330,258.21
280,272.59
390,227.155
666,559.55
442,542.62
306,343.82
218,281.83
278,211.805
136,270.54
234,227.09
443,340.79
720,888.88
157,193.22
206,362.33
342,425.965
197,224.715
434,334.0
218,294.455
155,218.755
537,403.535
930,897.715
312,380.96
403,368.46
621,522.145
358,380.995
921,778.88
589,470.73
456,550.07
361,321.115
302,262.335
293,304.375
338,284.76
219,186.955
506,465.565
497,488.74
333,404.835
268,271.94
355,465.965
472,467.32
980,944.45
481,379.39
323,290.425
260,271.875
118,151.87
284,276.14
340,398.28
180,289.915
159,236.99
262,261.5
604,746.565
655,659.44
580,524.265
330,227.27
350,378.24
205,168.25
120,131.355
367,330.605
222,203.485
360,349.425
536,538.145
320,452.87
236,251.65
897,774.685
591,569.295
277,311.68
381,336.655
377,385.18
407,340.42
174,248.84
498,491.69
570,563.785
545,482.055
405,339.69
431,391.45
480,527.425
162,182.49
282,264.99
132,157.685
941,859.98
624,529.98
250,221.975
681,641.335
205,185.34
297,396.285
200,257.14
360,307.96
867,802.015
594,547.87
264,221.09
221,275.785
457,358.575
417,352.165
551,456.165
312,298.535
308,317.71
439,365.61
696,670.69
252,226.535
449,516.33
306,404.255
349,419.205
585,595.07
294,413.3
307,446.38
107,239.3
690,764.495
303,289.4
198,303.31
510,467.595
278,314.5
440,437.215
297,293.91
359,324.27
290,245.645
278,258.49
709,655.16
454,387.27
909,792.105
399,390.25
661,731.515
222,178.545
255,453.23
501,382.655
609,531.93
282,222.205
207,296.21
476,420.575
461,352.49
367,385.515
936,818.38
593,494.335
395,396.025
343,275.235
229,203.975
452,470.34
452,410.62
237,316.165
144,186.235
497,528.545
746,612.205
951,840.59
157,216.175
318,325.86
369,340.86
392,277.535
639,686.975
411,319.64
170,224.86
342,350.325
314,421.935
853,923.045
1272,1369.07
501,507.995
408,285.49
965,783.425
515,452.075
156,194.165
254,238.405
294,237.305
280,289.145
393,360.045
463,420.785
296,280.09
191,277.98
388,331.72
433,392.695
580,555.975
519,398.065
364,448.17
2220,2061.42
575,579.93
441,413.495
294,304.055
153,138.425
685,525.55
255,244.345
340,407.76
257,377.05
385,415.755
341,503.39
649,673.705
774,707.505
331,456.47
429,520.765
454,532.785
388,355.175
398,496.695
159,212.68
435,370.875
212,244.925
277,367.035
454,489.68
495,717.28
256,388.395
493,596.98
534,463.925
453,498.6
613,468.56
345,227.225
374,391.845
656,566.315
477,453.555
257,239.075
245,225.71
439,527.63
312,222.41
341,240.5
828,657.82
454,355.595
289,398.64
582,495.315
236,271.02
351,286.12
883,759.7
730,737.075
1636,1423.72
282,378.725
545,614.0
260,229.515
263,210.215
295,207.51
229,235.11
315,339.1
371,402.645
206,218.295
395,414.46
223,266.62
299,377.06
266,434.295
348,216.775
460,521.325
196,269.34
266,288.335
268,356.36
941,886.06
437,621.035
312,318.29
329,458.43
552,574.785
315,333.32
603,769.135
245,258.235
334,341.88
250,222.875
182,180.525
251,302.26
389,424.14
290,395.45
488,375.915
848,663.745
647,483.73
352,292.865
292,270.07
294,214.77
260,436.415
336,347.455
415,470.16
367,346.755
365,335.165
367,261.45
231,270.525
445,419.23
381,424.745
371,391.09
363,297.6
446,424.355
488,437.055
308,358.885
306,315.725
813,695.09
479,429.615
253,270.105
655,538.635
401,466.315
287,248.87
238,411.3
203,223.96
438,293.995
397,422.475
623,412.61
201,265.445
409,439.315
249,376.145
227,191.465
695,624.75
267,246.715
525,419.185
673,654.865
282,204.465
371,249.74
727,739.26
343,374.35
498,542.655
643,671.47
342,383.51
402,372.425
332,479.19
243,235.81
433,503.035
321,219.405
357,393.35
884,949.7
885,801.24
371,246.365
470,346.625
278,299.83
533,478.69
369,366.12
484,570.025
150,240.53
364,380.73
133,177.28
404,449.515
360,484.17
236,241.845
492,435.49
141,231.94
684,818.075
353,270.08
605,621.41
427,335.485
267,257.505
493,398.065
499,441.71
367,301.12
595,454.95
312,448.515
377,376.23
255,262.83
314,362.56
296,257.045
862,873.49
892,929.785
291,337.825
274,293.265
519,632.795
295,207.89
462,526.64
251,287.285
328,367.15
485,460.49
181,265.99
482,514.075
230,287.21
249,233.34
215,262.125
501,598.6
572,666.505
450,342.68
193,239.155
408,411.91
292,400.09
215,227.22
690,619.285
271,312.405
149,259.94
92,222.51
253,246.14
283,416.625
331,350.71
2392,2439.205
771,750.15
437,469.175
228,259.76
432,424.165
248,386.885
398,291.36
388,391.0
344,357.59
910,892.62
264,315.655
797,614.58
551,468.745
413,500.45
534,468.895
692,668.81
577,544.44
181,320.025
797,795.345
581,609.405
321,266.515
406,451.01
680,533.065
316,240.74
294,278.925
280,261.96
357,381.13
223,213.21
326,285.93
453,319.635
342,271.075
273,286.225
363,366.125
611,538.385
248,221.7
336,365.345
272,196.975
179,187.595
838,862.935
544,528.35
147,291.455
507,599.6
391,437.735
294,244.98
268,273.265
369,326.265
169,282.56
322,288.295
576,413.535
259,252.97
599,721.475
587,429.42
399,458.625
536,447.685
616,595.925
204,252.43
755,626.165
446,389.465
176,244.905
362,274.985
354,354.3
449,470.56
334,329.405
653,459.015
427,299.215
254,362.34
359,393.795
557,607.51
365,325.405
386,395.88
454,411.02
349,308.215
620,538.375
393,334.06
353,296.03
247,189.59
901,729.485
674,759.955
329,321.495
280,246.645
251,216.98
597,564.215
433,491.33
258,311.625
327,329.035
241,402.545
1050,867.175
264,221.03
294,253.18
235,243.41
372,273.525
357,367.8
309,293.33
415,345.075
491,325.785
641,725.29
570,411.605
667,516.165
346,360.46
475,428.85
381,288.535
229,324.46
612,555.455
198,264.015
313,365.24
258,319.215
420,392.645
676,783.49
260,296.055
544,478.27
301,325.405
303,320.76
317,304.02
161,237.425
457,681.81
346,464.7
546,529.615
568,531.39
221,247.1
985,924.25
637,485.96
367,352.245
568,543.935
544,591.195
348,335.635
251,403.74
580,642.225
258,324.695
306,290.475
439,391.555
252,283.28
450,404.64
487,440.02
868,964.88
581,693.72
280,318.7
265,238.68
174,227.55
420,429.85
216,231.865
688,680.56
404,448.335
527,455.51
218,270.56
441,424.655
555,669.785
446,457.81
780,722.51
348,394.2
476,432.605
278,289.15
239,295.51
483,376.44
373,437.44
529,399.955
227,293.45
619,469.485
338,232.61
277,305.4
817,627.475
1007,995.185
388,393.165
1950,2089.67
548,395.445
326,380.41
640,536.38
303,275.31
215,246.23
319,438.59
191,256.355
274,260.64
256,236.225
205,289.305
496,498.91
302,294.475
344,415.505
471,383.035
178,251.34
688,508.885
1011,944.51
268,301.575
541,452.97
801,815.74
431,372.525
376,402.49
139,217.495
378,433.97
272,336.03
299,272.33
494,509.25
282,378.245
621,583.705
706,672.585
988,884.825
488,483.53
1616,1644.03
322,502.405
306,290.675
502,502.925
301,257.365
854,801.505
261,259.28
506,597.05
719,678.445
472,369.58
505,521.65
212,214.05
210,321.475
564,536.935
927,828.825
234,376.74
548,510.77
400,380.06
312,395.07
341,309.47
336,352.88
388,393.255
398,415.21
355,395.995
2050,1876.075
561,478.765
256,245.6
261,271.805
795,596.74
310,335.735
187,253.04
879,707.035
526,565.155
149,181.25
436,486.3
297,434.74
359,403.685
153,252.12
248,271.415
325,380.145
325,354.12
251,252.945
349,434.77
332,274.97
743,586.915
430,444.665
585,693.275
384,347.025
371,300.095
436,367.785
265,291.165
188,244.48
574,587.845
455,496.3
311,389.04
236,337.11
332,435.585
447,385.43
388,440.79
542,582.325
436,552.92
441,384.4
304,374.38
149,373.705
301,276.335
107,247.695
504,422.055
170,365.535
368,327.055
459,566.235
309,278.45
407,397.75
925,990.695
383,548.235
422,364.005
252,268.205
745,794.35
634,675.91
448,354.585
307,291.335
475,434.45
197,252.78
642,794.165
1050,1095.21
542,549.375
508,539.545
571,476.29
589,464.495
854,658.14
497,391.62
468,463.325
387,400.83
266,233.255
400,435.12
497,423.855
594,508.585
325,341.475
308,429.875
253,392.425
436,441.835
527,395.43
350,314.835
190,232.62
408,297.655
499,460.295
270,340.75
1729,1528.26
446,452.34
374,231.465
518,368.79
297,459.995
448,397.62
367,378.24
528,629.42
236,259.72
519,406.965
542,442.06
159,172.395
607,649.04
264,242.445
229,343.435
347,283.65
616,613.34
329,411.905
428,411.045
206,180.335
563,529.16
351,354.39
283,337.44
415,489.045
4984,4887.005
437,493.925
406,350.61
382,450.21
245,243.86
327,534.56
473,423.885
584,399.465
294,325.63
249,297.315
363,251.3
195,286.43
551,498.87
428,353.995
112,188.63
701,572.79
513,501.805
371,301.985
624,444.39
380,258.02
307,300.765
755,644.62
298,391.145
257,234.21
171,279.44
712,576.05
150,140.135
422,375.28
289,247.295
604,442.825
443,618.865
150,229.53
259,213.73
912,716.43
426,335.82
383,381.91
503,505.76
521,486.945
494,539.055
434,427.89
119,217.475
487,378.14
840,644.61
320,299.845
586,545.76
431,401.905
300,448.81
910,780.125
313,422.15
265,338.175
302,370.66
870,687.62
832,880.235
669,514.335
2080,1922.185
572,539.885
439,257.725
215,333.755
524,701.13
341,476.07
204,299.93
618,621.32
259,389.315
856,757.66
566,543.82
346,364.02
738,781.725
932,1060.05
421,445.03
447,500.555
408,390.135
707,683.49
507,432.59
452,473.93
340,388.235
300,316.025
333,320.3
368,336.405
236,260.285
646,491.85
549,432.935
335,410.155
331,426.095
585,613.665
144,250.7
624,575.645
424,356.66
378,400.065
468,387.3
274,281.14
743,900.56
299,352.595
274,373.53
353,260.77
450,442.825
415,472.525
319,321.015
374,291.01
361,296.99
337,276.84
3556,3412.295
298,383.15
293,362.075
292,303.215
260,221.085
580,461.745
375,357.275
389,439.82
621,505.68
176,220.925
345,468.43
493,436.59
750,659.79
303,349.435
182,179.265
262,288.195
345,384.025
233,229.55
230,233.61
576,442.96
678,564.31
470,340.14
320,288.18
396,440.57
297,406.61
272,424.165
415,470.815
284,342.415
369,357.97
181,211.755
359,279.9
315,240.57
278,331.035
378,297.71
219,274.105
695,582.935
508,589.41
679,620.92
336,261.365
416,493.14
428,360.985
349,251.995
261,295.97
325,383.895
359,453.56
426,341.995
482,349.94
1060,959.17
635,639.945
519,454.865
134,161.12
595,599.545
174,297.96
409,465.315
381,364.825
591,463.05
534,576.99
279,285.085
275,396.29
244,286.1
445,413.955
223,222.4
747,771.56
256,231.875
272,346.27
165,225.545
520,372.255
320,470.865
406,396.705
259,347.695
196,255.325
238,263.82
472,428.12
280,380.4
206,264.61
243,214.36
188,248.58
267,306.395
458,464.145
273,250.51
193,148.465
543,474.745
303,291.52
239,196.495
279,287.14
199,314.965
412,409.75
459,370.04
714,801.795
564,588.085
468,394.74
254,401.125
347,434.67
624,562.005
184,250.44
378,418.835
574,610.825
342,393.665
461,482.0
504,428.515
313,343.845
256,302.985
498,554.205
343,310.675
188,247.49
235,340.655
489,401.845
572,546.295
359,296.355
172,187.68
842,905.62
554,476.9
273,219.95
434,389.03
311,395.85
973,978.955
315,349.615
502,535.53
645,694.88
618,435.4
269,265.325
672,587.6
387,431.69
590,541.545
262,267.055
513,367.8
551,507.35
471,499.545
488,377.205
283,434.05
944,773.625
293,378.06
216,169.275
857,904.335
300,393.71
151,207.135
350,338.67
410,443.18
244,281.435
189,228.75
227,268.12
260,266.78
320,324.39
186,261.185
298,288.025
831,681.155
309,361.11
690,825.91
227,240.375
519,565.125
187,194.715
433,582.755
779,737.115
328,395.1
441,395.32
509,405.215
585,753.44
256,255.59
491,503.96
181,241.79
491,564.185
919,834.365
475,550.68
491,428.94
386,538.57
519,349.415
292,285.905
426,398.555
337,362.04
302,295.535
272,263.54
541,411.4
443,458.37
379,412.1
426,486.31
670,475.545
435,347.31
436,462.86
450,429.315
568,448.25
262,291.64
958,897.23
398,273.795
235,225.015
300,334.69
286,434.975
141,223.875
553,392.595
521,526.375
220,233.89
202,220.57
358,477.13
222,252.86
484,434.45
441,532.47
245,259.315
600,619.03
365,480.29
400,427.84
510,463.195
282,340.28
117,242.395
650,706.205
184,228.13
204,233.255
250,249.705
258,338.175
148,258.035
421,436.19
339,333.165
407,334.745
576,585.74
444,318.28
201,212.955
139,241.52
938,832.695
429,432.25
208,225.3
414,382.535
529,384.4
563,522.285
395,371.71
305,275.805
538,385.505
510,516.42
311,259.695
1368,1491.39
393,379.665
252,282.515
441,280.79
404,411.135
685,717.11
243,256.06
372,460.265
159,191.365
233,295.905
343,480.095
571,702.02
308,413.835
534,394.69
267,245.955
510,508.425
397,366.895
327,396.96
717,678.625
398,306.26
1140,1120.135
411,338.17
286,244.125
367,375.65
501,523.385
701,588.19
473,393.5
595,608.785
587,553.405
523,464.8
236,235.24
523,502.565
233,234.8
302,418.77
443,443.255
439,375.69
739,814.155
404,370.785
478,486.645
162,267.42
273,330.375
373,315.305
409,344.215
332,410.69
716,595.79
459,467.26
815,912.02
248,182.045
314,257.195
366,337.625
257,253.355
490,490.205
778,650.43
373,304.465
406,440.165
836,823.53
354,319.865
392,356.61
335,426.565
378,372.76
642,584.54
362,269.265
353,332.965
245,333.11
313,266.615
404,379.69
325,239.84
393,317.565
970,899.735
403,513.77
581,605.115
212,219.49
205,220.73
578,667.225
357,301.83
563,485.94
229,246.13
243,378.775
274,388.86
323,359.56
557,395.675
501,449.945
292,281.78
515,465.85
781,650.025
626,506.84
221,244.18
399,482.725
539,425.34
381,319.875
390,310.695
545,493.475
360,383.905
482,384.1
275,351.025
388,370.265
475,492.28
280,251.44
555,389.22
389,377.97
175,280.535
487,542.875
243,225.205
400,285.11
251,211.51
231,288.735
495,424.93
253,260.85
832,648.97
370,406.375
327,295.49
292,300.41
1034,873.915
204,230.26
337,367.095
398,406.995
319,351.415
310,292.895
3960,3867.655
341,270.44
510,575.785
328,409.595
589,533.09
692,729.115
300,242.99
234,280.45
3892,3676.445
238,346.4
877,652.065
482,391.94
289,338.215
194,233.69
356,322.42
206,291.545
415,385.035
362,408.26
696,574.27
229,299.135
587,464.075
434,404.075
242,334.78
410,280.3
272,238.25
504,529.61
537,468.345
244,239.71
663,617.79
413,374.545
714,616.04
486,385.285
493,472.025
356,387.49
242,252.685
402,329.305
336,266.125
329,426.565
440,603.405
714,646.2
470,463.285
551,602.93
203,169.4
335,463.76
537,473.695
304,439.28
605,498.8
466,404.185
300,373.36
494,519.43
221,276.32
740,737.98
258,241.105
553,423.145
272,278.66
219,385.08
354,320.04
589,543.99
306,222.2
414,306.425
316,300.28
139,206.135
224,245.515
437,368.1
595,763.35
445,404.66
408,364.295
390,345.83
728,675.0
461,446.765
555,457.605
192,266.44
179,226.795
343,277.69
167,242.575
258,254.025
903,816.3
494,430.055
501,612.09
304,237.26
217,184.615
551,415.755
536,527.14
372,404.43
250,317.535
296,369.325
349,392.315
976,926.775
428,423.52
357,329.095
300,326.635
171,265.06
276,272.68
340,294.4
350,272.95
855,763.865
147,208.15
342,239.1
292,304.175
830,925.55
433,516.645
223,214.15
457,396.39
562,598.775
482,416.665
479,376.93
509,366.935
673,492.24
909,842.725
215,176.9
653,796.16
614,592.865
496,445.435
2168,2292.245
239,300.435
622,565.52
474,460.01
664,613.655
337,289.485
520,478.655
416,407.625
322,243.345
463,393.27
270,230.62
337,343.59
455,426.135
662,691.025
718,507.675
327,283.765
433,336.315
640,581.705
270,328.67
237,234.06
253,257.915
426,636.295
375,280.175
370,456.645
492,462.995
316,380.09
242,219.72
195,193.275
831,759.22
426,452.48
816,706.49
411,391.345
840,892.795
594,567.98
699,766.395
386,279.78
478,549.785
624,499.14
710,600.605
216,284.73
301,417.68
613,598.225
296,275.865
403,389.38
216,194.95
229,214.37
812,850.59
503,458.97
206,337.805
926,860.935
397,398.2
348,334.335
497,428.835
731,503.4
417,512.055
265,221.06
629,672.975
509,637.54
243,268.265
419,488.65
181,244.74
364,511.545
317,243.075
181,212.3
936,772.08
169,245.925
302,457.135
389,293.255
518,427.865
434,341.8
241,235.565
234,184.19
335,275.615
2380,2354.89
662,750.835
395,461.53
303,340.65
376,332.26
299,334.625
476,326.905
519,408.415
406,478.205
431,510.08
1465,1599.5
379,311.965
309,353.62
326,223.61
413,483.425
384,452.68
550,391.975
1028,860.515
248,231.18
646,532.615
568,439.165
207,239.16
463,416.915
154,241.465
437,417.15
695,600.41
981,987.665
272,228.835
370,302.515
719,840.48
321,240.45
529,420.11
395,535.295
207,249.96
694,744.33
674,549.33
607,447.49
175,246.305
452,445.8
809,874.24
558,397.71
302,368.655
300,270.75
118,266.61
554,456.535
210,214.105
665,608.125
560,507.67
317,330.83
612,560.195
295,367.29
465,572.935
530,527.625
431,277.81
213,228.095
370,335.605
412,595.83
219,252.03
271,306.715
348,272.845
245,222.3
265,316.45
245,376.14
791,821.68
537,434.765
227,205.875
418,553.795
748,727.685
308,330.145
378,427.36
348,307.765
641,537.125
427,454.375
394,515.195
500,374.205
552,496.18
262,309.12
652,656.685
360,324.7
360,294.255
467,498.84
384,352.575
502,518.405
252,275.355
459,362.53
618,525.95
447,498.465
413,425.895
662,567.63
593,584.675
938,937.615
161,158.235
274,362.19
246,232.79
325,478.675
524,454.16
346,304.82
272,370.905
417,486.005
978,862.035
412,427.74
377,415.435
602,436.605
460,497.025
330,301.59
215,258.82
205,232.745
413,313.42
155,225.75
346,383.05
240,226.755
738,815.325
460,369.435
254,278.72
301,294.915
405,383.985
514,572.365
554,482.25
272,375.64
285,371.54
229,343.525
545,471.98
737,656.37
3199,3040.925
599,629.975
393,513.785
434,330.11
523,471.07
344,248.105
476,649.23
305,283.03
500,396.2
689,695.505
319,249.27
682,747.54
291,261.875
435,422.045
240,283.44
610,597.88
476,503.935
275,310.135
341,255.825
193,224.03
2716,2553.595
746,799.905
223,257.42
430,520.035
423,429.8
316,387.39
177,233.74
668,555.865
337,397.135
492,421.965
342,375.28
225,357.66
400,434.7
367,243.26
420,420.34
256,248.395
386,484.055
827,787.105
268,298.085
171,265.45
333,403.59
480,381.845
213,254.095
592,572.99
226,225.975
299,326.02
530,450.015
306,381.59
274,314.485
274,224.86
499,398.75
431,490.12
330,483.02
118,257.61
609,575.055
248,213.375
282,259.35
343,293.185
145,209.69
851,776.17
146,225.3
499,544.67
457,539.155
479,395.025
408,363.625
413,409.03
445,480.82
418,421.135
1670,1794.335
956,889.355
270,322.75
534,563.635
623,524.8
339,420.245
199,209.065
328,316.085
641,497.45
285,281.555
564,635.55
392,524.855
219,295.31
364,383.34
578,611.095
524,413.05
367,211.29
241,418.26
361,415.34
247,279.855
396,514.785
574,686.9
535,534.925
538,534.865
247,251.57
353,325.14
556,636.66
227,332.115
539,561.805
317,351.205
211,253.565
286,394.805
774,711.87
391,397.24
230,295.05
712,801.585
484,520.325
391,451.71
357,369.715
211,244.205
301,308.705
377,305.54
796,859.92
264,236.06
352,241.935
288,327.95
309,255.06
585,455.335
325,270.58
871,919.405
570,578.14
336,357.02
641,529.915
335,301.74
397,325.505
188,369.07
209,252.26
221,192.6
279,417.175
163,213.9
186,168.05
891,869.295
210,209.14
392,422.215
330,236.185
332,210.75
759,578.05
560,441.76
560,450.19
468,378.39
567,675.765
799,814.875
297,263.425
274,406.455
959,989.625
322,266.215
249,305.435
406,361.29
304,237.62
697,851.32
334,388.145
1076,1017.675
666,811.335
774,819.775
296,343.725
298,333.195
352,402.47
342,439.91
520,582.675
824,698.665
429,432.81
540,412.55
718,612.33
666,595.91
296,209.33
414,558.495
258,410.415
430,329.96
374,296.665
187,287.8
122,128.005
459,507.945
175,205.705
648,525.995
3682,3693.695
593,568.455
277,211.8
762,747.565
778,657.59
636,690.9
630,563.485
472,624.755
594,513.79
249,230.875
373,329.155
363,293.725
380,405.88
312,216.145
370,298.445
325,294.095
508,495.8
517,361.455
548,621.33
366,247.345
275,203.965
608,471.875
228,205.865
224,313.715
266,373.185
424,282.57
585,561.73
412,319.695
311,389.66
450,436.665
463,484.255
229,326.625
631,580.3
212,226.06
252,301.19
865,808.575
662,627.5
2428,2633.99
565,567.94
456,383.37
142,139.515
313,334.03
330,235.24
263,430.935
198,236.295
549,379.82
559,404.875
773,725.68
356,439.77
446,360.375
262,260.72
352,291.475
292,430.17
421,453.635
597,438.025
413,375.525
791,659.27
512,350.16
682,770.305
376,361.525
363,293.76
296,443.075
510,433.555
254,265.085
393,341.595
565,417.43
517,504.535
297,289.845
390,286.51
502,455.595
241,257.46
783,691.905
508,380.08
683,643.785
166,213.99
761,740.535
239,228.56
269,317.565
282,434.44
479,424.195
914,805.625
349,353.495
367,299.17
153,337.12
178,233.325
380,439.74
374,351.07
171,214.865
411,428.0
347,369.095
292,265.15
544,554.015
427,404.295
385,309.005
480,505.24
226,330.365
356,448.025
502,645.92
283,327.295
451,530.785
218,282.39
979,987.67
623,527.705
281,349.02
311,288.905
335,237.115
435,337.57
321,291.1
585,448.585
502,377.43
296,252.435
335,418.06
446,362.89
268,220.125
326,331.81
305,347.93
566,434.06
577,519.44
194,234.205
477,532.3
634,542.745
542,459.535
240,289.955
472,399.275
180,316.58
259,270.805
741,652.8
523,424.47
321,236.68
328,340.6
98,241.645
264,334.41
455,471.295
202,237.79
675,610.79
171,221.635
298,205.395
134,253.935
382,362.585
909,813.45
385,363.075
1035,940.83
287,302.98
294,425.82
283,237.995
433,571.62
243,233.16
362,413.29
155,148.695
522,456.96
495,400.45
594,506.39
282,247.205
493,377.09
474,415.85
369,297.53
268,291.43
451,437.635
300,331.32
536,456.43
357,300.39
639,556.425
446,399.65
421,395.645
325,291.255
311,284.865
210,218.415
293,252.8
282,290.515
390,312.09
410,273.38
355,224.63
491,513.07
665,755.545
207,247.585
582,673.01
237,212.31
294,266.11
333,266.895
415,397.695
384,368.32
257,270.425
495,390.165
423,389.79
317,225.47
546,629.63
465,515.26
588,538.315
444,561.765
522,409.68
605,633.01
524,426.34
268,271.55
514,375.935
459,427.745
202,234.81
597,722.155
496,411.87
592,604.73
376,237.505
415,364.365
187,228.74
474,545.11
325,387.67
443,482.38
337,344.68
531,460.31
1007,993.585
174,220.06
621,541.145
401,406.545
458,364.675
367,304.855
435,451.12
354,370.22
124,112.265
344,243.345
166,285.78
261,255.455
146,253.68
468,422.745
595,649.39
265,334.265
742,598.245
252,240.37
250,262.765
359,489.055
743,836.44
491,452.47
298,463.145
603,697.6
521,429.47
585,423.035
475,359.49
617,677.775
419,445.45
335,343.25
1082,1039.81
710,619.005
440,507.83
473,472.415
905,861.055
291,227.46
123,267.26
521,577.405
307,533.615
637,507.74
521,573.36
332,279.055
565,428.635
291,323.43
377,454.095
185,206.59
281,243.08
167,227.105
567,467.25
707,714.82
312,346.325
755,577.425
234,314.585
443,451.5
423,440.265
561,435.365
481,424.645
375,355.545
916,890.725
625,538.58
290,446.81
250,331.26
362,305.96
293,459.285
379,309.375
371,391.125
749,645.57
342,298.325
215,237.13
497,453.87
341,342.7
290,309.875
211,258.3
374,355.54
366,418.135
471,466.685
880,918.245
240,330.315
501,368.705
680,557.695
278,263.085
323,319.08
283,267.11
201,276.015
193,212.555
505,509.21
480,360.765
377,368.705
247,286.02
588,402.415
658,568.185
195,227.87
512,430.79
633,635.17
489,511.705
249,236.29
645,558.75
659,662.07
229,383.79
283,357.425
234,336.38
294,386.495
268,349.975
347,323.855
278,268.605
350,320.24
166,237.995
387,421.15
156,270.19
315,287.825
226,330.5
992,978.41
347,360.47
298,274.015
312,435.27
508,557.29
525,402.795
506,526.09
372,501.31
2105,2154.67
770,683.705
576,604.23
139,229.825
177,213.795
686,733.355
691,770.27
325,295.8
313,418.825
331,500.115
507,494.895
503,466.46
720,590.825
551,474.56
451,475.53
391,337.73
318,457.305
244,315.31
432,503.555
324,255.72
269,353.205
305,247.56
407,514.475
190,235.57
327,357.47
466,573.925
259,286.18
486,489.085
347,223.44
2450,2461.365
504,533.865
339,315.59
352,356.955
539,465.985
219,220.255
118,172.27
384,395.715
396,332.175
1728,1618.31
346,402.455
599,595.575
135,246.605
326,266.515
230,265.655
287,422.395
467,304.745
773,638.91
309,325.39
180,239.045
476,461.025
553,564.35
238,243.76
404,419.795
592,531.97
408,284.335
235,249.285
199,187.055
655,565.035
440,380.415
317,343.42
939,778.875
407,385.0
460,357.615
253,201.255
605,605.55
437,418.37
543,444.145
514,403.535
804,738.535
392,350.05
238,352.87
653,619.315
240,330.19
690,583.315
312,362.555
262,265.01
651,620.815
458,411.8
458,484.295
424,335.525
472,418.745
243,231.105
228,245.995
197,219.02
279,348.205
319,371.185
689,708.365
372,368.76
417,487.985
258,284.05
191,307.11
681,779.175
399,542.98
504,568.955
181,262.855
467,428.92
303,344.285
279,342.065
330,232.18
242,309.51
448,503.115
572,515.16
124,239.94
361,340.565
428,313.335
157,237.96
540,477.72
246,388.83
560,522.195
1012,945.32
468,453.045
538,388.575
91,190.515
327,378.155
577,560.14
715,769.13
209,237.905
605,402.545
334,241.175
567,505.11
312,285.08
542,477.45
297,259.33
399,334.59
220,259.95
459,335.135
480,376.87
492,417.465
347,301.33
427,473.225
403,280.425
361,485.56
981,1016.825
229,241.095
308,241.155
161,138.23
494,428.21
285,433.475
387,471.05
237,288.135
338,252.735
286,316.285
618,545.745
324,424.12
894,829.445
422,288.865
489,521.43
394,258.495
923,925.155
498,441.675
408,486.785
342,379.92
315,344.635
262,234.26
243,290.535
541,735.35
103,220.405
560,431.095
497,436.285
377,458.495
345,355.395
301,413.53
439,334.63
298,392.03
236,379.895
270,306.395
363,481.16
516,435.105
244,255.02
630,621.2
425,508.04
481,489.83
283,219.225
543,580.375
792,780.4
613,472.595
283,248.84
518,417.81
395,442.535
560,550.86
316,233.575
134,227.295
341,366.23
1066,876.975
332,266.965
264,233.485
351,297.35
363,245.865
758,640.5
336,276.385
1146,1372.045
434,315.305
318,253.085
425,471.995
371,388.46
878,743.245
305,220.76
517,510.39
552,553.39
321,405.1
400,295.525
464,476.08
471,529.185
235,235.8
645,711.235
641,636.93
390,461.23
303,211.27
296,252.735
601,697.68
691,576.62
417,412.88
179,305.855
276,316.075
381,507.94
498,464.84
653,544.42
205,203.94
388,333.39
215,299.52
531,480.205
302,417.86
980,969.645
390,416.0
297,308.34
252,214.575
344,371.18
380,411.935
405,463.095
900,777.475
737,560.835
302,220.405
163,245.935
223,243.44
574,596.325
570,548.85
257,287.725
370,424.86
729,517.82
261,256.315
620,800.855
384,294.895
334,290.35
230,281.135
558,457.29
249,274.975
465,485.84
482,457.675
309,330.37
423,548.195
1024,894.555
688,532.305
659,617.465
341,223.275
342,359.375
707,859.17
546,650.255
289,354.465
416,386.51
267,395.465
244,302.805
166,341.285
245,343.115
623,557.52
668,524.7
249,256.815
565,432.28
577,535.815
259,291.83
328,331.355
458,435.04
373,364.965
465,476.99
373,459.535
550,415.12
261,196.055
548,510.74
221,354.68
156,192.665
631,708.355
246,293.285
594,453.275
315,301.49
341,251.965
651,610.985
240,364.62
321,332.89
334,303.745
699,557.925
411,544.5
696,528.91
612,590.735
264,281.31
402,332.73
353,394.285
424,330.495
660,758.495
270,282.61
804,826.09
343,269.14
181,233.56
588,540.185
259,234.115
303,364.165
519,572.915
379,287.87
393,307.83
310,282.06
417,374.045
271,250.16
380,435.835
785,673.99
182,313.565
414,597.775
579,446.985
461,444.735
217,290.11
268,222.055
661,615.165
459,475.9
588,571.71
898,746.665
532,422.99
384,536.86
664,480.285
340,242.4
261,245.82
292,279.25
422,329.97
395,329.72
207,280.905
291,313.65
372,345.32
441,436.285
312,385.0
5040,4921.855
296,335.87
343,295.1
466,507.185
230,294.335
248,316.0
402,459.82
500,520.305
320,384.355
448,340.465
392,327.255
287,237.76
642,675.565
345,298.54
296,287.595
235,270.77
1000,943.18
280,358.94
275,233.555
486,499.22
571,415.78
632,651.93
204,224.08
644,665.775
477,542.665
594,567.88
229,412.535
414,358.315
314,354.75
426,340.43
497,564.58
332,283.28
438,360.72
460,359.35
441,453.025
496,484.31
227,238.41
262,219.905
504,511.49
466,510.42
585,545.425
511,454.005
255,217.07
341,294.81
344,336.81
176,180.235
310,314.975
269,229.795
552,541.125
288,311.545
184,229.44
918,976.035
629,671.5
391,433.76
147,228.815
334,363.065
439,401.17
326,269.525
275,241.15
316,355.125
333,439.615
270,283.64
273,357.3
116,233.35
323,435.88
493,371.375
610,489.875
368,383.365
718,674.075
236,209.285
258,411.245
213,188.565
433,470.435
511,577.86
223,273.32
173,227.615
553,561.605
295,278.855
277,252.19
210,351.375
514,468.075
526,473.725
413,399.61
303,342.0
409,482.815
1065,1158.74
330,290.51
449,407.515
904,815.455
774,670.855
162,216.715
503,560.635
279,300.68
186,273.445
290,245.525
386,466.56
303,257.245
199,178.185
132,121.94
285,277.9
413,494.27
1063,956.49
786,716.39
596,394.99
1071,857.56
221,209.71
526,435.535
548,458.94
952,977.425
281,261.25
672,590.915
230,222.12
464,584.1
410,282.715
249,443.725
95,172.435
383,289.575
407,384.905
388,449.145
403,435.975
434,395.675
548,552.555
403,459.945
289,280.66
326,337.85
354,377.145
547,406.32
408,430.955
598,506.335
297,216.82
494,671.355
221,384.075
243,182.22
218,236.23
243,300.58
315,502.22
547,511.825
287,261.095
503,484.015
136,130.205
388,441.225
358,395.465
462,412.755
194,247.745
606,528.585
507,424.655
601,594.04
221,390.94
219,268.345
292,268.935
453,454.525
296,250.04
163,242.1
307,377.655
567,522.465
270,349.615
243,309.675
523,377.65
373,393.77
429,400.41
324,249.455
589,623.08
250,310.795
3752,3608.615
341,290.475
160,143.685
563,601.47
344,404.76
565,601.16
248,249.75
585,427.43
399,356.26
322,254.615
260,258.55
315,313.275
539,432.65
402,495.605
627,428.845
386,336.95
214,295.12
199,230.09
509,546.09
531,661.86
144,237.185
275,324.845
500,479.585
141,229.2
468,524.95
545,414.08
175,182.88
957,831.84
437,430.125
487,398.56
278,404.97
293,319.46
573,423.845
741,565.585
552,661.5
247,256.235
245,183.49
340,275.275
144,252.23
473,428.68
169,161.45
391,570.095
381,351.26
439,393.485
249,270.67
469,478.25
308,289.385
910,803.75
364,409.985
412,365.13
294,390.1
547,426.15
332,345.745
538,570.11
342,235.02
913,758.14
323,215.46
257,255.135
550,490.97
709,645.135
473,416.51
210,238.135
549,558.27
351,498.365
475,373.115
298,204.225
296,478.595
629,685.025
149,173.7
248,245.74
549,395.67
240,237.02
543,500.935
466,410.61
502,528.045
213,286.75
354,493.335
261,233.19
331,229.225
623,597.325
501,357.355
394,422.84
286,432.605
407,373.915
388,510.08
485,421.54
415,349.83
373,359.065
317,307.4
547,560.215
224,167.005
556,710.365
229,243.58
330,331.0
421,392.365
347,303.105
316,230.22
234,300.81
688,613.26
522,536.88
557,521.57
465,516.79
156,147.775
244,271.675
294,272.895
326,338.3
627,504.755
436,359.115
234,283.325
495,443.525
354,281.74
327,248.815
239,237.825
271,251.495
448,438.76
379,412.9
519,320.255
395,236.445
202,278.775
202,254.735
180,221.245
801,853.205
366,417.65
556,510.47
383,327.225
246,305.64
394,227.39
425,331.735
158,242.67
680,529.885
799,764.38
782,743.735
375,396.285
152,222.535
274,236.735
508,566.945
268,299.81
123,220.435
468,580.9
541,376.635
295,229.07
297,240.43
651,685.675
381,315.565
881,757.705
596,548.745
224,210.915
453,375.54
401,515.88
394,474.175
478,364.81
201,236.25
609,546.045
237,185.675
301,332.53
600,731.71
1325,1496.455
347,337.605
245,326.975
433,500.075
370,480.29
399,477.21
422,378.225
339,292.815
738,638.495
330,318.325
291,254.545
195,260.45
776,770.725
642,602.76
349,237.905
878,931.285
608,561.44
237,216.565
501,515.785
310,369.42
110,296.07
197,175.235
645,670.81
256,216.56
533,561.51
253,335.315
569,756.12
539,585.23
322,372.495
438,513.49
402,480.27
200,348.085
374,316.37
332,330.0
718,738.35
487,434.615
433,516.125
246,339.865
221,272.72
607,445.585
386,419.41
357,406.53
318,351.715
308,247.74
161,181.28
531,545.63
330,409.54
499,529.065
254,237.555
261,302.0
547,440.935
315,401.11
252,203.86
466,359.94
410,427.815
364,243.055
414,463.815
284,338.0
373,328.755
416,389.495
549,475.33
229,236.19
646,628.84
301,345.13
166,180.32
498,435.785
193,162.37
311,288.25
233,241.655
756,590.88
674,779.09
182,222.755
475,420.545
350,263.97
129,259.945
612,474.705
311,236.2
262,264.005
908,840.89
292,272.12
612,493.525
350,318.365
564,577.065
608,688.125
579,436.755
620,713.48
265,434.255
223,215.555
355,300.94
268,290.965
606,599.84
757,862.47
716,589.09
497,538.215
373,325.905
407,389.89
455,395.435
336,440.54
241,286.78
284,341.91
401,401.295
545,544.21
281,430.305
467,573.535
447,459.71
625,750.32
320,356.135
385,391.095
451,458.835
346,453.34
925,814.685
517,472.8
307,334.545
427,341.12
275,317.045
466,458.16
423,311.53
531,709.47
341,336.765
162,148.195
829,835.43
407,443.51
503,408.895
713,762.225
548,566.26
666,682.9
518,492.695
327,305.95
666,777.965
770,768.89
493,467.385
432,311.75
146,192.215
555,453.965
615,582.715
350,382.8
1052,864.565
163,218.235
140,305.515
405,506.78
324,240.84
529,642.635
3941,3644.005
585,498.44
501,564.39
413,341.39
157,175.075
561,426.83
4856,4873.285
520,567.53
317,278.665
404,415.335
265,259.34
462,348.645
290,258.795
246,281.925
374,311.585
316,365.285
492,405.855
214,245.925
509,549.49
313,400.165
402,453.32
203,168.085
314,353.05
367,285.725
209,241.935
325,307.56
322,292.3
460,360.05
821,755.245
287,267.095
471,478.99
433,433.525
489,520.76
676,644.67
540,520.955
794,664.435
209,289.705
295,417.425
267,264.97
345,289.85
1488,1349.18
377,418.825
840,676.445
294,284.215
291,409.29
397,386.77
482,541.46
277,385.8
275,256.895
726,625.725
577,465.745
314,384.58
441,447.68
203,262.61
221,219.9
486,386.46
550,445.705
536,483.18
187,163.26
295,277.425
293,232.385
316,301.38
245,249.47
519,395.895
405,380.91
670,420.88
620,499.73
424,434.02
816,664.74
381,509.315
210,208.265
487,515.15
356,361.89
958,995.12
475,386.705
561,488.915
244,268.155
333,384.955
503,475.17
454,464.695
648,609.22
296,243.94
117,243.035
359,295.625
434,419.34
369,477.315
363,485.32
388,341.74
685,712.03
701,654.885
184,174.405
492,455.415
449,500.305
686,754.3
399,438.075
582,629.41
603,787.465
918,878.5
612,594.145
267,331.485
179,152.145
757,573.935
353,342.765
304,274.28
455,438.27
353,259.895
612,612.785
510,432.19
335,382.975
1045,880.615
411,436.355
318,288.55
336,341.215
368,363.89
382,492.36
428,437.985
3510,3526.125
241,381.125
253,270.48
317,289.845
376,384.43
198,160.17
521,558.105
312,280.415
286,315.74
319,253.24
301,309.955
298,302.83
340,348.565
696,764.015
352,407.39
411,307.885
319,302.545
217,272.99
412,477.155
436,556.04
767,779.18
278,309.615
193,172.31
273,309.22
521,481.41
191,252.095
354,489.93
176,253.13
447,549.595
258,278.3
260,322.27
437,338.5
366,292.89
489,397.92
318,293.195
496,460.915
314,317.995
214,177.325
777,684.29
210,205.015
211,196.185
492,371.005
325,504.91
444,483.39
600,568.15
422,324.815
248,220.395
282,215.375
295,404.27
534,523.045
246,280.52
223,278.23
329,318.78
325,355.605
904,822.255
431,437.13
168,251.895
405,308.99
305,338.15
317,235.35
885,813.17
1872,1611.975
530,553.335
473,433.095
249,290.24
295,398.88
466,497.09
445,487.715
328,348.985
323,380.255
170,203.82
454,542.71
390,372.57
671,607.14
257,347.8
311,371.38
178,274.09
134,125.995
992,964.57
291,270.93
395,424.495
302,237.36
334,320.375
662,516.91
342,257.015
403,539.14
454,429.49
282,299.335
293,299.785
350,367.51
453,418.87
527,510.77
555,494.45
311,352.975
177,228.545
1662,1821.42
478,494.215
232,334.18
355,256.725
228,253.94
424,422.51
412,337.39
507,677.545
234,247.27
235,310.55
206,336.94
219,280.685
457,430.59
557,533.315
276,229.245
235,272.795
307,364.21
319,421.67
387,326.215
375,463.37
175,237.715
429,433.535
396,497.815
408,366.225
235,408.12
132,193.71
551,426.855
699,761.23
496,447.985
644,490.39
402,439.55
644,544.46
461,397.11
373,498.9
252,234.515
658,578.385
316,283.885
411,635.97
575,561.96
354,314.525
336,352.06
272,425.69
196,180.28
378,279.745
899,990.9
174,211.06
339,503.235
171,178.715
824,882.04
3608,3684.19
579,516.135
352,396.99
462,505.32
572,468.025
3360,3362.105
397,371.78
712,613.725
477,457.45
666,623.315
562,371.68
534,494.68
391,344.2
736,841.675
441,353.65
257,406.32
668,686.315
429,364.81
514,371.39
475,368.615
585,524.8
478,442.37
263,405.33
396,324.23
249,225.245
448,433.43
282,247.835
288,309.125
341,458.065
647,477.86
744,826.27
339,216.235
162,253.09
388,504.98
300,253.925
263,360.29
298,271.3
2382,2228.73
451,338.84
160,247.72
340,216.97
240,286.405
292,279.025
424,318.98
350,523.525
431,487.47
168,213.58
269,295.52
507,508.13
322,417.075
227,250.24
229,245.92
566,571.56
341,551.83
532,504.13
514,556.575
263,295.385
389,338.365
395,404.43
321,240.415
463,380.135
315,427.94
178,243.045
348,277.99
471,380.755
1018,954.97
289,296.52
150,246.16
312,371.595
234,231.445
489,370.415
669,589.32
299,431.215
233,250.63
489,556.64
279,448.605
552,612.715
525,543.005
461,494.63
445,335.73
366,427.895
331,437.255
526,471.465
213,331.785
240,274.98
505,520.99
568,463.07
557,588.21
767,670.195
465,519.545
429,374.41
363,288.1
229,412.73
410,334.675
478,551.935
189,204.925
312,342.945
405,513.255
288,249.8
609,566.335
423,338.665
196,174.26
518,397.725
379,346.19
555,495.35
295,266.85
540,439.71
297,380.585
549,567.12
596,558.295
227,216.22
460,418.39
369,371.965
191,246.79
838,890.785
400,475.65
776,857.19
607,583.035
300,435.96
503,547.775
284,468.64
424,375.01
181,248.96
175,205.615
308,357.225
376,437.53
431,450.185
297,304.91
535,469.245
761,724.065
486,377.005
4000,4089.645
327,490.44
492,436.195
808,842.49
531,438.865
238,239.42
829,927.645
297,317.08
358,277.79
565,542.935
260,372.79
299,316.455
316,500.6
350,421.08
634,581.335
256,292.905
407,508.395
379,371.835
378,446.68
256,327.58
223,276.78
354,476.78
324,263.56
375,386.55
368,479.375
317,240.675
183,220.475
435,464.01
333,357.015
221,283.6
296,258.095
212,179.915
294,248.875
416,410.035
346,415.42
540,554.455
356,380.015
449,333.81
505,540.815
421,451.525
713,724.61
469,450.45
542,432.04
231,212.315
1175,1206.8
613,548.78
287,236.325
1820,1717.5
303,248.84
352,363.605
782,788.79
249,254.675
754,762.7
585,445.085
424,474.135
613,501.89
367,442.67
330,456.275
307,236.925
275,338.19
917,730.05
555,550.62
305,245.27
204,301.37
280,344.15
369,239.83
680,818.455
335,379.365
309,408.13
180,310.66
335,255.715
252,233.125
345,352.815
538,551.18
541,438.145
262,318.235
862,807.465
492,360.78
667,756.57
432,417.01
369,325.315
262,303.025
417,482.86
162,216.01
415,383.35
2658,2496.985
1044,843.355
521,561.075
524,511.41
324,299.9
213,221.575
149,229.34
914,724.285
297,316.005
406,467.445
500,371.02
558,558.965
400,439.81
381,391.695
538,587.16
353,298.885
599,461.665
641,622.01
236,204.005
400,290.53
507,534.085
178,166.735
507,349.855
282,370.545
435,431.055
435,510.445
789,723.555
172,179.2
483,490.195
873,888.825
312,317.32
1185,1111.415
317,286.0
458,424.035
530,587.7
594,609.55
262,345.455
318,428.66
223,367.485
1078,914.33
450,431.29
453,334.66
302,303.345
425,432.855
471,514.57
364,345.2
582,485.39
505,392.19
907,879.895
323,289.825
314,406.05
197,227.19
370,459.105
521,635.885
459,372.39
623,514.265
148,260.685
558,708.375
911,798.205
530,497.425
261,247.405
559,599.295
432,465.975
522,460.37
540,715.04
575,443.015
394,301.495
207,268.29
112,207.57
258,250.38
314,388.41
648,624.315
331,415.35
403,356.52
964,770.355
575,486.78
186,312.59
934,899.77
421,410.13
259,370.545
784,621.825
668,576.865
641,624.525
274,234.71
324,384.8
364,455.29
712,737.6
474,509.09
322,440.965
545,568.29
233,319.885
413,389.985
346,427.2
486,391.835
478,544.375
481,381.47
858,785.94
415,391.515
455,399.925
619,525.48
376,285.945
486,443.18
413,309.27
437,386.275
262,401.67
257,340.155
704,745.9
491,417.965
309,270.885
197,288.055
427,538.775
606,516.16
308,362.23
124,216.285
634,500.235
356,327.33
727,879.995
668,489.275
153,265.01
470,432.605
543,529.055
482,557.575
491,390.7
548,457.355
366,384.425
330,357.105
1024,856.56
657,568.395
140,148.685
236,234.465
222,187.775
192,207.34
320,382.895
413,321.085
454,493.835
701,783.635
402,376.425
433,514.705
244,210.905
321,514.415
661,503.825
464,497.625
542,593.425
154,239.935
186,208.485
824,694.49
138,232.13
469,353.215
254,210.745
318,357.54
363,468.895
592,613.6
550,403.68
576,459.15
240,337.175
507,512.455
602,535.68
672,837.835
417,360.415
668,572.16
207,223.315
616,627.27
225,331.56
279,332.445
537,551.9
349,348.895
344,494.765
786,625.19
346,517.175
496,486.78
375,390.595
596,525.215
369,375.445
429,486.255
456,505.09
376,401.535
678,601.92
600,632.68
536,590.295
486,368.375
532,464.805
591,468.32
374,411.985
550,430.745
671,561.62
534,635.72
1449,1654.055
799,639.86
224,317.515
237,385.145
660,628.93
260,466.58
456,568.255
290,244.675
198,240.68
473,394.215
386,362.63
523,554.89
362,305.61
495,499.155
850,757.625
474,632.1
437,351.14
134,225.405
409,460.715
300,244.67
205,226.735
182,262.6
369,318.74
222,210.27
316,335.945
362,401.46
477,539.675
476,391.355
865,823.665
271,363.64
215,259.195
278,408.625
404,384.4
312,401.24
233,328.13
111,232.45
289,320.52
415,397.87
389,496.81
450,425.91
871,712.54
298,479.365
778,808.74
949,837.57
460,450.73
377,505.755
533,390.145
300,362.505
934,765.175
269,414.66
703,635.865
546,543.57
200,305.58
342,364.385
242,223.945
483,462.9
639,655.875
271,236.72
390,385.61
374,472.725
519,385.06
626,444.18
453,566.855
541,397.35
395,369.995
506,376.1
149,216.395
171,160.04
561,604.165
487,411.695
548,723.63
139,169.93
440,425.635
616,577.005
471,391.125
439,437.93
269,434.19
553,450.715
308,277.425
394,348.02
783,651.975
197,235.7
314,379.1
465,519.985
506,469.03
588,604.245
383,348.94
729,683.765
227,251.95
465,612.645
275,212.81
307,283.645
553,583.42
323,364.86
448,530.645
594,657.28
480,324.79
399,344.515
533,412.275
248,234.77
401,416.095
452,399.325
597,479.43
147,285.405
478,500.305
480,412.715
497,479.335
201,271.48
400,356.06
496,573.16
367,501.55
604,695.805
421,494.31
287,273.915
302,373.835
505,564.05
376,377.685
251,290.055
174,252.585
366,312.98
165,227.255
670,567.925
398,443.91
248,336.165
217,313.515
271,239.435
588,616.8
221,250.47
273,321.925
622,541.5
287,398.97
508,553.855
548,630.355
170,228.415
512,499.195
1108,975.335
740,722.985
476,411.24
319,307.52
235,362.725
307,383.27
492,543.855
251,447.675
275,416.255
206,234.175
195,224.535
444,440.475
221,229.76
385,337.6
285,420.16
342,223.915
156,145.56
533,641.215
497,366.095
354,378.34
265,204.795
505,673.34
224,227.92
172,215.16
309,416.23
302,265.77
434,568.82
257,250.235
179,215.615
332,372.83
480,454.255
390,279.65
545,425.61
332,453.99
300,241.12
533,448.055
562,507.315
897,931.88
790,833.72
594,745.335
366,326.13
570,509.78
963,953.37
443,470.36
288,241.075
167,255.515
403,510.85
319,388.435
757,726.13
337,273.04
377,359.825
1140,1120.53
723,596.55
346,233.21
375,297.35
131,260.255
151,227.56
352,376.24
260,255.73
162,159.305
360,309.29
611,528.45
378,346.66
947,987.36
330,358.07
977,964.46
508,493.705
547,404.55
826,798.235
693,545.99
485,450.27
423,322.215
281,338.63
265,249.435
230,310.38
174,268.465
417,347.86
851,769.63
216,414.2
192,239.335
205,236.245
196,295.46
406,395.77
536,433.545
189,243.675
342,298.475
295,310.14
333,325.555
212,323.365
3934,3851.48
228,306.2
293,366.725
510,388.81
255,307.18
262,283.36
320,225.665
506,509.595
248,229.77
353,219.83
841,686.97
107,234.58
3766,3789.075
433,585.94
424,452.945
284,385.235
212,347.995
306,242.4
506,550.6
824,750.9
561,536.035
389,458.945
302,305.705
600,604.96
506,531.34
461,416.84
273,241.5
352,317.265
428,347.875
288,238.315
322,287.47
474,451.53
600,647.14
424,458.16
434,378.715
257,238.22
341,403.655
422,347.61
280,212.945
653,652.825
332,401.79
301,295.375
422,369.8
312,272.38
438,431.65
772,651.59
121,235.03
516,476.275
250,226.605
218,262.85
329,397.86
341,219.945
420,333.505
516,402.785
253,324.81
397,549.68
512,408.1
229,236.96
265,344.38
443,441.885
462,301.545
255,369.565
282,416.53
325,265.43
239,238.645
326,457.79
122,223.685
464,380.35
471,584.085
416,575.505
194,214.21
166,264.225
454,525.085
550,559.22
177,239.675
664,541.825
329,361.65
728,646.315
317,249.98
332,353.92
364,363.13
266,245.42
356,289.255
1974,2200.09
736,767.175
299,281.625
240,198.2
103,234.84
252,324.765
319,377.355
323,444.07
246,264.865
241,427.68
452,550.305
268,246.455
536,596.74
490,433.495
444,372.705
327,247.5
795,667.095
286,355.75
636,598.29
218,182.48
847,821.555
252,379.85
789,831.895
423,478.455
286,244.72
645,559.34
389,335.14
614,587.73
314,274.995
309,319.145
303,243.645
638,563.495
361,391.26
300,364.99
395,479.515
261,269.595
175,202.2
248,240.255
224,200.91
247,234.035
519,353.805
616,514.765
195,202.33
867,789.445
894,740.035
425,535.445
199,283.05
704,763.245
268,331.185
319,463.56
641,574.99
337,300.935
680,819.07
743,744.015
550,450.64
529,609.545
297,237.17
408,381.815
528,345.995
527,524.03
286,390.08
239,249.915
357,405.35
990,802.57
229,225.945
149,227.9
563,516.09
885,880.53
254,233.235
391,348.93
501,413.52
242,289.29
1009,954.575
282,237.01
455,514.13
456,400.6
350,322.6
261,369.555
348,513.68
469,437.325
326,399.985
290,194.98
230,217.63
519,707.605
279,253.11
765,933.975
296,393.07
204,290.47
454,533.71
148,256.465
206,232.59
272,272.68
1020,886.235
746,809.195
474,656.075
461,361.74
416,364.515
522,411.88
985,926.505
266,214.685
518,400.83
436,403.13
392,411.185
296,296.955
500,573.28
525,382.635
317,240.52
230,350.22
374,561.335
427,547.53
385,276.085
476,488.72
232,251.45
361,323.42
560,427.39
513,333.22
269,240.4
1027,1045.46
1630,1617.875
439,351.44
898,870.75
551,496.41
446,510.25
176,252.69
375,342.015
923,863.485
304,260.26
863,962.21
387,340.845
291,320.9
445,452.155
241,313.25
548,635.19
386,262.095
534,462.78
583,492.425
181,229.98
329,283.035
152,234.45
369,378.135
454,464.03
213,289.615
267,361.015
333,341.44
543,622.885
322,303.47
494,382.1
406,476.955
259,379.375
144,244.915
838,718.305
936,812.76
451,645.555
353,292.06
441,509.625
587,526.85
467,494.755
268,283.225
284,422.64
2628,2819.995
219,282.52
457,486.84
290,293.64
356,364.935
255,193.01
326,247.5
504,608.22
249,302.075
586,605.965
348,306.995
302,265.54
298,336.675
238,315.145
208,277.49
310,281.26
440,369.995
444,385.975
551,560.315
314,353.985
973,824.36
622,595.0
342,309.77
519,480.77
264,276.485
260,256.87
631,569.295
452,480.125
471,373.785
469,493.385
525,591.225
383,371.205
224,245.485
295,309.855
328,313.52
286,242.325
465,576.645
362,275.415
299,262.565
398,506.75
164,195.115
86,218.095
311,292.995
359,318.66
172,239.5
531,432.78
231,398.4
404,359.26
561,590.6
208,273.895
430,473.225
182,236.445
561,513.31
308,273.49
210,234.285
341,448.255
308,406.495
474,567.7
569,593.81
302,382.605
430,445.345
403,392.27
413,262.315
270,234.24
539,532.385
685,651.675
346,364.68
237,367.315
369,330.945
385,254.5
205,200.815
317,292.125
443,368.21
236,255.945
520,451.89
386,422.955
300,287.89
298,335.105
514,415.3
349,362.515
534,384.1
739,620.76
260,261.96
661,576.21
236,240.865
388,423.215
510,395.9
605,462.155
277,289.785
330,275.665
534,504.095
190,159.175
452,455.41
288,281.61
251,345.395
507,439.05
257,215.94
475,692.055
218,367.08
469,496.225
662,697.98
181,268.435
429,321.995
456,421.37
757,766.305
473,545.0
316,315.925
466,382.195
394,403.245
452,514.28
467,469.715
327,293.53
327,328.06
519,357.56
301,311.48
341,354.01
302,272.19
282,348.86
379,299.365
227,255.69
655,617.485
532,461.98
343,397.785
321,359.995
525,478.05
171,177.39
349,449.325
528,498.86
1056,1006.885
282,300.775
176,232.985
389,455.125
270,273.09
383,371.42
481,485.775
167,257.105
533,487.705
187,219.385
275,283.005
473,427.18
575,589.375
1063,1127.42
190,341.795
361,367.835
605,617.29
456,386.71
602,532.615
439,448.85
485,359.95
274,300.98
256,306.51
338,324.235
723,815.965
380,413.785
577,499.505
239,262.99
229,204.56
352,473.97
414,285.915
295,332.155
515,532.145
432,366.21
324,392.17
324,298.08
439,426.765
554,412.9
520,592.865
568,483.655
566,508.13
323,443.065
544,606.84
488,605.52
454,375.885
425,347.04
194,199.4
496,510.755
486,362.375
374,388.69
628,436.175
631,672.445
407,282.615
356,347.035
484,389.7
445,470.74
617,679.27
274,316.4
645,531.37
380,340.94
512,443.255
314,407.855
194,190.105
639,553.035
336,396.575
512,502.815
137,234.65
726,688.2
328,335.055
258,257.275
241,289.775
711,738.48
481,577.51
310,326.325
635,569.295
485,445.84
329,320.14
501,391.075
160,232.86
755,661.525
303,437.825
469,593.745
393,248.36
1068,1012.93
353,322.695
237,236.04
296,328.925
790,646.08
344,358.665
2555,2522.24
252,248.61
470,469.6
452,360.045
526,522.72
472,411.405
258,298.04
657,639.815
294,330.245
394,502.555
303,381.795
344,384.495
644,559.81
965,976.985
363,238.58
524,405.355
319,336.695
368,428.415
381,359.415
842,652.52
238,196.35
637,651.34
495,411.875
288,272.26
370,423.96
536,412.91
180,213.275
617,616.255
333,344.62
411,316.705
431,452.305
282,302.035
773,737.19
462,434.63
633,445.86
428,490.62
365,303.36
732,806.505
225,240.345
220,229.085
432,344.79
290,437.3
368,376.19
448,330.715
494,482.84
213,303.61
918,834.255
273,269.29
638,610.125
399,449.695
426,349.445
328,280.945
396,289.27
1460,1590.64
328,291.355
471,524.72
547,631.525
260,307.445
247,298.275
378,488.54
247,273.95
305,473.49
393,323.855
412,262.635
420,535.41
194,182.35
360,408.26
359,392.025
458,386.695
219,284.3
380,471.015
791,731.66
283,375.69
313,533.2
870,718.03
679,649.665
277,241.85
432,371.585
423,367.955
604,476.115
343,422.115
275,322.54
221,270.825
338,351.005
380,387.775
642,515.005
315,246.215
228,231.625
895,912.065
340,354.275
444,366.4
249,411.155
986,925.78
382,381.555
395,357.775
396,429.84
613,550.79
412,375.325
361,461.52
369,394.355
528,394.05
291,350.72
180,168.84
378,348.115
258,256.005
311,227.14
312,220.06
280,348.375
197,214.215
435,469.38
625,460.97
2681,2684.93
384,381.32
240,264.655
303,368.02
379,380.525
648,490.845
542,442.515
341,285.74
493,365.18
937,848.515
937,864.07
610,440.69
145,218.88
499,548.88
182,251.48
272,320.965
578,563.925
499,518.3
539,546.555
464,446.93
807,781.62
475,482.37
576,528.06
441,448.415
215,188.425
323,456.9
201,296.335
509,530.535
260,242.91
209,250.255
352,337.39
488,392.425
266,238.665
1065,1073.955
288,323.795
360,416.395
500,439.705
494,594.775
123,226.865
458,399.12
497,479.435
317,237.075
241,242.87
361,298.29
295,294.945
384,540.535
314,319.005
433,369.73
1068,858.625
204,239.265
388,429.245
358,457.06
321,356.06
262,357.85
587,521.465
438,458.965
578,459.895
362,360.885
205,280.685
354,218.44
276,246.87
420,539.94
309,265.29
825,846.205
424,437.015
358,307.04
262,360.385
391,411.425
577,416.535
690,551.195
368,258.37
484,524.605
223,279.27
465,450.24
568,450.64
576,440.545
271,326.18
676,703.83
665,730.02
436,346.745
472,520.845
353,312.565
365,341.75
972,849.185
200,270.62
544,464.9
609,601.325
280,359.665
253,249.39
601,625.27
223,242.405
589,570.675
551,603.38
558,416.86
387,425.425
116,240.09
670,564.46
201,294.355
213,236.375
428,361.7
334,357.635
273,273.19
392,365.54
92,205.97
805,751.29
323,410.4
275,267.695
231,257.075
524,354.955
339,349.79
614,614.855
289,333.68
307,363.165
1784,1635.54
373,380.225
305,257.92
482,447.205
383,493.505
1058,984.475
452,437.32
365,357.935
567,563.495
232,425.125
857,716.725
567,551.1
1632,1508.62
371,419.215
476,399.205
578,593.75
877,815.93
376,479.0
387,500.76
413,317.64
877,897.345
331,250.385
544,597.125
888,875.475
150,228.695
404,365.81
318,458.72
312,341.045
348,380.92
547,424.275
374,320.8
737,781.51
4752,4818.875
275,294.325
248,284.77
484,508.3
501,366.83
304,322.135
223,275.98
474,365.185
287,358.075
389,453.15
385,316.985
303,304.005
263,299.045
665,570.995
284,361.585
311,352.295
287,329.675
478,498.935
402,372.45
785,649.53
217,248.15
538,578.42
551,618.795
454,437.925
316,324.84
341,386.9
664,446.24
305,380.955
293,320.41
731,805.74
217,213.6
329,315.955
661,785.58
837,855.44
299,326.19
471,352.125
605,731.685
435,421.515
687,555.025
218,195.37
406,540.23
276,357.235
828,788.55
581,520.445
206,260.65
156,209.13
460,443.23
274,247.415
417,487.985
229,240.035
252,362.445
207,237.23
354,410.975
582,463.19
214,339.825
649,581.215
498,522.075
603,444.675
377,429.83
458,402.02
562,513.025
468,473.815
256,317.79
701,752.405
323,342.1
479,439.58
582,589.845
676,670.895
815,813.93
294,266.705
312,405.19
436,380.465
101,224.785
577,436.465
876,653.37
377,458.805
353,372.155
440,378.51
266,380.12
327,225.23
670,512.06
282,309.35
255,215.885
456,559.445
245,290.13
454,537.19
453,431.14
342,328.29
823,813.565
306,223.765
554,360.685
399,334.865
180,291.75
556,462.035
255,282.505
753,854.28
197,266.785
366,410.885
214,200.76
317,262.305
201,216.275
555,557.77
454,502.44
382,263.375
214,282.01
309,297.495
842,843.615
369,424.175
621,568.635
369,355.24
464,614.13
404,257.835
523,444.005
143,188.31
178,250.145
327,228.27
464,357.98
616,640.45
724,825.805
286,300.215
140,141.815
653,641.605
633,521.185
906,890.595
318,410.605
718,751.07
611,533.17
401,385.17
494,563.235
562,527.15
135,184.315
1035,1055.725
430,283.805
713,888.945
228,305.765
488,433.29
155,193.49
545,583.35
425,411.935
286,274.37
630,376.06
414,330.82
188,208.01
255,292.67
670,722.85
351,217.25
220,278.88
320,427.66
507,391.54
398,425.75
129,227.045
634,476.2
333,483.63
448,353.83
696,532.3
334,482.815
203,329.935
575,540.71
230,288.47
155,243.765
986,851.355
366,322.525
475,406.185
317,330.505
254,354.49
376,363.48
727,625.075
610,671.6
513,549.73
370,358.155
322,339.0
491,362.12
385,347.17
225,268.53
419,350.96
138,305.025
259,297.115
234,190.395
533,444.39
530,517.955
794,852.255
750,633.995
267,285.705
180,243.795
326,458.455
260,491.145
470,385.075
484,417.265
291,452.605
285,430.72
1428,1658.515
459,396.165
211,250.15
580,539.48
441,585.145
323,411.385
484,455.845
342,423.87
3225,3366.38
248,291.44
607,562.765
476,385.4
537,518.805
544,532.07
280,307.2
5418,6131.055
463,472.385
657,566.33
326,342.55
624,578.14
457,420.095
259,391.395
274,253.555
260,201.825
536,598.015
248,369.065
160,211.655
195,259.085
294,213.895
670,743.195
480,365.97
618,462.76
270,295.33
248,205.685
225,303.4
751,625.925
786,805.075
176,152.725
327,374.97
217,243.16
1034,783.89
529,417.43
246,372.775
820,771.555
526,659.195
296,225.79
930,970.325
438,572.445
310,282.305
615,567.46
280,223.48
161,240.775
235,298.625
177,245.995
636,623.97
285,395.9
586,530.33
527,542.43
420,348.49
509,512.28
202,273.92
335,353.895
589,466.1
516,468.755
458,369.175
440,323.885
521,641.705
352,281.555
429,403.465
349,384.625
720,719.155
330,370.1
323,312.25
439,535.435
691,596.48
394,431.31
617,500.625
621,584.875
257,327.565
641,713.065
728,885.465
376,287.895
715,674.085
588,580.195
466,388.855
182,343.62
109,139.11
385,406.34
630,512.505
586,477.4
988,851.13
205,196.54
276,378.46
235,240.79
544,483.115
218,227.275
591,518.155
249,256.935
249,218.575
257,249.395
216,224.1
662,591.46
376,433.685
458,528.045
595,554.065
199,189.64
464,394.38
738,627.375
433,378.78
483,432.055
189,281.265
447,414.83
608,508.405
798,696.465
929,972.815
525,348.235
403,371.445
321,378.695
498,404.345
1240,1122.01
509,542.685
275,252.12
426,475.035
374,416.71
519,425.555
623,612.755
265,257.8
772,803.77
167,204.315
420,417.06
415,485.54
282,233.455
766,583.39
365,301.1
412,300.675
224,297.435
1069,944.595
1012,1034.48
235,310.57
459,458.91
5761,5523.66
229,243.925
726,623.975
495,422.75
372,395.665
260,331.485
451,465.605
528,583.52
476,450.84
374,224.82
290,304.735
697,770.975
684,638.945
861,862.055
231,288.155
367,430.9
499,348.72
258,310.97
200,306.295
777,768.07
155,225.56
251,443.59
640,661.435
286,331.455
321,407.885
458,508.5
300,263.93
177,257.38
178,151.715
277,257.785
276,327.755
365,323.575
389,331.06
439,332.66
249,233.67
440,336.97
438,488.135
447,352.715
463,418.825
384,451.015
816,596.595
826,696.94
295,263.44
467,477.55
3416,3372.295
225,256.185
434,371.445
292,274.18
879,826.925
283,277.735
494,443.34
578,689.27
419,392.15
477,491.91
364,304.98
403,306.8
214,291.1
1020,866.335
216,295.71
380,376.4
254,321.33
224,343.125
228,321.99
425,426.24
418,441.215
232,217.025
202,271.87
495,427.66
229,349.215
763,729.09
718,714.22
404,371.875
269,256.68
413,561.46
518,484.145
379,429.6
477,416.62
248,205.84
445,438.085
290,260.405
366,343.445
352,282.295
515,540.18
212,285.86
534,395.555
256,356.01
227,299.34
336,296.51
733,532.195
359,392.815
485,526.91
575,440.85
247,284.775
398,481.29
369,368.625
483,404.115
327,440.37
240,269.04
301,274.335
357,226.66
162,175.215
268,222.935
204,244.15
241,270.625
486,475.545
327,317.785
516,547.18
240,296.34
350,244.5
312,446.265
398,424.79
539,541.96
422,372.12
902,779.02
402,298.37
418,353.715
820,748.515
148,226.985
454,497.79
585,551.62
309,353.165
191,225.48
287,404.345
406,313.51
371,390.74
599,470.455
515,505.835
295,250.845
5024,5729.17
243,385.505
117,142.07
441,404.05
296,234.96
425,603.815
232,201.34
440,522.86
948,890.01
704,796.14
189,242.815
473,417.55
250,310.275
488,435.855
355,339.785
440,349.435
455,438.19
261,307.18
140,244.475
444,387.46
504,385.365
382,443.045
769,645.175
454,421.72
363,376.695
187,316.405
294,228.12
418,434.425
438,393.935
643,662.49
603,646.755
303,273.705
328,320.815
1022,950.365
480,472.205
259,324.015
240,416.99
260,257.475
393,374.91
815,583.565
426,392.405
362,400.705
605,467.025
444,480.64
333,250.67
470,431.295
633,549.065
215,285.5
833,824.245
426,495.605
591,563.34
530,512.745
601,530.3
333,341.425
469,497.605
168,232.525
198,193.25
209,227.56
415,396.955
547,528.82
527,436.71
616,501.03
730,609.605
327,438.965
297,260.8
255,236.005
584,440.3
587,456.77
272,285.82
378,331.52
660,718.265
382,487.935
334,316.4
1734,1571.83
280,255.19
817,831.785
469,390.955
380,247.53
437,392.145
283,273.33
359,338.475
287,236.645
387,319.89
239,218.72
243,226.35
363,373.75
234,236.955
252,248.275
224,239.025
562,452.76
183,303.26
202,278.12
282,286.51
500,449.89
170,249.41
1030,999.715
341,319.055
503,437.435
385,520.28
437,353.85
345,422.04
524,385.055
314,224.25
319,302.51
989,826.38
607,574.04
408,547.59
251,276.15
385,443.62
194,215.02
996,1181.535
378,377.435
402,404.965
3087,3160.475
322,259.945
333,308.93
538,452.165
269,380.255
684,527.955
241,343.635
632,473.145
430,391.675
363,393.045
808,889.505
315,235.145
620,551.745
315,295.0
360,294.01
420,441.08
460,406.89
343,339.835
276,254.34
241,260.355
452,345.665
1035,1160.995
505,500.34
478,407.125
176,282.01
243,301.43
132,246.34
507,391.985
554,491.38
587,571.975
340,487.55
575,557.69
378,438.27
304,370.045
341,359.25
259,273.68
216,222.635
510,513.27
349,334.545
293,276.83
209,196.84
187,268.63
819,651.06
206,284.615
450,424.005
609,628.275
386,313.965
572,592.955
174,235.755
288,284.02
367,359.5
208,228.09
984,1009.375
391,446.84
156,232.825
501,521.22
233,301.565
719,725.615
226,240.375
540,340.905
244,298.61
399,454.62
317,364.975
280,213.285
568,583.34
502,444.67
387,455.39
588,692.795
624,710.1
137,263.86
234,249.47
369,416.93
337,226.08
586,611.56
583,571.63
360,278.94
4030,3894.395
728,839.865
336,314.555
552,586.885
670,487.085
445,410.875
291,250.48
368,419.02
738,656.79
284,318.1
969,876.74
179,160.745
619,546.955
304,383.075
513,533.925
316,246.685
515,550.87
344,389.115
367,282.925
310,292.415
545,641.065
203,283.72
479,373.06
497,369.8
163,243.285
215,212.925
309,234.175
393,477.695
337,388.395
201,249.23
523,486.885
504,426.93
308,275.74
357,387.9
495,412.735
311,208.96
139,212.785
472,363.94
501,528.705
966,935.12
996,861.89
927,913.12
436,371.54
552,593.04
463,347.66
711,603.33
284,248.715
443,348.69
188,206.915
2478,2466.83
587,608.975
353,496.265
344,373.61
357,292.02
1695,1532.67
256,310.13
621,546.86
949,777.335
251,341.765
608,783.75
395,292.0
267,315.405
314,229.375
384,435.225
202,272.695
337,374.495
734,601.45
395,355.24
493,526.865
409,370.835
295,362.045
482,523.875
208,315.91
335,355.07
203,175.91
466,429.435
3336,3303.915
496,488.205
277,219.39
710,692.495
777,876.745
250,210.45
564,432.51
217,250.27
473,348.64
255,287.73
423,447.39
383,359.3
1864,1938.14
283,453.52
577,579.09
561,551.335
586,541.705
380,425.715
1041,992.225
492,558.01
433,455.985
272,233.565
419,411.135
556,552.935
160,219.655
521,616.43
475,446.98
563,445.715
140,236.7
302,328.56
301,349.545
619,654.95
710,720.77
285,327.92
471,556.45
609,551.19
215,272.63
287,283.835
519,540.59
865,761.49
867,836.125
207,191.27
693,731.415
319,313.57
266,240.985
290,298.76
942,935.02
265,367.245
474,350.98
378,274.3
142,234.43
531,372.42
354,329.45
588,541.585
620,488.97
449,423.415
405,432.355
622,465.83
376,426.135
268,247.7
357,228.91
314,321.68
594,566.24
426,328.08
395,460.9
378,326.16
189,226.475
393,403.135
227,293.24
378,386.565
3630,3686.25
274,360.865
360,311.935
685,747.355
818,859.64
918,695.29
614,466.155
233,349.3
175,207.325
684,699.215
959,756.99
195,277.96
726,629.9
257,248.27
229,248.685
406,427.13
382,321.62
272,343.385
664,732.045
246,318.985
508,418.31
321,267.515
247,250.91
390,438.17
339,282.585
243,201.695
246,252.0
132,242.805
474,535.345
586,519.0
432,440.66
331,410.35
268,229.695
231,260.075
847,657.01
876,763.51
579,577.255
495,518.885
241,326.305
441,435.9
123,270.435
865,727.045
781,799.105
590,595.955
270,341.615
567,586.855
990,931.29
337,360.95
640,541.955
854,905.4
282,300.41
437,381.145
348,334.15
1012,895.14
248,313.635
504,371.995
314,444.705
177,314.71
342,505.135
307,309.67
347,293.995
571,457.33
355,455.705
445,471.955
607,480.355
361,318.9
307,308.8
533,602.88
213,224.05
244,347.715
148,219.63
431,454.265
602,515.745
186,234.96
243,340.74
289,248.14
526,457.2
388,425.065
443,491.91
271,236.695
406,349.62
302,251.525
140,240.05
662,478.31
331,260.98
429,363.065
437,283.5
403,496.74
1830,1977.61
506,497.82
556,521.535
585,679.18
184,241.76
399,310.1
470,498.045
669,610.325
234,245.48
534,587.14
233,277.53
742,698.855
226,304.57
756,759.83
209,254.725
345,473.8
603,605.765
233,292.01
278,256.355
329,306.55
725,663.625
282,375.61
747,758.365
491,398.855
348,284.125
347,259.38
519,378.02
314,333.775
613,562.64
450,490.875
321,335.65
483,410.66
351,412.285
526,502.755
761,665.225
92,216.32
166,231.795
602,562.835
279,268.165
230,186.185
534,650.915
299,282.175
499,581.465
374,448.26
290,263.71
665,520.51
342,438.14
610,784.8
292,275.615
429,348.395
553,518.18
326,229.945
426,396.41
191,216.095
262,308.595
208,257.825
457,410.02
303,325.415
266,256.395
145,203.995
266,297.655
360,341.725
528,432.5
316,289.995
660,575.24
500,423.215
479,371.505
316,249.185
374,427.25
388,417.86
191,241.115
464,393.03
228,266.81
405,304.395
178,209.635
193,214.93
401,434.37
859,897.79
476,664.37
511,492.305
185,266.9
873,868.655
203,248.44
331,426.915
441,396.73
431,424.75
236,209.5
505,471.47
289,239.535
482,425.71
393,518.455
717,574.51
206,377.12
354,450.795
413,468.34
250,361.72
204,176.02
417,394.23
558,491.065
280,362.695
391,293.075
474,409.915
945,922.99
557,612.29
307,467.79
168,207.235
333,495.445
442,268.485
279,270.235
530,415.83
245,199.265
355,430.365
428,375.74
468,473.21
281,263.945
567,603.825
422,381.78
3368,3496.62
314,308.655
534,483.725
353,341.27
962,912.22
367,288.25
263,418.345
403,397.815
346,382.925
333,322.145
311,216.325
209,246.58
525,532.685
296,333.08
574,547.28
530,531.375
359,431.505
460,551.08
420,520.5
803,883.78
493,514.61
553,548.98
375,289.795
732,650.755
375,470.89
510,419.2
293,274.91
758,824.075
583,581.035
343,385.48
241,180.58
595,562.16
727,639.63
348,338.07
284,291.135
369,432.93
609,789.58
190,147.65
808,819.675
424,418.895
517,444.985
483,463.795
303,410.26
178,248.66
1043,1074.975
639,613.295
431,405.905
490,487.825
530,471.92
417,489.42
162,193.375
339,296.155
211,374.495
499,521.025
308,256.105
299,245.785
553,604.58
616,751.195
349,392.14
327,370.93
346,304.735
240,234.115
344,290.32
480,480.005
265,228.12
240,427.695
214,222.435
217,194.95
472,357.315
291,328.87
242,185.87
684,541.91
328,242.55
400,318.635
190,174.0
300,362.76
417,294.725
228,200.46
551,424.335
442,409.395
447,457.32
187,213.58
343,508.555
528,422.325
397,293.625
617,505.97
154,244.435
536,383.105
525,402.98
615,599.235
587,486.56
333,234.33
407,315.905
695,520.75
315,290.625
214,289.485
393,355.095
314,240.955
454,445.91
1700,1711.0
232,242.985
396,354.06
547,620.26
407,446.425
391,287.9
171,230.995
565,425.58
277,297.805
528,514.56
269,208.82
413,435.395
664,462.125
194,175.285
415,363.335
176,235.355
429,370.525
560,544.575
373,405.755
350,305.95
480,412.48
300,348.9
303,265.54
340,408.16
209,211.185
556,612.74
518,563.34
445,471.025
229,201.6
284,341.94
322,245.36
409,386.23
472,503.135
448,345.025
309,354.005
546,489.675
149,183.87
539,434.25
3175,3193.21
234,215.365
317,239.285
242,269.35
532,426.835
699,627.63
263,269.06
660,589.91
240,249.415
270,224.275
210,207.11
143,239.9
287,345.22
304,265.675
282,287.345
257,340.78
409,311.33
567,508.335
359,431.795
365,329.105
331,229.415
397,363.21
617,557.375
231,298.075
218,186.66
381,349.81
168,232.81
788,876.115
121,254.725
278,388.865
521,512.25
336,372.345
563,460.905
938,874.195
813,927.595
204,184.205
269,297.11
360,295.03
342,257.025
265,222.8
264,292.76
806,878.85
426,486.425
380,552.02
906,716.745
543,593.06
200,352.905
448,401.56
236,324.08
984,881.195
250,239.26
618,696.1
344,475.39
273,380.69
941,842.745
488,448.62
186,185.675
553,529.355
254,348.745
1003,909.46
499,423.675
379,329.88
458,527.445
266,383.76
463,326.425
413,394.205
673,611.865
300,444.85
267,343.435
493,561.83
486,507.135
455,367.345
431,493.755
462,497.26
282,235.535
472,426.065
578,596.805
318,207.34
431,337.89
203,237.97
873,770.57
505,525.375
342,322.815
451,412.855
613,629.595
316,308.54
340,368.015
342,338.63
575,551.045
300,325.21
539,504.31
592,670.57
417,425.415
422,537.265
551,431.22
847,840.015
340,381.02
292,422.485
499,653.705
460,392.55
900,978.675
506,451.055
296,409.09
293,285.38
492,500.535
266,261.15
431,384.46
712,564.455
310,455.69
330,406.015
695,650.105
640,530.02
296,283.175
507,429.455
627,475.135
537,469.445
667,827.685
320,240.405
406,349.355
281,316.145
407,402.13
550,610.355
535,560.075
820,886.34
394,371.195
495,369.525
350,217.135
278,294.52
360,274.695
205,274.735
344,345.03
275,221.52
482,416.6
247,350.34
401,311.285
325,406.195
575,619.165
479,450.85
540,451.565
557,594.68
365,263.13
291,371.775
213,231.365
366,324.205
326,287.605
355,302.305
785,644.18
246,405.68
339,297.065
454,491.895
220,211.01
719,671.16
518,410.655
246,247.625
285,277.875
319,252.36
450,421.61
931,829.955
263,287.295
195,236.97
467,376.735
165,281.645
546,491.755
456,487.88
259,241.795
190,312.07
708,762.06
451,496.93
439,426.675
659,526.685
597,427.26
217,197.815
613,442.085
765,567.96
181,233.74
197,172.545
559,687.99
153,243.72
326,256.765
359,425.67
570,409.75
477,372.41
542,547.85
204,265.66
622,478.01
661,603.205
586,628.655
593,431.565
392,433.37
161,169.45
427,312.9
508,468.375
491,389.475
614,413.59
914,904.93
367,247.67
178,235.51
317,225.43
360,372.25
599,488.775
326,466.19
914,780.76
424,336.72
257,297.155
263,263.605
443,485.28
261,213.325
448,424.595
505,598.76
158,160.19
333,430.14
475,547.66
379,397.33
239,371.655
518,532.045
416,393.04
471,470.585
394,512.75
135,240.355
469,577.685
689,648.765
411,413.06
243,194.61
328,392.245
610,607.495
817,617.095
461,430.69
328,430.265
610,594.61
821,837.615
156,243.81
453,513.4
317,307.735
179,147.145
306,406.695
366,266.86
346,388.625
277,223.21
248,312.365
153,250.785
454,404.85
259,422.94
581,595.495
407,352.105
525,375.095
476,522.79
646,742.71
355,277.49
189,271.025
890,879.27
429,560.68
337,319.085
365,369.165
601,561.36
434,570.24
374,458.22
706,516.955
319,264.685
1662,1461.285
401,386.405
506,524.02
235,227.51
620,615.59
278,283.42
313,252.575
679,534.59
418,367.96
331,333.27
540,402.21
650,521.0
296,400.815
449,421.205
258,259.405
388,341.53
1031,979.745
505,557.8
385,379.615
302,378.655
348,366.53
293,274.995
426,336.955
362,371.185
173,261.88
433,480.23
395,440.23
620,579.74
214,216.115
192,247.19
201,189.97
204,274.6
279,241.815
193,166.645
526,538.45
368,496.325
521,526.24
724,807.355
557,471.37
299,318.68
546,483.535
300,453.425
372,304.035
921,893.405
214,286.945
525,428.8
576,432.14
1057,940.595
616,602.03
895,845.69
238,399.03
224,214.755
90,135.215
520,662.12
393,432.67
381,422.895
484,567.55
580,463.895
522,425.26
527,387.195
315,312.035
502,441.39
228,308.45
378,332.23
193,220.335
369,346.64
522,589.74
241,243.615
350,389.885
422,404.41
372,379.13
488,374.75
261,344.98
341,231.29
288,253.52
413,357.28
223,245.885
296,348.76
332,300.335
400,360.175
704,687.115
433,496.36
664,651.99
208,217.43
259,431.795
394,264.215
274,218.43
300,324.85
216,174.42
252,318.855
604,598.33
696,623.71
583,717.46
329,384.495
143,192.405
170,238.775
280,298.415
349,374.465
2406,2475.285
221,292.125
283,230.77
486,323.385
322,335.905
537,408.185
403,302.01
884,880.13
292,300.92
230,215.595
344,321.365
564,498.805
331,273.44
464,455.475
323,221.955
609,509.14
659,527.415
384,362.685
133,142.435
553,640.93
427,436.115
362,456.52
590,594.025
507,382.86
514,406.03
562,459.32
685,571.48
499,370.73
502,580.105
446,525.85
393,483.985
497,475.815
152,247.17
340,430.325
665,625.46
242,331.505
390,339.255
454,358.68
790,854.985
456,316.53
291,334.805
229,392.16
371,509.49
670,611.795
684,709.015
469,536.16
365,320.445
373,355.57
448,362.43
377,369.495
328,383.45
814,858.7
433,416.15
161,241.665
419,266.23
634,688.825
607,627.17
194,169.015
204,376.305
7184,5917.13
459,489.74
190,269.135
461,451.86
200,245.245
377,348.4
311,400.635
523,472.965
692,716.715
492,452.03
182,251.71
125,236.79
439,416.845
540,456.355
301,273.52
364,523.12
382,370.415
268,422.515
502,472.745
403,424.92
241,367.545
419,499.075
237,258.005
295,297.48
149,280.185
336,266.44
229,230.56
912,936.155
309,373.105
784,632.51
145,151.94
272,334.935
349,436.06
469,397.14
473,352.4
412,497.805
217,218.87
436,464.645
461,408.175
302,241.285
415,469.175
503,525.645
563,477.515
239,348.755
178,203.655
582,591.535
1085,1028.01
465,423.165
380,365.16
379,436.88
495,445.76
460,531.49
341,308.805
250,219.595
332,272.84
399,537.77
472,443.71
316,461.975
497,477.29
274,367.985
168,233.38
177,182.775
530,381.405
227,251.58
622,645.73
429,601.41
524,529.515
302,262.15
465,500.355
515,498.86
186,320.95
515,453.155
994,853.41
458,475.375
471,495.02
379,399.59
540,482.035
484,543.955
255,370.95
443,478.35
435,413.53
617,639.065
322,272.53
223,238.34
292,267.925
247,199.315
291,236.965
539,550.46
285,460.775
1300,1331.61
320,384.05
255,378.81
513,369.57
434,415.165
347,258.645
484,390.23
605,575.67
555,505.395
484,607.23
678,668.89
374,374.77
497,525.34
262,363.135
341,332.94
698,782.77
464,495.125
612,451.04
387,412.2
236,235.46
497,334.745
425,486.275
336,315.36
450,511.31
449,452.185
337,313.415
512,511.63
273,215.12
591,489.505
310,298.925
480,476.855
461,654.965
540,502.31
228,233.205
423,562.34
502,465.315
656,549.425
656,670.1
393,381.46
572,693.68
306,296.1
385,374.14
207,289.82
364,471.76
380,353.02
372,275.305
520,400.275
226,266.16
1044,1011.695
276,311.43
781,659.175
467,357.28
200,226.99
116,172.74
2532,2396.885
311,511.395
598,420.42
489,396.245
394,453.34
246,283.86
383,429.14
361,380.995
410,463.935
559,591.76
254,278.67
512,419.86
177,199.945
301,314.05
358,502.43
388,418.17
211,207.31
459,457.64
337,370.26
491,476.73
623,607.255
431,385.01
326,383.725
148,226.35
326,370.485
323,212.255
457,497.895
283,378.175
303,250.61
228,300.615
708,553.77
1049,1020.475
493,388.825
308,400.385
346,375.82
488,427.9
345,381.035
355,349.905
488,504.21
529,634.135
517,473.275
329,415.515
341,376.195
233,270.015
682,562.815
366,274.59
313,282.1
321,483.775
338,292.1
732,842.09
212,309.36
224,249.305
424,411.59
438,548.965
568,600.275
1028,1039.435
313,308.59
443,504.07
540,417.91
420,380.26
948,851.16
336,356.26
423,424.505
777,610.44
578,497.84
237,268.825
710,591.49
315,291.355
379,358.645
592,489.165
283,424.43
297,362.475
631,552.405
277,285.445
191,305.57
292,355.485
180,331.395
320,486.765
640,475.665
460,464.94
871,813.61
543,490.335
528,418.3
502,514.73
316,318.7
642,561.435
656,715.525
395,408.665
326,236.465
104,255.67
407,459.885
165,297.315
743,690.61
312,259.18
437,508.395
188,219.65
562,633.385
308,252.195
263,228.535
495,483.655
240,322.3
353,431.94
489,438.995
781,608.24
562,468.205
704,630.38
350,345.01
531,412.955
423,381.065
375,296.725
285,258.375
400,377.655
315,318.545
621,533.555
506,546.905
378,606.855
313,417.745
428,336.085
450,512.175
469,388.03
466,635.75
194,178.405
994,831.605
355,348.38
477,575.39
782,669.495
348,423.37
173,237.96
395,348.68
431,333.19
134,222.59
361,446.675
216,347.765
268,367.56
385,371.885
565,679.74
783,846.73
163,197.3
976,851.085
367,325.23
495,430.16
1024,893.645
239,368.9
424,376.16
476,475.21
602,553.795
460,603.835
262,260.705
1645,1497.49
277,256.855
371,288.605
377,373.5
1018,901.175
176,261.11
217,241.495
595,560.95
340,279.22
626,558.265
546,400.79
217,259.905
421,613.315
621,611.1
442,590.545
315,396.64
779,699.395
344,466.565
546,403.09
392,440.82
523,524.06
396,413.905
265,231.215
786,583.27
419,384.84
557,448.44
296,390.755
380,292.915
369,389.835
204,197.78
400,494.61
222,424.615
428,380.205
309,341.255
572,671.835
434,295.885
370,376.63
849,872.35
267,276.105
477,526.095
506,445.155
685,749.34
441,392.525
256,222.315
536,425.505
959,798.135
397,343.445
445,488.815
364,296.72
354,405.52
503,531.835
343,318.745
280,207.33
513,422.73
480,531.38
311,469.03
463,459.96
459,514.925
312,434.5
260,213.315
541,534.5
274,244.165
622,627.745
466,432.485
374,324.765
399,509.815
415,538.615
453,480.99
527,552.89
521,505.37
427,341.475
450,343.67
834,874.025
444,391.94
194,262.045
757,688.095
245,276.545
699,542.935
234,237.845
370,238.76
345,276.095
179,200.2
365,372.605
586,685.26
304,310.11
580,578.765
289,330.35
507,559.365
495,398.155
544,549.615
401,429.56
153,329.405
638,621.59
354,357.26
253,345.645
241,221.5
348,255.975
647,597.395
285,254.88
676,603.095
392,351.52
384,436.92
406,460.445
896,826.49
471,371.17
919,885.44
773,788.13
380,469.095
360,466.315
283,310.365
206,289.835
228,298.08
624,595.99
412,400.765
1055,899.705
285,370.635
510,470.305
338,242.38
381,388.595
590,699.495
484,501.955
208,188.405
270,377.07
184,303.82
877,880.43
276,407.72
417,387.635
344,342.35
423,339.73
408,336.69
307,380.3
191,235.985
335,250.27
1075,998.935
353,392.45
376,413.65
209,222.625
194,216.24
150,210.015
840,912.38
390,406.71
587,617.88
106,194.185
219,246.245
315,388.575
258,306.445
741,682.115
307,447.565
570,634.485
329,302.61
240,363.6
560,534.36
774,755.175
811,771.725
320,290.77
171,233.91
386,398.095
299,309.48
343,359.5
616,482.83
445,430.965
333,353.78
239,181.83
428,328.685
629,566.94
607,541.13
364,262.155
301,265.98
497,492.655
609,562.715
294,290.575
359,291.455
326,351.555
237,273.095
458,365.445
635,684.66
220,372.765
540,476.06
592,630.605
474,384.025
435,395.99
270,289.03
205,201.565
392,349.91
318,489.75
417,368.815
635,747.31
390,311.205
254,257.185
573,543.81
437,436.31
246,311.53
423,463.18
514,401.35
573,467.92
560,483.215
566,564.275
269,267.625
243,237.195
562,481.07
646,770.8
1828,1711.11
806,691.255
287,386.36
217,210.78
194,247.36
727,592.205
802,585.895
800,809.155
448,435.965
284,328.92
191,266.16
554,445.195
362,272.8
787,722.815
474,436.035
603,476.66
518,347.955
264,422.555
521,563.235
742,653.875
417,344.86
407,438.955
399,398.305
684,773.07
236,235.81
475,392.37
297,241.525
798,759.38
160,230.725
686,653.915
479,353.035
386,369.51
335,320.125
547,535.94
215,325.25
256,316.43
677,623.05
293,260.55
412,387.195
946,950.435
1054,902.53
2960,2993.21
191,246.32
603,457.12
247,331.02
143,181.715
356,388.635
299,350.0
250,285.45
471,496.315
488,509.675
594,576.305
241,286.79
723,590.235
200,290.3
493,405.46
1061,967.325
430,493.64
184,239.95
263,287.495
293,401.405
645,667.19
556,506.32
355,268.045
443,422.25
361,396.255
349,297.505
226,374.815
430,278.425
724,913.34
2422,2514.04
389,342.815
425,444.53
208,234.86
240,279.305
455,310.215
411,326.585
146,199.2
250,292.205
338,462.49
397,369.39
142,193.215
354,354.595
316,401.25
836,657.6
353,289.02
197,225.295
331,518.675
498,483.385
399,483.4
722,709.17
187,228.61
666,569.54
473,395.835
399,315.27
224,246.07
389,365.69
209,364.73
214,210.33
627,819.945
321,300.21
643,763.545
577,476.285
609,532.225
237,365.3
349,341.555
497,380.805
608,549.905
351,427.645
189,318.105
225,220.57
302,455.83
443,363.52
361,354.065
426,434.88
396,345.545
297,313.84
524,506.62
541,595.305
347,344.45
661,753.395
437,373.14
421,443.255
853,676.315
385,416.145
284,353.11
202,238.66
756,746.875
255,286.52
185,239.225
459,378.125
408,400.335
476,565.415
782,618.275
386,325.62
519,574.0
400,417.915
403,345.065
530,428.645
624,530.165
216,241.67
256,275.45
443,457.66
442,473.22
286,208.77
215,209.7
155,267.295
591,398.76
328,317.455
187,197.71
285,244.61
696,624.775
198,228.5
216,270.75
280,249.095
300,210.105
404,417.03
251,309.285
171,167.93
445,460.19
230,290.45
392,398.055
378,468.37
762,895.035
769,887.295
449,403.495
224,215.155
939,961.275
278,241.525
243,315.06
455,423.675
151,241.775
119,200.66
203,244.99
793,800.245
227,224.295
324,266.135
268,295.9
216,241.245
257,374.205
315,365.49
756,625.14
342,430.6
567,399.93
484,495.875
593,476.83
373,382.34
294,282.465
292,407.335
285,242.27
390,471.965
581,425.37
293,366.24
465,336.83
539,380.835
336,433.68
330,289.585
234,242.42
588,491.955
276,256.61
200,218.095
155,231.21
316,326.365
264,295.98
444,437.375
479,498.58
331,380.275
320,385.42
337,283.97
77,259.76
617,545.395
222,231.54
225,417.85
598,544.23
216,231.4
221,245.315
528,423.355
448,399.605
325,231.59
151,218.21
561,467.515
447,492.785
120,237.435
721,679.69
363,284.155
338,395.42
495,395.725
382,495.15
281,307.315
235,310.35
284,273.055
399,297.96
623,586.365
335,390.4
1810,1848.43
496,549.14
498,572.545
510,388.92
348,356.11
346,255.435
3332,3249.76
214,251.165
331,226.425
681,713.085
507,624.285
1058,1010.135
214,203.335
489,460.705
180,200.58
305,371.92
602,536.075
494,493.71
237,431.375
400,351.16
337,212.035
300,330.265
316,284.845
880,955.4
270,244.745
507,492.785
222,230.625
381,404.17
347,347.92
445,425.07
505,465.34
334,440.715
576,688.21
378,332.2
316,230.48
489,363.745
302,243.63
318,285.915
627,756.385
389,296.445
110,153.63
2700,2663.545
292,340.255
760,931.785
435,444.61
245,199.72
108,211.82
313,334.89
261,272.07
446,483.97
404,439.145
580,519.23
302,340.285
404,382.225
642,580.055
379,327.71
241,381.67
321,313.74
380,409.41
271,344.15
344,439.44
196,272.53
448,427.2
194,233.465
947,782.5
186,213.905
306,268.035
569,442.39
412,364.31
548,591.785
391,385.34
246,388.69
571,724.47
525,602.89
422,381.87
276,404.34
461,433.8
293,287.95
254,237.915
522,420.415
153,224.955
467,431.575
395,348.355
244,428.67
486,399.25
369,456.93
570,715.695
245,214.525
680,645.22
456,302.6
574,444.73
374,300.06
502,540.1
524,503.92
463,399.58
924,796.775
409,504.305
366,487.295
494,421.62
316,286.0
375,285.645
360,267.18
455,365.175
138,240.76
397,404.325
543,528.06
150,246.73
557,584.135
380,406.945
469,438.43
560,454.2
149,218.55
263,291.98
343,440.955
450,424.46
234,215.275
830,840.76
670,564.86
240,366.545
319,298.615
213,173.945
635,581.45
475,357.825
388,438.825
502,411.865
2244,2242.595
193,171.075
454,487.07
365,509.33
363,374.44
324,236.305
706,524.765
410,421.97
263,221.56
413,468.13
771,698.195
324,361.47
973,796.66
650,431.06
368,335.235
606,555.955
466,474.035
130,194.705
566,590.045
248,312.3
522,460.35
562,778.53
642,470.43
526,564.73
298,247.59
307,329.265
389,363.165
415,368.71
179,242.81
421,428.14
508,422.78
443,494.22
288,370.365
358,516.405
222,258.915
280,247.01
444,426.195
530,439.545
380,416.96
250,255.685
445,473.025
521,496.98
920,812.47
235,230.065
445,402.68
280,236.815
253,208.37
437,439.27
389,474.495
344,366.44
723,568.09
398,448.365
239,230.66
180,271.66
403,354.53
654,758.26
1005,966.025
319,358.815
587,446.51
365,252.49
257,413.815
556,477.575
325,365.86
586,528.055
529,501.56
209,287.245
207,231.345
262,321.96
252,364.15
327,344.595
417,353.635
245,288.56
381,398.925
666,528.35
460,398.11
409,410.655
459,525.36
442,547.44
384,418.485
474,395.735
330,355.495
200,342.045
240,230.125
323,303.145
658,479.84
334,407.38
179,294.415
547,511.135
449,374.095
309,225.86
398,497.015
433,519.77
658,604.36
465,395.61
418,338.5
445,466.195
358,464.655
619,595.0
274,259.31
899,717.545
292,254.545
193,218.395
388,345.66
315,286.45
385,245.655
364,325.585
884,780.375
300,423.025
619,498.895
180,170.275
362,256.935
465,537.305
258,340.31
331,290.415
321,449.885
444,451.6
292,298.22
272,385.18
242,239.025
289,232.955
315,439.11
480,450.88
267,193.58
340,405.68
507,428.88
513,582.62
260,361.99
302,305.88
255,197.23
325,338.165
493,482.29
338,445.6
178,241.94
256,320.165
272,226.59
359,440.8
167,184.925
529,372.56
581,542.46
216,318.305
227,185.58
245,225.37
284,277.265
520,494.065
553,445.375
536,565.255
754,604.42
274,244.67
899,874.465
673,573.52
348,298.295
586,592.675
180,207.535
571,702.245
286,396.73
536,527.08
568,513.225
521,396.49
327,398.26
2925,3117.69
553,463.45
346,401.725
175,147.85
237,185.465
334,339.395
613,674.545
404,271.975
673,755.785
281,271.995
464,373.45
326,391.035
184,218.35
922,938.39
390,291.41
588,612.625
382,256.08
127,192.765
195,249.515
368,310.2
422,360.32
191,196.85
263,358.385
196,204.325
276,446.25
376,491.43
533,511.62
911,933.32
224,249.32
274,291.45
284,221.535
423,415.765
472,407.98
336,314.45
645,652.52
297,295.415
463,455.455
356,280.91
676,517.73
579,517.04
769,845.8
385,360.77
252,239.6
495,591.175
301,365.14
315,346.15
566,678.575
657,477.595
509,475.82
179,233.095
420,524.665
206,183.955
643,519.98
225,250.0
308,306.44
325,336.73
547,692.725
229,273.89
730,600.485
424,549.22
679,598.75
172,247.33
324,280.765
484,481.42
492,425.375
216,289.765
137,176.95
247,308.15
438,514.465
359,415.99
670,522.9
212,225.88
292,351.89
195,181.37
187,302.885
139,190.24
618,679.235
225,337.79
580,559.02
387,364.485
318,339.465
219,241.675
534,480.28
475,424.97
330,321.21
560,476.37
209,215.535
242,258.07
589,437.125
863,937.555
253,355.76
564,572.465
210,239.335
419,376.835
231,363.03
280,277.25
570,534.955
406,338.06
576,554.695
590,560.52
353,351.655
247,360.205
608,563.595
608,534.14
177,245.22
208,240.81
172,212.7
381,383.27
432,511.01
386,345.935
180,204.965
306,458.005
304,267.815
614,440.335
515,504.925
244,288.495
350,372.84
500,424.675
688,678.115
355,302.07
204,198.88
262,297.975
456,479.005
345,364.59
505,486.9
307,401.03
272,432.23
601,753.58
2856,2865.645
260,246.26
393,394.225
311,272.895
156,260.31
312,383.795
155,230.77
252,281.755
435,352.855
817,607.895
338,402.755
226,290.875
421,347.535
207,234.96
236,245.085
475,416.38
645,553.035
724,781.105
245,233.875
451,397.1
669,582.83
349,361.495
231,344.335
245,296.615
305,407.25
223,326.265
171,263.23
522,628.67
611,603.69
402,526.45
146,170.285
458,438.885
542,591.41
156,194.225
294,247.68
213,202.48
369,273.41
386,401.225
396,315.63
728,656.285
494,480.465
397,326.045
149,207.67
625,551.18
331,467.535
151,227.915
531,593.15
323,226.7
353,336.45
227,287.29
527,608.705
369,321.22
346,390.165
369,232.825
320,321.83
200,191.93
400,400.595
609,435.25
327,241.6
242,211.165
183,260.205
282,238.095
344,276.02
193,262.265
196,247.24
260,207.06
151,250.9
487,608.49
273,271.9
347,415.55
919,848.535
479,475.55
343,343.2
508,517.59
599,487.885
499,500.01
409,420.015
180,260.63
435,467.35
540,361.76
184,241.255
511,565.09
353,348.93
487,414.01
478,315.835
234,285.75
465,394.52
318,505.445
307,306.31
489,480.925
140,147.805
715,626.375
416,488.515
760,800.47
425,387.71
490,440.655
363,510.905
383,348.74
1352,1340.265
384,525.83
317,391.31
580,670.73
469,417.48
177,171.715
232,256.685
297,380.61
359,343.115
209,249.69
916,811.0
417,333.365
455,352.675
451,394.65
502,458.265
258,281.605
747,891.775
489,474.165
533,381.305
547,505.605
256,349.815
285,302.35
185,233.15
399,436.13
289,234.82
193,232.845
291,428.63
469,422.9
303,314.205
284,280.225
399,266.945
324,451.28
196,262.205
336,292.18
821,761.56
318,272.565
270,226.945
224,286.22
275,264.385
215,238.23
217,323.005
125,236.985
373,333.52
370,480.145
1776,1830.545
437,362.605
182,247.185
740,767.22
398,427.965
715,723.365
630,771.47
964,828.47
273,278.36
181,279.92
171,297.325
392,319.92
238,214.16
295,381.355
424,499.265
580,580.23
516,487.045
492,394.345
452,450.28
259,201.925
368,272.49
411,469.125
351,220.0
478,477.125
162,224.045
385,386.11
612,646.315
402,279.84
360,288.615
293,307.795
426,336.245
219,228.85
478,359.615
313,351.855
820,700.03
204,207.005
412,340.72
133,245.81
624,773.235
294,306.59
354,374.85
353,448.63
239,288.685
521,461.175
364,350.86
423,321.505
895,929.5
581,484.285
329,348.735
561,519.04
394,334.565
1100,1057.34
298,291.21
494,322.195
525,476.01
321,432.205
230,216.37
134,162.0
504,462.04
524,476.91
519,534.445
625,541.615
593,521.385
533,430.07
410,433.1
313,411.74
429,442.415
173,194.05
483,525.765
367,447.425
311,218.57
404,381.805
599,592.68
109,180.805
819,848.435
250,238.06
618,771.53
363,332.315
331,382.295
379,455.3
272,486.735
444,583.92
278,421.665
188,205.27
115,250.66
370,456.67
459,500.32
587,539.66
768,692.64
562,440.57
341,357.165
279,214.05
355,275.6
608,479.16
679,795.38
477,503.065
265,305.435
463,355.09
548,498.04
340,229.565
242,311.83
356,407.29
590,723.5
389,343.42
407,333.47
468,501.285
315,303.835
170,237.785
748,700.74
360,382.785
551,591.43
557,480.015
348,431.11
337,248.255
379,460.69
563,619.4
457,438.035
491,565.215
279,250.755
366,393.375
484,407.865
438,452.575
421,346.675
546,425.56
276,301.395
245,286.635
2485,2401.66
321,427.635
397,329.49
633,658.845
403,422.94
428,440.975
664,707.77
413,465.325
957,967.615
666,566.71
426,540.425
427,487.455
591,618.085
231,224.815
438,378.445
364,453.955
160,189.96
530,624.745
288,280.52
884,836.19
332,267.32
736,788.345
402,327.86
781,777.9
467,423.99
393,594.355
449,485.715
307,292.345
784,693.295
374,420.45
285,344.01
471,374.725
302,276.365
733,728.0
213,264.19
610,573.1
935,936.345
547,402.415
437,494.36
848,946.105
439,323.755
348,390.22
295,372.12
319,421.445
545,733.725
369,359.465
527,432.935
2835,2664.2
1292,1452.8
405,448.635
265,256.255
1998,1805.465
450,522.105
482,588.03
363,287.74
1060,960.855
408,529.285
372,401.095
622,635.895
648,530.965
506,386.79
482,439.845
453,295.45
311,245.195
448,337.755
545,581.88
319,251.75
417,380.87
360,341.4
98,223.325
386,388.64
614,738.88
345,201.87
256,252.78
561,438.8
194,213.625
246,218.705
581,585.685
314,417.27
289,233.495
634,635.82
235,246.065
309,408.61
633,559.15
266,372.31
565,560.91
499,699.165
612,484.585
316,385.785
382,302.37
956,772.67
896,681.985
356,402.83
540,622.785
314,349.35
407,400.035
899,926.4
796,717.995
554,732.64
529,604.42
369,429.2
303,301.065
554,605.925
197,330.825
307,418.985
401,433.42
241,272.955
204,258.565
226,247.535
312,246.265
339,310.395
351,418.14
379,315.96
260,249.545
368,433.11
130,228.1
339,426.355
266,369.03
307,214.495
408,382.18
482,469.505
821,826.94
141,247.04
345,385.705
433,327.085
485,346.07
469,412.525
398,441.145
357,362.285
261,351.07
466,377.965
481,377.745
252,234.22
340,269.68
315,359.25
243,303.285
368,300.825
228,290.19
343,277.965
1156,954.695
687,681.94
229,244.145
818,750.31
605,466.81
432,405.745
198,168.505
289,264.085
354,338.785
378,323.81
672,617.805
335,276.955
342,431.595
304,246.545
365,314.775
314,262.75
3648,3670.76
793,833.495
658,538.51
344,346.44
465,403.645
439,408.45
283,310.715
602,410.085
428,324.775
461,477.385
653,618.75
883,878.08
277,318.995
414,449.985
508,486.945
166,176.595
254,271.5
688,721.285
238,281.725
502,510.655
358,249.75
736,657.505
558,527.875
320,423.43
592,513.18
982,998.15
932,900.165
188,276.14
473,397.225
326,387.83
471,376.17
465,565.01
817,652.465
656,618.115
229,244.41
463,474.505
380,422.86
455,511.57
184,323.255
258,237.835
352,489.765
533,576.14
461,404.34
462,524.27
424,330.685
202,182.575
458,455.725
554,602.0
522,444.845
252,298.58
143,230.485
526,479.235
182,210.785
388,510.14
356,273.205
756,685.065
278,337.36
286,365.655
241,382.435
768,556.955
395,399.015
590,497.52
362,435.805
283,302.48
386,305.37
416,301.02
434,458.58
228,236.2
626,640.72
409,463.04
419,293.235
439,452.975
436,502.555
1012,955.89
838,662.985
268,237.785
514,558.115
706,751.43
473,462.545
820,895.645
372,362.455
175,198.255
1040,995.5
578,494.265
754,893.145
355,335.54
519,406.685
367,323.205
765,683.395
559,585.07
649,665.69
365,345.315
156,219.27
132,230.905
522,484.15
403,415.35
618,539.565
263,438.76
303,240.9
345,370.72
382,381.135
225,272.97
341,227.86
554,433.775
329,332.115
376,352.465
653,558.41
316,240.54
965,980.67
326,398.96
594,480.665
245,318.67
276,331.015
723,808.785
253,238.635
379,477.01
468,347.16
398,560.855
278,366.715
491,569.07
308,467.06
296,429.76
220,234.42
439,378.455
315,380.71
445,461.375
307,320.34
582,697.175
273,299.915
828,835.34
451,468.49
605,482.05
354,229.335
703,879.645
270,356.735
548,478.735
438,427.93
659,691.955
221,278.845
624,649.84
332,337.735
142,195.665
290,288.605
146,229.035
217,281.09
457,478.925
229,261.655
562,482.425
387,461.41
441,617.54
407,358.2
368,273.44
331,330.765
495,409.79
419,423.895
461,349.37
930,931.535
208,179.78
144,231.865
462,352.47
147,211.7
336,408.09
221,326.135
591,694.195
346,465.05
463,457.5
249,367.04
938,745.855
580,757.815
198,188.185
218,271.15
277,401.315
221,226.45
347,334.135
305,250.6
673,584.33
885,791.575
216,311.215
267,301.635
237,278.135
389,446.355
302,293.375
1023,874.66
646,508.55
365,325.005
266,313.23
390,391.0
524,578.21
260,286.475
189,229.685
173,237.005
355,313.325
455,458.12
236,357.0
394,321.805
449,669.265
633,544.98
534,393.99
569,548.36
696,778.4
413,355.89
775,836.905
634,545.53
247,352.51
332,409.785
408,277.235
578,443.26
150,230.7
141,256.405
276,361.32
907,703.79
459,310.91
238,242.66
451,341.56
315,338.035
480,472.68
377,328.44
234,219.8
330,290.145
823,809.17
262,276.89
446,450.03
655,532.41
703,554.35
284,266.27
625,605.175
604,602.665
929,798.6
881,955.865
416,526.315
330,485.225
415,588.285
293,319.83
455,379.58
261,230.415
287,303.65
522,537.55
358,344.86
432,389.195
592,493.315
839,817.05
393,343.045
542,418.205
340,365.465
345,391.535
300,272.695
291,407.315
642,521.925
318,269.025
559,488.465
296,399.03
452,412.935
420,362.27
294,348.81
457,556.025
305,436.85
295,229.675
211,229.215
160,255.6
532,418.665
456,492.86
309,455.17
343,458.885
210,362.975
624,697.99
524,469.235
247,301.51
239,311.345
275,400.595
218,283.88
391,508.515
775,842.54
506,465.1
306,426.075
572,498.46
256,214.55
346,325.215
488,424.47
432,348.1
381,291.43
201,223.055
537,453.29
541,527.55
863,957.345
430,528.545
385,302.51
606,515.3
649,660.335
309,237.885
341,407.66
306,371.925
662,586.01
599,554.76
567,589.015
386,271.68
480,467.67
250,426.935
282,425.395
581,721.085
200,247.59
605,597.695
597,446.43
624,614.935
281,287.91
334,323.13
328,354.6
358,335.675
156,167.53
480,501.485
286,285.435
310,404.83
167,219.55
317,324.865
580,591.75
379,277.405
430,441.63
388,271.98
238,249.7
908,760.585
150,252.44
176,271.08
398,443.06
632,485.845
430,610.725
201,205.695
577,467.41
770,772.11
300,417.495
443,461.065
400,434.835
421,395.22
652,503.415
529,497.29
246,291.325
264,246.73
416,293.43
498,520.435
581,588.14
331,291.28
447,480.195
638,624.64
441,464.955
328,303.35
827,865.105
510,640.45
300,379.28
536,445.43
297,330.725
514,580.815
250,372.08
679,515.805
233,264.905
533,416.435
188,226.75
317,284.505
726,588.71
328,319.82
1024,910.26
667,620.74
303,415.715
189,371.98
688,681.245
272,340.145
233,326.425
443,474.545
437,438.595
554,466.235
425,429.44
1038,807.55
658,678.155
275,217.91
553,437.07
283,240.955
375,428.715
400,359.405
179,328.55
361,463.855
207,358.27
551,402.95
533,535.865
435,404.14
213,266.555
428,474.82
439,364.155
492,560.385
217,432.78
422,379.89
325,288.68
519,495.06
291,296.235
846,783.245
269,229.77
532,617.475
566,498.035
271,435.895
257,372.17
472,335.755
545,430.08
649,662.34
353,346.365
579,551.255
410,499.975
336,480.09
365,291.98
178,291.715
545,746.165
367,438.245
321,448.21
223,374.24
234,371.74
334,412.86
330,292.665
474,550.565
606,540.435
719,549.315
474,442.42
311,300.055
234,287.3
209,282.285
394,494.085
262,202.005
657,635.9
759,823.955
141,305.005
188,226.85
189,232.03
441,414.535
198,175.05
384,371.795
905,994.38
126,236.375
332,395.58
318,270.78
230,205.735
547,483.44
277,401.25
359,309.75
491,407.515
581,721.73
384,375.75
2496,2476.88
404,434.9
461,313.765
370,379.14
224,284.025
399,411.705
300,391.855
241,246.535
155,234.035
379,475.91
247,287.77
412,326.005
849,761.62
279,257.465
303,304.915
511,481.39
815,824.205
451,377.81
488,418.76
463,519.41
301,333.195
158,368.045
790,723.175
269,237.33
368,395.405
662,778.2
233,243.23
760,865.47
307,409.395
671,495.235
188,262.925
215,187.125
377,329.115
424,433.67
336,277.335
388,320.205
194,264.62
575,389.205
436,533.48
802,892.45
518,555.97
428,393.17
457,546.585
211,275.555
796,762.975
488,370.955
161,258.535
614,667.955
490,485.81
285,256.87
289,244.39
220,178.29
362,366.7
501,521.82
288,264.87
669,645.29
506,517.7
316,305.82
332,241.175
521,393.62
2366,2092.285
445,368.5
388,413.315
295,327.765
516,428.81
397,370.57
674,538.265
404,476.61
444,511.21
742,581.69
195,289.78
359,418.645
217,278.13
386,338.44
887,862.13
229,226.255
465,431.56
446,487.84
250,380.52
441,400.88
495,412.82
838,836.93
341,410.365
259,202.215
410,540.26
281,286.24
524,563.365
717,669.3
428,425.895
603,578.05
248,258.61
218,273.77
681,686.155
242,241.57
246,268.34
586,415.49
564,554.075
199,283.885
391,288.775
537,687.555
313,452.65
233,206.08
262,249.505
464,442.975
232,259.095
452,455.76
409,419.41
267,309.495
249,237.8
404,535.385
679,564.53
1168,985.59
718,743.17
556,493.755
262,311.61
2180,1935.795
320,228.245
163,165.58
741,830.44
460,386.755
402,511.605
224,265.585
308,334.25
197,179.69
220,273.925
357,394.81
314,240.42
162,196.655
332,434.47
383,312.715
223,295.265
1029,953.99
385,453.575
262,224.66
317,231.115
276,309.625
355,312.93
294,299.12
127,293.7
324,362.87
440,340.55
453,539.61
360,312.905
368,305.35
159,282.27
626,637.385
483,473.99
521,444.045
419,353.43
449,498.755
504,429.545
552,490.49
303,340.31
358,337.88
539,577.195
760,763.98
184,294.865
494,353.725
3972,4011.3
267,365.72
571,423.895
177,248.82
382,493.55
471,333.89
170,301.73
736,693.9
280,355.39
533,485.97
427,401.805
269,374.11
834,772.54
236,236.875
162,209.94
516,421.44
311,241.405
264,308.525
346,259.18
203,363.4
443,417.965
336,217.83
376,488.505
536,558.78
451,396.54
220,300.875
162,269.33
670,501.525
369,370.585
185,199.75
609,530.815
407,446.42
822,640.835
402,428.15
248,272.36
250,272.36
536,522.815
614,581.905
612,685.39
294,246.345
474,524.295
187,209.805
676,595.795
182,195.015
324,364.605
324,304.045
337,211.99
258,246.855
361,449.74
416,342.345
272,391.5
799,770.475
333,299.465
350,273.75
462,493.455
332,416.545
579,546.67
472,407.32
267,351.105
237,288.62
425,358.69
262,302.895
256,187.15
139,250.5
216,181.92
1063,1138.99
144,210.23
218,264.905
583,463.885
475,359.71
211,267.12
239,225.675
843,865.625
346,341.29
253,264.495
326,483.67
313,291.88
642,529.065
809,879.91
381,350.855
503,554.495
231,378.5
545,471.655
455,424.85
258,372.525
503,521.055
181,257.585
984,933.55
312,363.305
196,267.615
605,618.585
450,418.625
199,278.965
334,382.275
229,393.96
591,421.955
565,611.02
2545,2493.655
448,492.74
811,808.27
670,572.99
323,468.175
238,220.555
243,322.43
246,288.99
782,633.145
504,422.335
681,511.725
246,376.98
615,522.4
343,266.73
558,513.145
400,422.515
708,562.985
346,263.07
377,306.235
281,240.725
279,225.885
380,267.985
584,516.17
543,409.415
460,415.595
407,478.715
509,565.095
855,860.85
103,230.295
513,376.13
699,635.115
469,462.03
661,486.23
409,439.305
403,470.38
303,252.52
554,541.93
267,304.475
346,408.18
533,486.615
619,611.055
365,503.48
1032,907.2
329,334.935
445,375.22
414,498.76
346,353.73
290,278.065
517,590.225
359,306.4
183,201.315
165,258.03
265,259.635
145,197.535
295,218.51
557,695.87
228,322.605
321,374.94
411,456.67
477,356.46
451,532.27
360,428.8
464,505.595
351,252.21
227,223.78
352,309.77
476,554.59
553,444.935
515,440.955
355,398.86
191,239.565
586,561.27
731,613.485
339,280.395
393,443.845
2132,2063.21
384,382.23
418,430.55
666,639.695
293,249.045
283,260.38
358,265.565
382,354.13
361,333.985
432,487.84
296,295.815
242,199.125
576,744.09
327,296.025
183,271.245
420,420.52
560,521.02
209,331.66
222,247.03
287,338.025
391,383.15
404,344.14
143,252.58
297,286.65
332,258.41
327,261.605
396,495.36
367,409.19
415,361.165
438,447.575
211,247.655
395,347.4
183,205.45
750,842.07
524,376.585
497,593.55
136,222.99
509,434.845
457,513.71
403,353.43
570,668.81
259,192.535
397,497.47
271,389.35
145,225.065
517,485.68
238,210.885
322,257.79
505,566.785
251,481.435
313,291.815
786,634.745
349,309.78
618,568.555
902,725.9
396,335.385
324,234.265
203,388.49
297,440.295
293,367.625
550,617.6
264,288.64
578,424.755
162,203.945
277,298.46
351,484.605
217,275.385
2020,2064.4
459,509.66
213,227.565
614,591.59
221,204.805
511,483.68
246,266.09
367,454.165
373,317.76
401,555.01
529,419.355
190,248.8
382,305.125
158,269.755
421,309.44
152,196.84
442,512.14
430,435.75
326,245.245
573,715.97
430,392.755
884,788.52
382,280.71
732,775.875
957,903.3
431,554.86
647,567.97
322,340.585
290,283.665
398,297.45
717,626.665
294,421.235
290,347.785
527,509.96
254,288.915
364,307.365
249,225.14
301,311.19
496,407.8
327,349.87
396,497.995
309,260.545
399,296.25
362,336.28
776,617.745
309,255.735
159,219.45
241,235.88
432,483.76
620,743.14
243,277.335
207,267.29
640,593.68
294,444.59
679,706.35
527,515.195
308,320.355
569,552.96
512,416.915
526,559.545
287,235.635
214,241.925
299,236.31
344,382.145
791,810.38
367,400.635
1061,1003.34
442,365.96
413,406.655
362,440.825
401,355.38
278,384.19
740,610.045
461,602.51
492,423.81
292,449.445
406,413.12
718,697.855
375,377.42
286,257.83
297,248.795
339,430.04
231,254.33
356,297.59
444,485.39
562,467.595
337,268.925
341,476.24
262,252.26
475,564.93
272,329.52
269,357.645
787,853.355
504,523.15
180,261.27
904,773.885
287,270.755
344,360.195
292,422.125
296,241.42
236,362.03
211,313.675
400,433.72
401,386.395
206,270.24
382,416.565
371,322.525
278,350.8
594,550.52
237,269.715
392,408.37
257,202.115
421,463.375
1673,1672.305
175,242.585
641,654.785
777,702.49
179,271.25
831,648.085
775,753.05
250,419.445
429,350.06
642,559.73
366,333.415
611,409.095
328,334.6
368,480.015
282,441.135
724,576.725
491,491.35
279,375.265
439,354.385
240,262.175
437,376.015
394,401.21
243,226.115
791,779.975
226,274.94
294,289.755
304,227.44
300,234.92
479,417.86
451,484.31
234,274.755
295,295.745
604,721.68
351,291.495
475,359.535
361,460.35
328,457.7
437,451.505
316,257.41
418,503.095
244,219.465
378,529.025
201,227.79
1040,1176.075
275,301.425
558,472.405
318,340.105
252,244.98
131,242.74
221,213.495
255,279.6
419,365.46
442,360.46
299,448.925
400,361.535
330,217.735
368,468.8
294,307.135
431,581.475
688,485.615
474,521.995
394,386.785
318,244.76
227,221.69
217,234.225
205,258.44
410,463.4
207,263.42
440,464.84
370,395.96
366,304.695
777,590.49
505,537.085
1175,1173.39
354,400.765
422,330.72
298,350.68
248,307.445
167,287.115
517,593.89
421,342.33
589,675.89
431,442.075
498,596.81
322,349.92
460,538.31
462,451.07
674,726.485
461,357.975
399,414.455
356,236.49
760,772.135
538,476.735
304,288.865
241,311.145
310,278.405
743,771.095
494,566.81
446,455.595
436,553.125
714,611.87
213,237.43
186,213.045
295,308.325
339,382.425
327,314.28
611,698.18
387,580.77
467,501.56
218,223.38
282,396.415
294,210.835
197,228.625
683,715.11
337,292.895
335,233.76
320,400.66
183,209.19
716,803.73
643,534.97
255,306.57
649,551.945
990,822.5
608,536.32
304,439.51
284,384.825
499,563.51
396,512.705
434,379.755
411,366.68
331,267.995
431,340.01
398,278.32
250,427.56
223,360.28
511,382.77
260,285.285
173,288.75
462,438.215
256,268.385
170,191.225
888,938.88
328,375.275
389,358.35
252,230.005
514,523.125
346,242.06
552,479.815
479,425.015
378,434.535
840,943.4
323,363.11
288,280.2
310,282.195
219,366.245
297,259.045
1014,980.57
333,299.965
265,219.885
354,378.4
366,448.0
533,489.905
399,407.66
279,387.905
1108,941.275
408,396.66
162,242.905
873,854.72
256,248.965
279,320.465
249,286.765
736,708.225
516,532.195
343,251.97
381,353.785
518,519.395
525,584.98
252,405.165
228,272.86
297,333.62
509,393.78
744,645.355
338,314.105
283,332.685
349,331.59
606,471.425
602,655.935
381,331.505
227,226.57
642,663.23
801,759.08
631,605.995
962,798.085
323,301.265
236,218.68
374,393.93
396,357.975
399,460.24
698,762.985
228,195.255
226,256.35
790,675.11
470,352.625
717,616.095
543,618.205
467,362.53
227,269.86
500,493.845
553,585.42
500,387.815
332,287.53
226,237.46
654,712.865
283,417.16
867,792.495
536,472.215
504,644.65
764,621.575
341,518.685
288,321.86
203,272.91
341,282.36
516,539.355
443,420.01
602,601.305
233,327.03
355,338.885
283,285.41
1905,1796.8
573,604.555
444,377.325
147,269.91
192,160.505
348,259.875
825,867.975
286,276.545
446,607.155
203,170.47
423,364.025
620,538.455
313,323.075
397,327.435
252,241.01
342,484.335
259,238.83
437,370.52
405,343.725
320,329.98
324,308.69
275,313.02
148,187.815
2989,2895.37
536,383.945
336,317.435
205,388.335
414,403.535
417,447.27
299,232.425
444,422.4
478,615.875
341,370.38
564,506.86
174,240.905
606,510.115
346,292.145
500,625.33
256,378.605
511,717.475
383,446.76
290,247.435
270,358.615
346,477.925
266,348.155
495,515.925
615,478.505
520,514.2
321,298.23
329,391.855
228,291.535
626,557.075
275,253.975
410,370.24
304,338.325
188,205.73
568,596.965
310,281.2
637,518.38
293,387.65
657,596.645
171,295.665
310,259.99
714,790.205
301,411.2
194,211.6
306,366.865
393,467.905
257,294.89
319,460.8
381,283.81
452,583.97
324,297.455
621,597.86
504,376.71
147,279.87
357,334.8
442,421.25
470,499.565
437,380.385
883,825.62
968,960.25
320,329.99
404,387.75
418,468.3
396,348.285
236,253.28
774,784.18
269,292.365
826,762.725
299,333.535
287,232.38
549,466.77
468,399.59
412,341.505
696,809.435
526,365.415
328,288.795
538,568.76
399,287.61
290,236.82
394,456.855
339,380.265
194,249.465
513,424.415
346,338.945
302,419.58
2597,2430.825
406,347.38
452,447.435
267,243.715
147,192.275
484,343.82
354,484.85
741,814.95
422,529.23
444,409.43
2100,2230.89
580,446.145
467,457.145
625,516.83
249,298.9
363,331.27
638,689.79
291,373.975
289,335.195
825,743.655
666,616.74
261,267.825
272,393.975
342,518.45
271,367.385
550,578.955
269,301.55
211,231.97
377,401.46
414,386.81
743,641.395
300,374.59
627,675.515
298,319.24
420,354.885
464,480.86
308,235.41
981,957.24
333,375.115
684,725.2
385,423.48
525,522.405
347,381.975
286,243.14
195,234.27
538,562.945
547,610.255
673,712.93
480,381.89
507,481.83
240,256.205
162,193.81
312,244.285
445,500.84
296,306.625
694,686.44
452,316.235
286,256.085
155,246.335
250,290.815
616,601.99
337,283.76
257,240.43
246,212.0
565,527.405
363,430.625
208,261.28
613,510.41
571,531.3
552,553.095
476,488.8
544,465.58
330,417.965
701,681.175
350,257.125
591,481.24
425,451.565
261,350.075
554,481.94
175,245.73
305,280.13
728,756.08
321,313.115
813,725.82
146,204.725
343,310.885
507,575.29
313,346.86
388,415.465
734,700.345
499,414.655
284,317.685
579,571.805
483,446.225
289,338.12
257,350.855
903,882.975
386,434.73
307,415.25
343,279.6
475,367.27
514,393.045
545,716.605
235,172.85
518,628.75
257,401.41
253,241.79
289,359.335
440,462.75
265,264.51
242,217.1
326,446.95
427,319.17
515,479.21
307,263.64
384,359.205
158,232.43
459,329.105
219,240.8
282,275.53
408,287.525
5280,5631.09
271,382.685
443,329.675
430,539.045
707,737.275
705,768.84
198,225.84
294,276.625
865,688.27
558,397.655
312,213.815
224,267.13
454,492.78
334,278.615
432,406.175
592,578.58
389,470.45
464,548.32
402,446.005
545,499.325
418,324.055
318,222.78
325,324.59
260,314.97
292,344.38
370,486.765
565,724.105
414,376.75
332,313.155
269,283.925
661,744.74
464,375.17
290,239.025
224,255.225
853,758.575
321,259.365
651,794.96
198,209.705
210,238.875
601,506.5
656,807.53
332,295.11
273,336.04
791,707.985
367,455.56
256,290.88
329,230.765
829,778.57
533,521.33
230,265.41
309,274.23
780,726.925
441,455.125
391,420.985
315,337.055
446,465.275
299,415.03
192,232.46
280,348.675
464,466.08
251,189.205
512,373.3
278,289.555
227,268.235
450,358.155
286,266.505
204,209.845
347,315.945
211,220.705
333,274.145
559,453.34
477,541.025
659,546.99
442,482.215
571,450.305
614,473.545
574,570.405
534,616.995
538,712.105
285,248.98
270,377.51
273,360.425
247,256.015
442,342.655
578,488.935
131,201.385
320,405.705
361,313.035
449,336.245
335,421.865
335,428.675
498,489.425
343,299.37
293,274.39
603,518.35
194,309.805
416,336.735
1047,851.825
242,293.695
2919,2718.77
768,862.79
622,583.055
420,366.215
598,535.175
215,260.72
380,380.86
313,355.695
485,442.215
376,425.865
538,668.685
262,245.265
251,343.53
821,909.41
430,484.885
391,380.385
3156,3146.745
490,418.415
276,471.125
725,754.88
715,764.525
637,690.43
490,506.51
606,650.6
180,259.47
393,425.865
500,582.27
643,692.945
360,407.21
444,357.68
331,331.905
289,282.725
498,519.98
375,328.555
466,573.98
395,326.085
302,239.84
377,305.14
596,467.21
506,396.88
324,382.38
347,389.775
784,772.63
320,346.05
285,418.56
404,342.1
563,539.695
267,226.65
342,314.98
252,199.31
193,244.85
152,222.69
358,334.965
513,509.21
350,313.925
261,284.86
573,496.11
440,427.715
289,331.03
151,238.715
869,881.35
283,292.27
197,193.175
303,371.785
765,932.5
365,402.705
466,349.6
227,299.88
433,514.115
273,426.06
1588,1379.775
391,436.73
583,525.875
410,407.17
325,397.765
334,292.56
529,588.02
322,293.805
321,453.03
330,335.84
493,472.445
205,308.42
355,377.04
8136,6405.38
531,563.6
176,188.64
345,336.355
2324,2416.33
338,503.625
380,438.17
564,437.655
407,373.555
210,257.83
933,979.75
249,210.62
296,466.17
362,298.03
257,218.225
629,497.635
266,317.165
429,403.02
188,180.2
470,565.09
893,800.255
626,647.275
259,232.76
474,415.81
330,259.78
312,328.84
329,288.01
395,403.35
350,247.25
662,563.105
368,406.135
377,342.555
209,261.87
541,443.58
213,234.005
410,403.175
252,274.305
389,410.965
184,251.63
631,711.1
770,630.88
321,269.95
307,316.76
533,536.965
950,1005.2
231,251.13
263,289.65
423,449.975
433,412.095
610,745.805
423,540.92
1006,837.73
316,377.26
290,248.59
770,836.095
292,254.765
342,499.075
377,408.5
620,573.8
279,268.61
523,649.03
225,227.985
843,750.55
482,466.645
489,536.73
159,208.22
821,657.335
706,712.025
134,280.495
307,270.685
645,646.185
402,313.7
317,357.87
429,371.065
414,288.975
245,235.035
470,390.37
349,398.77
347,358.43
179,278.295
509,442.995
155,190.62
398,248.93
783,602.925
315,336.825
386,381.71
684,585.69
391,451.82
647,658.88
262,284.565
485,411.535
359,406.93
355,226.115
558,507.16
296,344.745
688,651.17
295,262.475
456,338.945
317,248.32
252,264.93
329,318.34
568,457.9
766,623.525
606,548.16
356,409.155
569,565.99
438,342.555
430,429.37
209,381.515
409,476.585
274,392.975
626,694.635
360,311.225
279,236.56
311,413.995
238,299.535
247,400.455
286,249.02
228,195.19
533,605.425
548,446.495
440,296.33
238,272.425
299,424.12
709,590.675
274,216.825
560,419.435
578,618.1
382,409.7
236,326.135
599,552.055
493,348.295
219,241.015
1000,1012.78
544,486.395
410,287.905
478,362.625
546,497.54
176,225.905
901,965.695
336,271.435
488,420.595
556,546.34
186,250.295
653,768.585
818,692.13
260,280.52
375,289.145
342,473.17
183,246.625
370,439.665
210,270.365
701,580.305
316,236.705
543,362.78
514,498.63
404,344.065
211,276.585
393,375.11
540,531.695
198,306.73
715,803.87
331,343.68
648,630.56
664,549.795
871,904.745
451,398.9
460,513.005
471,344.44
503,564.99
549,677.89
907,818.275
693,736.96
635,489.185
350,279.205
459,306.645
394,337.795
224,346.05
484,465.58
595,757.88
555,444.96
426,456.65
167,256.73
195,243.66
375,357.12
558,625.53
600,595.5
265,318.5
723,605.44
393,444.425
283,391.215
304,263.27
795,861.465
384,391.39
396,491.775
610,525.19
756,899.765
533,470.255
204,355.505
630,654.2
259,276.215
522,439.85
427,445.665
261,225.495
990,914.525
657,555.28
252,277.745
170,279.665
423,352.425
319,296.35
274,308.95
263,245.9
556,574.095
371,283.31
475,477.605
1020,1014.875
340,313.83
473,536.09
500,496.57
253,275.38
693,761.62
884,810.075
476,372.15
219,180.56
661,585.865
220,246.77
574,527.135
191,280.025
451,562.805
380,331.965
304,259.515
570,434.285
345,298.2
382,410.8
263,282.835
403,340.735
426,366.555
935,990.235
484,537.415
487,447.87
409,385.26
592,504.84
392,289.91
211,216.005
371,441.185
368,315.425
545,537.25
191,289.395
214,242.27
690,597.585
319,342.755
124,208.04
414,551.11
323,237.275
197,281.895
618,485.035
494,428.35
292,348.145
174,204.875
362,476.915
330,369.545
539,454.135
452,447.75
337,369.41
316,351.75
404,474.495
455,510.92
662,708.765
267,267.135
276,308.035
342,323.54
249,230.795
416,625.535
527,560.46
452,409.705
340,354.545
474,492.235
389,271.985
562,431.245
569,637.38
323,283.66
361,275.46
166,185.745
184,264.255
585,455.485
306,293.8
740,635.105
355,406.29
271,319.675
431,491.71
596,425.95
363,345.31
524,398.26
333,417.23
312,264.07
357,339.49
341,356.91
275,299.485
293,253.975
519,416.43
611,529.0
215,177.135
548,542.235
388,304.455
346,326.86
395,452.945
346,306.45
430,337.74
347,391.42
155,230.255
283,356.12
970,990.485
171,243.705
436,365.845
250,215.615
188,271.32
677,787.875
479,540.835
566,532.015
825,743.285
347,302.935
333,413.105
327,386.425
804,899.76
303,296.0
591,606.27
301,298.87
305,270.465
7200,5654.695
712,780.565
141,299.085
440,410.115
440,385.57
425,329.555
3264,3098.635
271,237.16
399,527.405
610,650.185
1705,1765.8
637,555.105
360,319.65
270,321.61
655,611.195
816,625.72
317,248.09
327,372.835
294,361.835
529,561.57
394,438.425
660,771.63
579,442.86
466,402.01
409,345.06
564,379.405
516,432.17
512,501.77
646,654.68
229,368.525
282,363.195
132,235.885
446,565.725
648,474.215
313,343.94
552,420.575
832,629.955
455,403.71
486,385.75
439,365.83
534,482.175
286,390.505
386,486.71
524,569.375
168,220.935
264,393.535
259,227.33
193,320.695
332,339.405
389,479.655
453,397.6
515,564.09
505,416.76
865,716.225
314,359.005
271,265.47
292,432.395
362,422.73
533,452.255
570,578.28
957,862.92
313,342.765
597,569.635
259,254.3
333,401.235
513,468.37
693,544.735
339,355.57
230,276.865
578,669.44
320,316.93
154,264.345
603,601.83
345,345.935
288,384.24
296,299.215
413,426.415
215,220.275
338,276.76
268,233.94
451,374.0
360,357.68
545,578.555
412,414.715
296,263.22
708,628.145
398,587.79
500,535.705
315,293.85
429,336.405
386,509.995
247,294.875
383,449.185
435,364.755
344,378.695
378,267.29
572,685.8
261,257.06
252,239.12
315,250.81
304,252.44
188,289.28
983,985.02
495,512.415
235,340.33
195,241.865
278,347.905
464,386.13
593,444.135
735,814.44
578,403.01
183,291.97
961,865.275
354,282.245
347,375.175
408,383.745
583,599.51
473,609.71
402,329.685
762,707.74
541,488.35
414,433.655
337,295.525
192,224.195
270,415.265
413,476.31
642,766.13
408,520.43
151,201.845
323,283.885
943,869.715
392,315.17
454,318.19
333,386.905
576,503.455
1293,1270.775
341,477.53
347,318.77
509,499.175
117,199.97
599,517.51
510,509.54
548,487.175
322,354.525
200,220.085
366,433.375
496,689.77
587,525.18
170,282.07
774,696.56
448,459.065
187,288.585
632,665.705
489,386.365
325,290.6
561,432.77
188,176.6
189,227.26
344,525.895
241,344.965
355,339.72
384,320.325
523,549.065
404,302.59
476,420.18
403,514.08
360,358.11
383,406.395
345,315.99
175,221.745
254,242.675
226,267.17
494,475.1
138,226.615
414,494.66
517,536.305
535,538.43
321,273.085
384,443.755
186,235.48
582,452.025
650,712.105
256,369.625
871,808.515
355,226.795
946,969.235
377,274.5
477,513.84
1027,875.235
213,239.275
614,550.8
244,292.165
636,474.175
451,389.67
248,372.32
396,512.355
685,701.97
744,800.77
625,633.83
404,397.275
237,286.525
600,507.385
181,200.16
495,568.095
696,686.78
539,492.2
841,885.62
352,528.18
299,285.38
501,355.605
904,947.975
310,375.395
413,430.57
595,484.325
576,590.92
348,332.18
412,311.055
256,233.755
318,305.195
232,372.08
354,246.25
180,225.22
582,575.205
347,395.34
658,709.645
179,367.415
358,410.615
453,379.675
286,362.45
333,431.065
585,605.92
612,669.495
326,375.595
213,180.115
407,317.1
443,425.39
416,383.93
428,394.4
624,637.005
440,397.175
488,381.205
115,123.765
505,479.49
167,236.205
261,428.3
661,622.715
367,277.19
324,399.805
201,233.36
317,382.43
371,340.485
332,231.585
251,265.085
1304,1181.61
703,538.135
369,419.22
392,410.395
566,569.65
332,357.75
243,202.25
499,521.025
627,553.895
358,207.71
450,445.125
247,447.6
468,533.13
320,285.51
216,209.07
949,899.025
348,269.12
378,292.09
505,469.135
257,352.31
322,356.94
138,194.045
240,326.535
682,474.075
795,716.73
284,296.475
447,436.79
386,447.16
410,457.71
581,429.385
401,364.775
236,283.735
795,879.96
392,435.3
263,386.37
258,269.99
408,335.695
555,657.415
268,272.705
415,398.575
336,238.375
448,518.965
401,376.805
309,239.4
222,296.96
546,560.675
426,378.925
272,339.275
4739,4807.91
329,356.63
312,358.275
156,223.075
456,452.265
2044,2145.085
313,230.8
330,402.82
448,545.735
377,321.465
327,393.77
264,365.87
219,287.27
633,610.61
380,469.05
366,369.665
248,280.225
149,230.01
282,261.62
2030,1939.045
904,904.49
649,554.785
343,445.46
202,209.405
489,508.83
321,269.885
240,203.26
288,290.085
671,735.445
284,322.79
532,566.755
902,760.59
375,399.815
502,571.385
294,308.48
272,288.205
422,447.73
501,454.095
282,354.655
262,431.79
402,367.8
162,287.89
252,288.53
251,289.44
390,450.1
251,306.135
274,219.175
582,427.685
454,619.995
297,279.06
988,866.6
297,311.07
438,354.995
460,600.86
188,224.27
470,403.61
435,376.82
429,467.97
583,411.785
409,401.655
259,330.405
310,303.375
681,743.585
426,343.69
257,239.615
274,337.97
312,284.26
296,282.11
453,550.82
247,401.65
436,321.935
420,404.785
818,732.105
274,346.635
401,569.46
403,396.07
286,239.1
925,904.75
257,294.085
368,350.54
1764,1673.385
277,404.34
537,399.17
256,251.3
215,189.865
248,216.57
333,324.215
409,458.245
259,301.02
446,296.3
471,466.4
686,828.885
604,613.58
297,397.62
464,519.485
261,329.67
896,777.755
983,929.415
410,486.585
303,395.235
819,753.55
236,173.065
354,294.21
408,390.605
527,442.04
466,337.08
419,578.44
943,904.26
644,593.525
206,207.79
340,418.645
795,630.93
996,967.845
732,587.24
429,391.955
284,226.98
186,298.28
253,421.72
356,303.495
1053,1033.43
560,455.84
291,364.24
502,506.46
194,173.195
306,305.75
737,653.715
229,250.69
579,533.09
561,469.305
445,421.98
264,296.745
644,686.39
175,211.315
299,333.355
132,274.39
293,272.76
303,248.165
304,299.3
153,238.215
630,558.22
1788,1845.055
361,283.755
279,275.63
257,231.035
457,509.775
158,249.75
429,477.065
376,517.285
241,252.77
271,378.52
243,329.005
338,255.32
189,301.35
639,466.57
226,268.09
280,247.39
431,324.825
546,576.68
271,233.71
224,242.625
480,329.625
296,446.555
227,176.295
737,596.885
651,580.62
277,370.655
470,509.805
571,581.725
651,502.33
821,750.455
261,242.305
477,492.385
343,318.135
452,430.915
214,313.405
419,552.765
113,242.87
490,423.195
511,431.355
161,157.2
575,545.135
385,527.655
589,452.54
851,817.005
265,272.46
495,468.835
159,162.84
516,507.68
238,323.615
806,675.58
147,235.155
659,611.805
361,413.335
276,236.18
362,318.875
446,335.795
230,207.97
260,247.03
741,742.87
251,266.825
604,513.84
594,568.96
486,511.61
686,744.0
378,505.705
250,281.84
472,495.515
504,408.245
188,248.525
913,938.55
426,377.55
524,425.45
178,180.615
124,245.45
387,274.035
454,331.53
245,225.56
351,299.86
335,458.24
270,242.295
198,229.25
289,319.36
226,274.37
303,418.205
444,412.58
623,586.945
490,487.16
604,433.885
671,556.415
352,357.46
322,294.58
207,219.5
645,542.76
321,265.295
483,494.0
651,520.09
296,290.17
211,284.95
1060,912.755
489,500.2
545,395.495
459,374.46
257,233.56
525,365.515
345,438.33
206,261.95
619,671.525
513,456.2
241,327.12
235,295.165
200,302.995
579,406.14
452,411.165
2508,2345.245
253,251.815
569,407.415
360,445.875
586,542.5
243,242.9
384,485.605
486,480.685
271,345.945
321,451.065
490,408.49
350,299.395
303,333.845
292,405.565
415,466.275
170,237.925
203,387.95
577,540.16
350,303.405
311,271.865
909,800.355
313,361.41
456,634.945
589,741.49
349,389.415
578,483.93
421,498.575
289,251.47
540,557.755
300,259.215
337,474.38
333,273.775
675,552.31
299,467.475
612,532.67
590,567.875
360,449.925
200,298.295
874,852.135
547,602.415
677,723.45
304,253.295
429,376.86
487,376.065
390,397.415
577,539.93
304,282.985
272,452.105
568,591.315
247,351.825
368,434.93
683,729.49
297,290.62
370,270.755
384,311.375
584,579.615
458,389.395
480,435.675
413,442.635
161,149.185
356,396.3
309,377.14
336,476.63
612,575.77
400,552.535
369,469.21
208,260.605
824,762.885
207,347.73
719,545.75
719,545.23
426,320.555
453,560.885
624,768.28
235,225.175
473,510.68
668,551.525
305,218.15
257,249.6
272,215.575
505,365.965
622,728.71
529,599.76
264,358.945
506,515.865
492,508.645
321,402.985
253,229.25
313,340.55
235,230.37
639,606.4
394,462.555
663,607.61
152,146.845
583,587.39
417,362.14
447,455.975
328,330.04
422,340.725
477,448.965
286,225.655
1101,951.805
342,322.12
521,535.46
375,330.83
394,433.56
536,527.395
221,267.23
288,376.33
285,300.51
2720,2714.86
144,225.865
643,591.2
267,247.83
309,236.715
408,406.85
289,349.59
194,213.715
281,396.72
437,389.155
321,256.76
524,447.455
274,403.065
555,519.975
299,329.04
444,335.455
353,324.615
264,327.5
281,283.97
963,1007.85
696,665.38
432,436.15
529,533.52
1011,924.76
239,284.085
878,870.735
412,456.475
496,478.775
395,460.075
3160,3357.07
224,260.49
642,519.91
283,296.94
487,495.905
799,835.5
184,196.855
617,509.51
787,911.06
627,509.97
470,497.725
321,404.57
248,377.09
359,332.775
300,469.095
260,312.765
351,228.085
427,339.445
182,281.975
288,313.935
329,360.195
195,178.98
559,577.805
537,440.245
562,450.145
242,247.175
232,193.84
321,260.945
468,495.625
420,463.89
304,299.955
262,442.6
535,445.395
217,419.595
507,402.245
591,539.89
404,418.445
233,233.02
455,366.065
466,335.19
554,488.035
559,742.775
632,629.76
201,229.985
544,533.355
357,437.165
294,420.575
362,254.015
268,265.62
554,574.355
312,224.625
554,517.88
530,486.95
235,207.93
542,557.16
471,413.56
181,215.985
242,381.375
295,353.725
834,809.72
299,515.415
272,351.295
200,203.05
438,441.465
343,376.165
289,239.125
309,305.025
281,272.56
407,322.75
267,258.855
286,353.685
555,369.8
343,454.55
223,305.505
614,723.105
809,697.25
300,337.41
2236,2283.64
421,329.52
227,223.365
362,288.08
383,288.18
476,470.35
175,174.575
496,388.125
369,320.055
578,554.65
610,640.985
228,240.835
459,505.025
262,336.54
302,256.175
418,405.63
374,376.7
299,240.48
313,400.125
514,433.255
236,208.32
398,265.72
511,560.75
472,371.125
376,339.21
405,500.12
332,336.635
364,416.615
902,899.425
245,345.19
935,735.7
176,372.29
436,424.39
312,394.885
551,418.52
632,655.185
229,362.26
471,413.98
409,380.85
391,456.435
522,410.06
616,542.455
378,428.405
440,604.855
482,480.755
378,471.83
257,297.92
272,306.585
341,431.125
208,224.125
318,307.445
520,365.835
511,386.265
312,370.885
281,367.06
363,468.705
390,483.55
315,250.445
314,301.795
775,602.86
578,600.685
240,299.195
747,855.88
629,764.925
309,256.6
383,365.53
504,664.01
1044,960.73
291,262.93
373,307.095
553,442.39
600,437.81
496,496.38
349,323.65
373,373.81
301,365.555
351,419.51
208,217.88
348,304.15
519,447.385
307,341.285
498,505.42
362,325.865
260,304.085
240,239.03
510,462.83
313,334.155
232,220.535
160,179.83
437,362.275
171,227.755
307,235.455
467,495.325
576,562.21
399,367.11
437,343.56
516,402.87
360,383.85
232,287.635
206,228.305
559,459.235
412,487.69
331,254.44
493,611.53
578,490.955
168,236.055
730,674.435
599,727.045
323,468.37
298,288.31
393,388.34
525,425.125
660,543.37
425,366.075
642,596.305
462,530.91
428,498.895
512,404.205
652,584.13
398,383.675
510,645.215
405,523.815
473,408.255
222,269.36
403,351.76
334,360.665
439,345.64
475,535.65
166,198.48
534,519.28
494,368.485
273,229.27
135,227.185
355,294.46
598,607.0
805,694.005
222,330.065
295,337.095
248,351.74
318,372.945
341,455.045
228,288.075
165,242.27
244,283.215
555,547.59
604,488.005
164,183.465
530,584.81
231,253.325
331,291.025
259,246.86
1071,897.835
288,388.16
266,317.13
378,276.055
152,199.22
212,210.14
650,453.775
238,335.475
255,210.62
420,354.585
445,403.01
258,214.75
2130,2170.3
321,277.56
400,387.605
344,510.055
202,217.7
218,227.635
437,351.905
377,438.505
391,585.445
444,458.885
298,372.99
453,394.13
300,420.72
461,451.215
872,772.875
274,405.605
225,274.51
356,353.23
311,251.905
801,667.545
822,547.17
681,764.36
151,231.515
916,923.65
314,229.345
231,232.46
591,569.7
626,423.685
218,225.21
164,183.55
422,441.955
231,205.025
326,339.145
401,338.815
323,371.52
569,559.795
272,340.46
143,140.39
362,435.855
382,255.37
395,362.945
400,412.065
436,458.44
648,570.145
613,434.905
862,947.135
268,366.795
300,237.065
264,198.255
347,379.835
318,291.53
607,526.545
246,220.885
559,604.33
373,391.63
277,342.82
183,167.865
291,284.085
658,755.32
431,390.505
315,360.325
196,276.71
424,494.75
300,380.29
404,324.245
202,249.04
374,367.63
314,320.885
337,452.97
282,251.66
347,353.3
248,273.05
387,318.535
239,234.755
271,361.04
292,331.455
351,249.86
327,223.43
770,782.8
482,433.475
232,287.73
456,472.275
148,201.215
187,183.37
339,376.99
340,510.025
311,410.875
1121,992.655
307,264.425
652,586.595
540,580.075
387,419.49
234,209.87
512,411.68
394,324.7
420,592.3
377,320.025
227,287.16
316,250.525
674,715.545
272,472.0
455,345.25
711,765.59
741,584.925
393,358.105
314,317.785
558,559.825
393,426.345
233,183.135
370,415.72
479,533.6
507,569.3
252,377.925
465,338.19
400,348.62
187,233.54
482,500.135
222,349.805
511,329.945
239,290.39
429,515.245
590,550.18
398,349.145
612,622.92
187,262.09
583,583.61
501,573.23
554,622.73
143,134.125
332,241.755
462,517.955
733,778.605
195,233.935
565,424.685
342,267.99
375,498.045
424,389.56
196,216.115
433,375.49
245,421.605
166,241.565
172,236.505
430,393.23
203,195.7
519,658.485
456,406.27
272,248.865
457,527.81
387,453.25
169,225.36
808,868.14
839,849.245
269,272.645
387,457.825
563,441.355
365,416.17
701,828.465
510,658.705
261,227.485
482,464.03
286,215.915
530,488.08
287,215.045
294,384.05
438,435.87
307,241.055
364,282.555
482,424.345
335,451.105
268,232.54
327,369.465
370,273.07
236,358.53
326,370.955
776,816.235
521,421.085
259,209.505
303,255.695
250,280.495
299,415.935
198,247.7
229,215.98
163,203.7
625,469.86
252,287.82
195,216.21
243,267.38
554,397.56
404,364.375
485,569.645
206,353.405
374,492.7
324,345.875
200,279.82
354,399.66
248,345.815
201,309.5
571,568.285
564,449.99
805,658.99
338,284.93
419,448.795
592,561.36
235,229.955
381,395.465
743,546.13
562,731.42
3324,3371.555
359,388.045
314,375.845
659,676.405
250,376.195
525,359.69
344,267.125
487,409.905
164,299.48
205,249.045
449,470.02
262,255.84
352,355.945
580,604.92
364,455.43
280,199.085
112,241.915
528,551.235
292,264.335
323,322.04
247,262.465
499,554.915
624,771.095
522,500.995
591,537.195
386,399.535
349,371.21
443,498.495
578,554.875
699,723.545
394,461.16
583,515.835
379,464.075
396,406.29
461,581.94
522,540.12
273,456.725
149,237.185
345,358.9
965,889.15
157,133.575
282,289.435
546,658.9
265,218.9
211,423.115
358,330.905
419,381.555
320,456.175
301,298.11
702,685.48
568,634.36
262,341.27
623,488.555
186,246.9
333,368.71
515,557.235
259,395.705
233,195.685
246,234.97
118,186.265
215,221.73
525,467.015
308,334.18
309,347.735
469,460.995
802,588.34
583,592.05
369,309.18
265,389.095
317,376.935
242,201.125
313,437.115
198,349.33
460,378.735
244,290.475
519,429.825
650,498.335
616,548.7
201,197.33
518,444.76
456,375.335
317,504.435
403,350.01
566,620.385
621,648.08
815,744.615
293,215.67
304,375.965
302,299.625
325,501.525
776,726.485
444,418.79
314,256.1
217,235.945
609,455.355
372,384.13
226,241.62
293,251.66
373,461.105
332,300.385
741,584.265
625,475.715
290,279.88
338,263.045
373,341.035
277,231.63
496,482.725
568,422.535
248,311.96
252,298.45
246,219.02
252,228.35
289,280.42
566,419.6
258,315.195
228,246.72
298,333.845
259,205.165
431,544.15
785,784.54
245,355.815
173,259.8
254,256.515
435,526.085
340,314.015
297,480.895
606,529.605
314,387.485
574,496.44
307,236.38
1043,1004.93
137,228.47
776,815.965
469,490.51
148,151.295
209,299.57
525,551.97
232,211.39
277,294.05
1395,1395.325
292,296.6
645,610.045
530,397.79
476,575.855
244,254.495
618,555.105
405,527.155
478,372.95
261,248.875
225,229.45
207,265.53
2696,2554.445
416,445.7
468,360.85
701,539.645
314,449.365
271,224.06
230,234.175
454,546.24
305,201.04
188,236.595
382,326.39
289,342.975
578,517.27
140,136.335
496,520.585
578,448.185
255,244.43
449,448.435
287,280.455
382,375.095
468,535.265
311,289.81
219,299.255
546,471.105
292,276.935
520,540.295
360,366.32
250,268.015
482,511.08
437,393.23
482,423.305
224,261.415
381,427.135
526,383.455
923,924.77
289,246.255
151,141.315
331,425.06
375,415.77
524,479.725
275,248.555
304,312.875
176,262.74
370,404.615
497,510.34
404,543.37
765,672.735
279,452.765
261,224.035
383,246.73
373,272.885
144,242.04
808,778.78
224,225.765
391,306.81
599,483.605
194,318.1
320,266.03
577,507.78
1824,1636.64
482,520.645
296,224.63
261,380.94
340,277.735
254,256.69
655,537.105
425,513.86
333,449.16
208,180.845
583,733.025
238,231.765
293,302.29
606,515.19
469,478.31
453,411.31
450,424.42
217,192.53
603,520.35
222,292.425
316,411.81
151,207.165
422,397.61
275,257.225
398,282.135
458,376.63
637,496.57
338,303.03
403,383.025
179,264.3
450,367.635
510,462.395
209,251.12
300,300.675
403,442.405
432,360.195
820,745.915
337,322.505
475,459.465
339,357.435
415,369.695
161,258.41
492,525.255
459,431.345
389,350.56
213,222.695
290,250.325
417,288.275
246,417.32
264,215.985
200,195.32
835,825.67
379,404.02
853,783.56
438,358.84
431,443.89
641,448.84
152,329.1
185,270.49
244,369.61
477,564.225
291,331.415
646,543.43
312,514.09
743,840.04
259,282.82
546,641.275
197,176.205
234,235.075
608,556.955
546,691.685
263,246.25
478,481.745
351,265.99
381,312.625
438,470.72
356,556.215
378,422.9
248,322.11
358,451.59
386,288.61
258,338.835
638,508.56
306,364.99
244,230.115
569,494.51
264,238.46
290,241.05
255,343.95
405,456.945
324,300.2
481,413.385
297,412.76
420,349.36
240,210.035
476,282.005
250,341.48
333,230.645
220,251.59
282,337.315
131,241.165
336,348.455
246,291.14
225,220.91
926,891.735
352,300.99
667,621.49
248,304.18
561,528.64
840,785.515
274,206.73
241,344.125
494,382.38
210,213.95
634,453.925
533,441.26
955,915.15
502,414.74
626,450.085
300,252.675
187,255.86
3318,3251.425
291,287.1
337,313.825
271,242.655
762,813.335
235,295.735
407,395.555
383,366.61
505,579.43
418,552.65
520,473.16
504,537.415
368,333.075
499,395.14
830,631.485
273,427.665
575,602.955
128,211.645
235,255.55
352,389.51
308,272.43
361,453.495
219,424.195
361,384.49
586,564.73
554,512.01
536,498.28
430,381.935
1018,997.04
419,599.19
439,538.31
891,849.315
1014,869.71
219,333.135
452,517.925
607,568.66
473,459.52
425,412.505
690,763.515
244,228.035
185,273.305
278,288.965
3269,3390.94
317,240.885
216,286.81
321,361.375
270,374.065
343,433.86
1032,970.11
657,567.295
332,367.235
235,228.71
333,258.855
660,483.8
956,695.06
193,219.435
470,548.505
653,790.285
534,493.27
614,646.98
864,774.63
633,599.755
478,410.49
196,217.6
169,147.575
532,693.025
440,311.585
265,391.16
322,257.135
471,433.065
223,192.585
276,221.01
513,448.17
291,241.1
701,616.035
163,186.86
191,242.86
489,386.435
208,226.495
437,369.135
674,543.625
899,702.415
457,496.74
637,660.165
482,372.965
199,303.42
477,397.155
299,291.78
554,513.495
337,387.82
228,258.075
171,154.17
903,893.815
718,629.225
371,345.41
282,485.31
473,509.79
217,179.015
490,381.425
444,463.625
356,399.995
173,212.33
320,400.835
443,481.69
277,264.45
235,228.59
752,900.115
215,189.17
1006,928.105
261,280.535
490,429.435
271,378.115
450,384.875
263,228.1
396,510.83
799,926.72
445,351.995
418,363.55
561,483.275
427,385.28
324,294.845
379,446.625
530,435.205
293,312.105
505,410.125
347,323.085
607,490.65
135,198.515
341,409.825
328,285.135
261,193.11
573,586.82
288,240.285
450,370.145
151,170.66
627,453.795
380,273.725
530,430.295
165,189.45
261,286.96
211,246.78
334,357.69
381,311.92
415,464.43
378,294.035
284,237.925
379,424.635
625,618.56
742,569.635
815,583.79
185,172.93
432,394.41
402,414.46
432,376.25
319,317.49
680,605.53
355,373.725
143,268.135
419,367.865
360,243.185
623,627.86
443,539.475
194,245.875
432,495.055
347,441.62
510,433.9
460,447.76
409,386.01
403,621.04
407,393.31
195,293.325
302,269.41
418,352.38
420,431.19
423,295.32
253,289.765
631,748.055
511,461.515
530,488.03
646,551.91
292,262.875
385,373.33
3486,3264.49
485,427.055
122,157.975
452,421.64
290,300.815
783,847.115
508,374.75
201,226.41
317,319.1
266,265.95
421,453.14
389,334.29
285,226.715
165,212.795
331,486.105
681,551.61
197,228.98
439,478.77
597,574.23
1968,2207.605
518,518.875
225,251.73
485,489.015
256,263.8
269,361.175
1071,905.295
432,367.075
382,345.09
529,503.43
254,265.045
459,410.575
985,864.76
365,403.45
718,550.73
273,215.645
280,250.725
315,400.22
317,294.51
347,368.825
444,413.945
634,632.015
334,323.12
521,554.525
849,837.515
383,292.765
458,482.49
592,456.08
268,289.46
146,235.545
255,339.79
351,260.71
641,581.495
519,577.06
199,237.095
354,433.69
408,317.655
567,437.855
441,289.15
325,336.525
356,341.865
261,356.135
165,146.075
198,242.37
192,249.655
176,261.465
312,222.495
217,358.38
367,440.745
420,376.635
290,337.93
509,411.01
373,304.9
234,288.105
155,230.26
608,430.01
470,457.09
335,338.49
570,596.98
320,298.085
294,413.16
182,182.43
245,266.14
244,285.37
411,437.52
444,418.01
341,447.33
292,283.46
286,272.6
900,886.02
1316,1231.15
336,302.595
317,249.3
180,176.975
355,305.175
247,216.88
416,547.94
355,249.71
290,382.45
466,470.145
193,205.41
378,352.085
301,352.855
322,438.05
164,216.555
2265,2218.68
327,335.195
431,372.685
317,458.56
189,262.175
397,438.315
460,445.655
311,236.61
714,888.185
281,263.265
275,284.82
663,605.95
201,328.93
254,227.41
216,305.09
498,541.47
490,525.135
2471,2483.835
330,351.74
314,387.095
233,393.185
311,297.545
335,314.1
277,211.62
671,626.16
218,242.79
249,257.91
463,455.8
300,260.72
360,349.425
686,745.34
274,324.365
207,284.56
679,516.14
214,209.12
283,251.805
990,976.965
356,313.185
649,792.01
352,316.755
439,320.71
227,236.83
479,413.715
621,615.465
662,433.365
503,444.45
461,305.39
454,328.515
481,523.95
641,460.71
336,360.99
503,367.22
766,723.035
148,226.1
450,412.94
351,446.95
247,345.425
1016,909.635
356,327.83
310,321.31
205,252.71
329,278.37
358,493.19
521,329.46
413,573.505
439,384.26
283,266.095
767,871.105
552,434.5
603,526.065
191,228.55
183,239.64
712,821.0
478,648.505
645,592.565
322,450.16
703,670.785
355,342.495
646,683.36
316,415.9
358,294.51
437,496.905
186,252.235
460,483.46
767,627.67
593,506.745
459,414.19
674,530.505
566,612.2
544,537.085
146,149.025
311,323.075
679,737.04
566,397.565
920,973.54
271,359.11
316,364.415
138,275.955
562,450.015
437,372.19
298,328.045
482,479.52
384,435.025
276,260.015
301,269.79
471,410.415
343,337.42
1000,828.76
461,377.355
413,435.49
200,400.66
530,447.125
410,422.3
299,325.69
342,381.17
316,303.49
348,403.235
813,896.16
380,254.785
309,264.775
410,415.185
328,253.09
119,133.0
797,804.175
466,403.49
412,600.46
288,229.535
353,415.96
373,433.93
157,278.565
628,684.98
517,436.385
477,384.81
509,369.39
813,527.525
288,206.37
265,236.685
523,432.945
506,430.31
193,183.86
316,207.145
211,185.185
382,360.68
192,210.56
267,319.81
314,229.075
398,369.115
81,218.23
884,815.775
510,481.81
234,205.43
161,208.84
534,464.74
320,359.98
492,582.44
589,689.165
293,340.725
529,555.765
593,523.985
409,320.035
194,233.865
808,616.305
4548,4386.485
641,520.84
564,486.855
918,713.33
142,170.065
428,407.05
637,418.315
306,248.72
579,467.93
261,234.82
434,361.35
706,650.39
319,334.25
470,466.21
564,434.745
611,458.135
593,521.725
221,251.565
459,354.82
369,309.84
740,636.435
418,389.88
368,370.73
260,212.895
669,664.28
224,259.23
145,208.515
569,619.18
402,518.275
570,512.95
314,302.625
306,282.185
235,229.715
363,283.25
359,447.19
3668,3713.43
174,243.115
151,235.31
456,511.335
347,300.54
176,231.03
438,537.41
520,508.945
506,483.015
436,355.795
321,347.095
406,353.815
248,291.595
361,398.75
228,310.69
583,623.7
267,302.19
384,459.41
361,373.865
245,389.075
547,444.31
310,378.865
327,352.145
565,474.895
1794,1641.435
364,258.545
360,325.27
342,375.005
340,294.815
401,380.155
174,227.675
217,287.605
302,364.295
283,415.435
784,614.015
610,492.815
566,536.0
276,370.4
275,305.645
401,299.93
220,300.985
264,248.035
326,316.74
614,397.35
276,315.46
382,332.625
285,228.07
658,619.955
314,328.47
593,453.78
419,375.69
448,329.69
445,496.485
933,982.32
521,383.905
975,952.305
371,345.595
290,278.335
330,381.315
474,444.74
393,299.65
362,443.815
369,490.475
570,532.45
959,977.875
696,702.39
415,348.42
256,224.87
392,369.265
286,378.345
517,398.335
287,249.155
348,460.845
235,353.605
292,365.42
394,326.15
742,763.53
404,401.025
248,221.41
242,320.36
402,433.215
703,737.815
541,398.405
519,496.815
316,413.09
475,624.265
2240,2273.93
213,292.25
872,810.455
523,582.38
549,587.88
496,431.265
336,368.285
223,307.915
505,595.105
189,374.74
569,562.23
280,326.79
261,261.275
311,329.045
841,676.08
358,333.38
410,404.675
229,249.2
555,421.275
227,225.9
540,482.365
352,443.91
720,584.93
335,262.39
466,357.385
305,378.12
437,480.28
676,780.97
505,442.98
221,264.155
295,287.175
450,453.675
359,267.18
1065,970.56
567,419.955
323,268.555
385,393.085
631,492.73
537,546.92
533,718.045
339,221.77
342,379.455
633,548.665
291,457.6
364,303.155
290,224.685
146,214.91
368,402.785
885,959.91
306,312.92
907,955.5
135,186.71
313,447.665
435,477.015
150,303.155
206,237.43
296,237.99
577,510.47
414,322.76
266,193.52
631,517.33
319,245.76
442,307.925
455,485.335
243,332.555
501,532.335
204,321.565
362,366.81
283,284.435
640,668.84
155,250.545
436,472.78
802,833.51
182,262.795
378,351.16
611,464.3
248,246.585
218,270.76
795,676.79
601,594.565
2023,1967.35
367,448.2
362,441.72
432,519.515
846,762.535
250,231.385
378,361.225
532,516.885
234,207.66
590,579.935
350,383.21
579,487.07
461,516.42
273,389.37
212,333.165
474,488.205
297,381.83
589,527.385
445,453.98
239,203.465
294,353.485
325,261.105
208,227.39
226,269.53
295,242.155
203,236.59
156,201.145
491,538.225
839,929.385
332,371.86
765,790.24
301,382.615
602,531.34
348,401.335
428,462.895
224,330.07
281,419.49
244,248.43
579,446.975
429,342.22
359,448.79
156,160.54
279,354.785
571,521.17
483,553.155
222,246.445
529,655.9
362,361.74
414,461.285
147,212.6
269,368.205
244,285.475
469,363.63
115,242.33
527,472.87
412,313.045
597,415.555
623,481.08
243,226.135
341,308.695
434,400.27
179,166.655
527,367.635
392,373.605
492,675.035
406,425.38
375,380.465
323,479.265
256,272.135
191,227.28
651,709.205
620,611.455
261,272.675
348,536.89
249,317.705
790,793.34
244,208.925
583,670.165
327,504.455
585,532.11
440,291.685
408,496.25
211,259.635
255,236.39
432,365.03
672,862.275
589,503.485
433,371.035
291,375.63
251,275.08
199,293.29
616,587.47
372,370.14
442,347.34
405,463.87
271,418.715
371,337.285
384,300.015
271,317.995
289,296.56
300,308.105
292,231.465
1077,924.51
528,543.21
415,301.98
276,210.735
467,551.06
319,412.22
198,209.605
352,390.205
186,256.315
871,955.115
357,502.3
250,220.905
249,205.55
266,244.13
496,510.4
319,374.765
259,253.21
400,393.3
222,323.76
507,664.12
628,730.12
688,771.435
552,401.205
189,195.77
150,213.86
301,289.295
307,386.385
334,409.205
261,303.195
659,785.265
849,906.13
411,236.68
581,552.21
641,470.915
438,334.75
656,789.955
276,304.13
517,478.495
232,270.775
362,404.135
456,456.315
181,255.005
524,549.06
332,265.2
284,226.94
586,500.49
656,537.395
473,340.975
312,391.51
258,281.26
230,291.805
215,279.9
241,392.895
522,543.94
492,437.495
354,370.085
196,164.01
266,272.305
544,413.675
277,455.16
345,428.055
748,773.18
256,283.09
265,286.855
196,193.175
270,256.72
574,451.495
510,469.68
229,226.02
302,205.53
947,849.485
565,503.185
543,573.535
281,332.835
530,435.13
439,385.41
218,215.29
778,705.035
545,538.465
906,880.4
482,454.255
960,796.09
144,213.3
571,571.67
287,336.055
136,202.805
516,393.32
446,445.145
462,484.09
656,466.805
270,282.955
153,148.455
180,204.13
292,214.51
298,357.74
273,254.02
518,407.0
643,614.26
274,378.19
285,320.85
290,240.43
227,220.565
326,293.65
95,226.26
238,205.5
307,210.24
696,565.295
677,799.55
995,1020.61
528,438.085
500,448.22
404,402.85
207,346.605
276,356.18
262,445.94
3878,3705.125
301,353.935
362,468.505
585,626.7
322,280.14
245,181.325
497,485.77
288,308.51
353,281.865
585,463.595
569,614.045
645,681.52
208,192.02
291,416.11
403,470.325
340,281.98
386,301.945
221,188.715
286,260.305
233,233.955
526,422.375
374,323.895
287,299.595
494,502.945
158,142.665
589,492.79
577,431.7
538,565.38
261,281.05
273,294.7
278,337.245
252,324.3
146,241.88
245,249.66
525,498.535
829,829.805
248,282.37
338,526.285
556,442.94
498,566.435
291,332.95
415,417.72
290,363.975
932,838.465
380,431.37
271,293.865
281,231.38
478,374.035
535,439.1
289,316.355
304,430.815
154,245.53
1013,801.535
985,995.725
407,384.35
321,372.89
511,521.885
467,451.185
400,441.49
614,611.84
441,379.105
428,505.425
733,699.34
415,334.795
411,382.69
397,292.19
295,330.145
447,500.67
463,569.14
1524,1561.42
499,500.59
337,360.405
452,362.6
216,214.085
327,386.99
269,338.74
555,676.905
539,483.645
482,496.205
317,325.43
631,448.37
483,568.725
178,301.355
628,567.61
436,389.91
464,504.72
541,500.345
137,264.36
514,476.73
495,481.495
393,295.93
311,249.31
917,848.91
451,506.44
585,483.665
397,426.075
518,393.87
539,427.695
903,914.235
692,564.6
420,439.53
249,237.815
361,328.595
992,998.18
226,288.72
218,218.78
448,565.395
485,418.4
583,596.275
227,272.63
451,546.895
521,550.77
825,831.8
374,406.96
326,337.025
344,321.015
140,165.33
442,568.105
379,325.045
594,526.21
230,335.17
428,381.865
131,216.31
564,401.005
434,374.835
370,356.44
545,534.03
504,491.82
221,300.965
274,221.595
271,392.68
403,290.11
264,258.01
1029,1006.4
317,288.04
282,249.335
747,710.66
215,185.99
646,593.8
379,343.31
378,288.31
246,297.175
294,256.72
533,660.2
193,225.09
328,401.89
329,442.56
633,658.955
213,207.195
667,838.99
533,524.135
535,441.11
486,511.465
658,613.515
307,331.955
266,256.03
414,493.785
456,557.115
311,412.305
187,210.995
389,380.725
164,211.83
445,431.59
185,223.17
589,449.41
451,349.915
552,413.365
458,404.27
491,362.955
356,256.255
164,221.385
828,664.665
352,286.505
645,653.39
265,466.415
222,236.6
409,409.265
247,377.94
181,236.055
279,209.83
904,886.905
524,587.78
588,655.88
414,328.025
454,405.805
489,570.865
286,291.545
419,494.39
253,185.59
422,285.875
397,314.745
323,389.495
296,308.38
242,230.625
313,375.915
508,479.82
325,357.81
146,243.125
495,444.755
371,488.13
270,237.07
513,437.035
256,280.905
198,306.315
122,230.835
397,326.75
481,369.165
595,493.315
394,296.79
155,185.72
422,375.85
320,287.275
221,256.525
3064,3148.195
786,669.255
482,411.025
781,785.18
263,294.195
478,497.865
408,404.435
314,355.43
474,488.485
585,529.015
554,684.53
221,261.84
335,466.015
609,508.065
281,359.68
525,444.005
509,540.385
527,384.175
399,394.51
407,512.03
147,133.695
179,246.355
233,308.735
197,170.695
355,312.94
466,386.305
141,232.065
310,481.54
233,308.78
270,260.625
690,821.37
496,507.41
775,728.555
179,237.095
263,245.21
574,586.25
506,519.025
478,493.8
289,264.585
902,946.685
448,474.39
405,288.95
416,498.54
585,580.7
372,278.46
276,323.35
126,193.32
605,570.135
446,416.075
272,318.545
220,210.64
712,696.38
228,209.415
678,844.37
197,286.31
318,362.48
464,377.775
391,390.03
314,266.105
331,338.58
213,292.905
508,555.11
294,382.825
716,731.76
203,241.62
466,470.615
342,347.14
299,413.29
302,284.555
543,530.05
281,250.325
288,338.93
244,433.125
350,388.03
596,744.135
288,281.79
784,898.21
298,373.4
311,208.5
486,525.26
488,573.075
302,246.885
486,449.215
263,340.21
425,399.865
494,399.015
297,414.09
395,398.805
927,836.045
614,473.12
275,283.895
321,363.485
570,440.755
393,369.67
216,295.615
331,325.935
396,431.635
666,582.97
305,266.855
762,758.48
775,721.43
274,219.395
183,273.02
343,433.64
293,217.62
287,381.38
322,323.04
292,259.405
472,492.975
413,522.13
519,396.775
221,218.79
532,497.47
468,566.985
516,517.82
334,464.52
186,263.475
571,517.795
649,495.79
496,498.615
471,469.47
602,493.27
422,443.75
851,840.91
181,228.425
494,501.945
268,388.44
473,485.88
254,295.76
410,351.875
652,598.18
437,620.365
622,431.0
319,329.49
465,317.41
441,419.745
233,197.97
327,312.295
456,540.86
512,635.805
981,835.045
212,290.375
645,602.52
299,414.305
609,550.805
244,284.22
960,860.39
314,338.46
123,270.53
506,669.31
393,338.61
507,425.365
458,434.685
350,267.92
217,322.88
287,275.475
506,685.875
294,257.925
434,369.75
410,411.285
401,334.54
347,390.325
204,226.99
219,242.025
404,495.25
392,418.475
389,322.58
509,407.57
212,200.855
354,249.84
385,360.165
320,368.195
265,236.68
423,344.135
166,277.7
480,473.14
359,353.315
377,414.6
756,603.25
574,576.755
219,379.105
792,710.835
235,215.425
543,601.455
702,862.58
502,398.36
508,515.92
348,318.825
688,595.455
317,270.08
421,383.665
518,505.9
683,676.75
414,359.86
469,405.805
798,643.455
453,483.81
867,731.555
770,608.355
272,292.07
410,336.475
470,440.79
536,407.115
619,595.38
235,215.83
196,255.2
762,811.155
512,435.925
254,454.53
607,595.285
473,442.95
575,626.68
327,232.905
334,307.32
349,248.935
238,248.13
274,317.105
398,355.97
326,417.93
311,351.88
487,506.51
769,683.94
555,517.335
907,889.805
995,914.295
368,365.44
815,924.935
480,530.3
602,560.445
344,356.49
377,397.23
291,314.835
173,254.885
756,586.755
459,554.84
664,619.61
180,186.34
696,622.755
576,390.425
898,880.225
1280,1341.275
327,460.11
322,331.835
288,322.835
481,397.54
475,575.755
209,269.43
326,450.67
352,433.825
267,326.035
445,478.49
418,373.915
112,237.88
215,222.465
401,374.73
459,429.59
167,277.87
800,814.92
267,198.845
360,309.915
544,510.005
401,407.705
336,349.89
128,114.065
531,490.035
122,218.09
276,245.995
475,413.655
274,363.655
982,792.345
202,224.59
383,352.32
436,341.905
319,247.175
404,473.605
801,677.95
327,411.715
327,376.415
441,362.69
791,755.075
185,237.125
251,209.17
398,532.62
462,451.35
235,284.095
213,213.655
569,439.6
240,261.195
184,239.05
183,299.445
707,907.895
354,304.42
267,242.55
352,241.44
510,574.715
127,219.415
650,829.79
512,468.805
305,341.87
188,272.235
437,415.945
254,286.235
599,541.825
330,385.91
241,343.055
205,192.07
696,677.665
337,387.195
4998,4912.335
501,520.21
655,696.78
564,519.955
554,540.915
830,766.825
156,132.29
486,457.45
228,315.335
364,291.765
172,219.29
990,1011.42
429,428.795
355,257.525
387,425.755
553,525.12
225,274.67
411,481.93
304,284.67
492,523.05
450,352.58
394,413.24
472,547.035
228,232.855
238,168.59
270,271.275
124,123.375
342,251.79
450,509.115
241,248.905
563,549.045
313,317.31
471,358.885
180,236.57
632,609.74
466,370.905
247,341.045
876,805.34
265,359.18
345,439.41
361,230.25
455,496.465
329,243.84
979,782.785
546,490.085
505,545.065
428,358.53
277,331.175
497,560.845
308,279.125
214,256.84
203,214.39
193,214.285
459,434.72
708,815.87
454,406.86
912,740.465
397,466.795
172,311.025
297,293.72
327,312.525
380,603.34
210,330.195
407,417.19
268,261.045
363,310.245
435,547.08
701,584.575
328,226.53
171,200.765
588,613.125
935,953.36
863,883.36
252,241.745
161,210.37
463,430.205
651,766.9
562,716.285
378,332.54
487,376.55
346,397.305
318,281.05
516,693.365
221,291.025
356,369.7
338,335.535
371,481.725
437,413.15
115,198.19
342,341.73
515,499.0
696,721.705
302,382.89
455,405.625
307,404.58
414,376.895
392,366.395
125,193.37
303,304.785
255,404.37
388,326.91
794,885.795
356,243.275
271,448.275
181,289.16
304,493.705
755,631.16
263,351.48
387,437.67
555,496.86
327,440.215
159,235.18
527,547.015
423,360.31
136,211.21
653,560.79
307,279.555
593,509.93
202,295.44
364,342.665
190,218.65
309,246.32
523,486.925
459,469.31
583,523.745
822,635.26
203,172.59
1216,1221.955
347,310.685
281,236.275
180,198.4
350,473.9
430,456.49
2191,2073.89
556,564.785
538,505.325
286,245.63
348,240.665
282,267.385
249,358.48
537,498.125
405,553.47
572,637.755
600,550.025
330,244.365
304,273.15
293,250.915
465,480.73
333,324.185
291,263.23
154,145.7
298,265.775
405,463.3
228,306.605
412,364.915
729,758.39
731,609.505
326,422.64
331,223.885
225,256.79
358,241.435
201,195.735
402,406.245
407,292.6
409,304.38
569,449.255
561,522.77
184,231.815
644,758.19
317,392.27
505,464.825
362,260.43
525,489.63
226,227.62
381,389.96
389,467.895
296,239.11
250,394.745
617,702.475
468,409.545
518,462.645
566,559.28
1037,1038.49
565,634.415
478,425.96
637,626.195
235,361.93
330,327.335
639,608.1
258,261.9
459,537.675
497,486.875
373,343.17
447,508.035
284,291.955
553,419.825
633,448.335
432,356.805
459,400.485
158,161.035
329,379.705
350,396.085
147,292.165
511,420.11
273,204.97
334,306.81
294,226.475
986,856.405
313,381.22
850,748.355
477,508.745
343,285.735
179,232.845
584,564.25
198,330.955
424,354.595
367,506.81
382,409.14
283,260.87
137,278.435
322,289.305
271,299.49
599,582.505
984,879.39
340,391.74
181,230.045
248,212.49
264,295.57
418,383.015
294,405.49
220,209.445
441,572.265
416,327.65
6234,6346.915
1380,1472.305
131,200.76
210,237.99
496,402.93
621,716.695
619,477.7
305,280.18
966,1055.035
457,503.86
649,559.495
475,476.51
301,240.695
207,243.555
240,265.245
383,371.145
696,640.735
406,449.67
486,384.01
454,418.54
297,298.845
351,448.965
313,311.87
411,414.655
164,201.33
178,291.33
258,253.405
394,512.185
277,384.945
594,589.85
577,544.45
330,328.56
456,375.98
360,329.205
598,525.72
388,497.86
204,257.97
565,410.1
666,722.08
657,591.425
337,370.19
277,275.37
695,768.33
446,476.335
241,317.715
411,392.215
451,391.835
217,221.7
249,356.005
504,391.61
929,770.405
585,480.83
232,257.895
455,493.87
384,361.85
239,435.0
186,155.81
866,789.435
508,368.0
566,520.175
602,565.78
648,455.815
523,587.6
468,450.94
169,234.89
401,321.93
430,432.62
477,421.31
675,635.965
470,382.6
340,340.83
2514,2502.855
284,338.185
239,205.25
388,428.645
410,368.22
295,330.335
506,536.06
439,309.66
150,248.87
576,699.03
577,436.75
425,474.63
486,393.625
579,610.195
369,512.46
427,464.93
557,547.3
204,330.6
442,348.33
438,406.415
235,328.695
204,194.265
629,535.99
215,255.895
264,238.16
265,404.725
503,436.795
433,463.725
306,331.655
269,328.595
263,323.345
888,859.68
254,388.98
129,123.385
446,500.41
433,375.985
157,250.85
307,249.52
873,841.175
396,397.59
412,504.79
302,424.0
653,666.845
199,216.62
642,599.33
186,200.33
487,435.1
221,191.095
684,783.68
436,397.965
432,375.485
148,243.56
370,309.115
737,633.905
310,394.825
358,370.915
340,280.545
680,530.05
310,230.73
573,497.775
237,297.68
410,346.1
655,573.41
405,378.835
181,238.795
165,220.945
385,458.6
223,250.285
383,289.545
379,390.99
639,587.285
482,497.895
265,218.835
323,254.19
229,193.615
322,316.105
188,239.38
464,463.82
857,759.56
469,485.71
358,443.215
454,500.38
372,482.375
390,418.705
405,489.69
973,910.23
375,378.81
328,324.9
205,289.24
482,508.39
296,307.07
675,456.18
711,644.5
501,411.48
548,499.575
460,582.935
611,555.55
298,292.415
295,237.925
512,487.18
201,339.385
312,421.535
821,859.295
337,372.235
578,522.24
661,666.055
789,675.355
654,834.515
342,378.945
152,144.49
477,572.345
344,338.015
246,335.29
173,233.925
488,445.85
261,319.395
616,525.74
477,475.825
210,300.335
372,434.625
434,516.66
457,448.54
563,546.695
230,293.09
321,376.84
287,388.52
412,348.72
264,247.365
467,629.81
309,250.71
586,503.83
527,453.685
158,175.665
253,336.875
254,337.66
359,307.225
719,789.505
268,409.72
593,519.83
227,278.38
470,474.87
255,269.825
199,220.505
395,563.665
180,235.87
214,353.475
461,609.495
563,557.855
201,235.995
545,600.925
779,829.055
211,253.445
357,329.795
479,602.43
543,552.14
356,276.05
448,506.49
398,398.73
286,216.635
238,315.425
278,307.14
344,347.545
586,483.65
336,523.62
272,429.465
260,282.02
332,356.39
268,253.515
209,249.725
832,824.815
647,475.665
543,508.475
332,343.175
505,438.925
275,293.475
577,471.945
387,360.08
327,306.725
106,119.3
275,349.61
544,566.76
369,311.875
249,297.085
658,645.035
714,779.345
448,447.805
193,301.475
440,464.595
321,271.325
408,412.995
309,406.74
446,463.815
919,812.77
399,307.02
206,239.29
271,301.375
812,866.795
152,217.245
146,241.15
341,338.93
253,261.095
299,316.875
481,434.405
818,885.02
315,332.84
497,442.365
262,294.925
417,412.215
317,226.615
345,250.025
269,277.37
717,672.36
437,401.595
806,587.025
347,368.77
517,488.655
796,813.915
422,339.7
195,219.23
2610,2662.06
623,493.62
284,339.125
278,322.45
546,447.42
920,873.67
544,540.485
343,382.855
391,429.965
239,232.1
285,238.645
527,408.71
428,333.35
284,304.875
391,283.835
323,281.41
646,720.725
466,442.565
312,315.285
311,358.575
387,390.41
430,299.945
642,683.19
566,542.02
388,487.315
302,332.89
362,405.13
418,394.92
360,432.125
276,220.485
828,655.325
528,466.88
377,472.09
180,311.97
293,274.09
145,135.12
174,244.285
298,274.065
259,238.61
446,397.8
548,441.135
444,389.35
176,237.23
359,322.465
652,562.37
491,495.015
382,322.545
837,791.845
152,302.04
329,301.155
459,530.375
518,706.32
524,503.695
637,525.505
446,489.745
425,359.92
205,274.175
620,599.36
841,882.44
401,393.76
533,485.74
325,245.775
315,287.06
537,404.265
287,224.3
541,460.55
529,496.27
381,274.015
162,208.025
626,463.495
254,246.16
349,349.06
439,384.43
397,369.845
416,393.97
568,578.205
330,333.4
575,575.46
183,225.155
371,449.51
254,211.12
499,485.805
551,534.125
221,337.005
280,222.47
269,327.06
623,722.875
656,495.915
639,640.875
194,244.71
2352,2174.91
328,353.555
544,575.61
440,527.705
295,324.56
242,324.44
360,434.395
328,253.865
202,269.665
223,410.645
216,223.16
560,412.085
245,273.485
342,375.42
649,723.05
733,614.93
311,335.065
657,700.27
531,500.235
459,511.72
285,311.945
320,323.82
250,349.405
122,186.945
139,263.275
315,353.86
323,281.2
492,396.615
249,219.425
445,508.33
421,387.0
638,605.455
644,691.115
365,317.315
369,392.625
782,634.66
346,355.13
2849,3074.585
191,226.855
714,686.41
294,291.8
226,228.48
198,302.235
328,347.29
588,413.285
814,746.345
458,458.995
405,612.685
283,298.525
344,299.935
2364,2417.975
265,309.565
210,302.89
621,526.12
398,352.53
1055,1153.71
396,415.22
245,268.995
461,501.17
588,492.27
219,319.595
783,805.89
336,340.26
380,340.04
788,863.675
312,482.975
361,437.785
438,415.01
187,193.96
386,267.58
374,322.92
403,399.615
251,321.01
317,435.27
465,477.395
460,480.4
499,469.465
180,199.155
193,301.355
840,680.915
459,448.415
198,283.395
307,289.92
119,230.265
725,803.09
202,242.205
601,638.305
527,506.545
649,491.175
268,357.96
414,397.515
487,508.74
229,204.15
210,235.15
482,520.605
263,242.365
777,936.88
374,352.88
1047,1051.96
219,292.365
511,462.975
334,299.825
332,393.75
555,761.055
410,371.46
366,409.235
363,374.5
260,262.45
391,336.085
444,344.985
427,415.29
529,602.505
518,451.64
351,303.525
620,725.645
274,366.88
624,621.49
481,607.14
228,331.2
257,320.575
355,305.73
491,539.045
274,430.315
266,222.315
351,336.2
556,435.5
745,750.73
491,462.76
908,751.75
196,234.99
239,318.075
647,476.2
462,394.445
466,411.985
587,590.695
470,435.425
280,282.63
283,270.77
494,496.22
767,740.77
663,779.33
768,722.495
1033,978.845
451,508.04
565,421.925
346,462.56
330,365.59
668,565.155
189,229.22
738,851.11
116,193.475
336,280.975
662,674.675
265,362.785
610,469.36
248,264.655
484,489.615
379,333.555
305,249.68
583,572.08
739,540.0
489,393.055
299,346.935
638,526.58
354,203.03
376,277.74
337,258.21
550,475.445
222,199.46
227,249.21
337,371.06
363,492.935
678,509.52
526,406.265
365,308.725
592,566.105
135,210.175
298,335.77
601,470.685
507,393.13
332,400.895
572,575.62
293,375.15
338,369.8
200,244.475
289,347.255
522,460.375
347,302.615
278,370.675
596,422.985
370,370.63
308,259.435
320,406.345
404,451.675
202,332.885
110,234.175
533,557.545
481,460.04
465,364.6
306,335.66
313,398.97
223,279.38
110,100.035
546,409.5
215,303.675
244,277.49
252,281.055
484,357.785
294,234.97
328,256.485
288,331.29
323,320.855
361,366.19
402,458.305
457,396.88
785,671.62
591,728.425
583,663.86
380,276.97
560,521.47
453,545.075
327,367.89
579,609.635
464,368.68
447,525.405
466,456.565
613,756.775
160,245.845
347,462.445
488,381.705
318,370.62
430,559.815
405,418.475
638,670.86
363,402.88
731,624.26
492,470.505
198,231.305
240,205.81
337,342.035
457,425.16
358,282.18
819,878.22
387,242.835
356,307.545
343,225.92
241,217.025
501,401.79
663,497.39
846,717.535
291,228.28
402,345.255
478,541.885
473,367.025
424,400.27
220,384.905
94,203.095
453,363.675
174,219.545
524,571.445
553,450.215
288,401.835
388,411.64
420,518.88
163,143.49
403,329.985
278,340.335
386,330.555
279,324.655
192,221.25
281,342.895
315,235.02
653,553.75
294,258.985
377,315.5
525,429.21
190,203.25
391,500.96
296,278.01
173,233.695
432,469.01
756,638.65
360,340.41
289,280.74
360,248.615
343,267.445
272,405.49
154,217.675
341,387.44
261,235.81
310,357.795
726,620.65
269,373.5
529,394.55
537,506.97
189,166.135
538,342.12
454,494.43
335,354.535
476,463.955
190,265.125
373,487.205
395,400.045
654,528.65
497,657.135
213,222.33
281,278.535
186,275.51
312,395.25
683,727.315
752,734.18
251,202.735
339,453.565
273,351.165
409,355.02
159,156.895
683,576.245
169,283.45
607,742.49
679,472.28
1035,1025.685
261,316.5
317,452.48
812,831.7
413,316.895
354,350.615
831,664.585
414,419.485
557,478.605
267,234.62
105,248.415
398,573.16
462,340.21
384,455.505
329,264.98
306,241.71
836,822.26
303,330.645
377,435.84
162,155.705
214,250.44
570,681.595
218,246.715
385,377.35
260,259.745
719,632.535
282,225.16
421,504.38
301,475.6
298,211.965
461,367.09
608,483.485
186,183.82
176,210.48
326,276.93
261,254.97
195,222.08
655,585.13
728,596.635
351,472.875
275,244.235
1108,999.0
541,597.615
956,960.41
613,540.305
303,312.14
148,238.945
88,259.98
433,360.345
683,526.975
392,471.8
277,233.65
335,374.39
286,225.89
420,476.145
262,244.485
724,684.53
534,425.505
526,409.07
496,488.215
386,399.62
498,629.555
226,228.605
369,352.065
193,210.81
494,350.69
255,318.67
479,494.835
164,160.565
317,311.09
522,744.085
521,575.74
549,537.63
146,201.17
705,708.455
462,425.49
650,606.325
433,466.12
205,284.435
406,405.52
283,242.565
358,378.45
302,383.51
519,432.485
248,258.425
436,451.85
293,264.56
565,457.785
313,310.65
382,437.62
420,502.305
312,452.955
448,464.585
512,459.195
407,304.56
378,323.865
764,923.04
254,272.54
175,244.96
821,701.25
346,301.95
566,669.83
351,355.915
360,328.635
297,329.01
548,509.61
401,429.435
435,452.865
304,346.345
231,240.025
353,424.525
350,277.18
326,373.18
331,238.74
143,158.075
256,231.585
269,286.345
339,336.575
1500,1615.025
338,335.495
652,644.065
339,275.74
217,310.45
889,703.795
337,398.715
317,307.645
467,406.645
270,355.875
1870,1960.385
648,560.305
385,394.965
459,461.125
382,244.56
192,217.815
614,527.165
803,675.21
309,258.285
344,289.15
397,406.875
625,526.97
379,386.16
154,249.97
654,621.1
316,343.12
450,596.56
229,312.805
601,773.925
581,539.135
381,456.785
320,291.165
408,373.01
935,816.52
459,470.58
793,879.095
583,558.07
462,368.815
192,234.585
590,415.545
381,313.305
260,219.595
350,365.885
1021,924.155
333,325.925
583,565.65
539,566.53
639,642.56
281,457.02
344,313.955
374,409.215
149,186.32
246,182.705
248,248.2
516,453.04
488,498.66
339,391.935
802,626.55
481,463.99
219,239.83
401,289.48
424,523.955
380,379.035
724,639.845
325,205.87
161,149.865
521,498.385
343,234.2
479,436.56
1938,1903.22
340,414.515
394,310.535
229,193.845
847,859.975
320,222.425
250,350.56
322,316.135
287,233.075
214,436.97
281,278.59
211,202.54
236,339.695
100,298.3
305,335.735
405,443.135
410,342.765
278,220.4
486,592.87
327,297.765
260,290.575
789,897.39
332,413.865
502,451.955
456,440.65
133,198.375
1359,1281.82
401,333.63
634,822.335
247,206.315
541,445.315
396,478.175
488,467.835
650,645.335
242,211.685
632,582.335
409,519.365
574,488.14
527,496.9
398,345.705
594,529.65
410,334.4
204,225.295
334,321.405
227,246.645
458,386.985
613,766.405
332,327.535
210,219.74
516,347.89
407,333.605
956,768.99
531,407.88
327,409.335
318,249.425
581,469.775
423,372.55
280,421.925
177,153.33
145,252.27
798,698.49
207,274.705
464,445.42
310,328.865
541,373.97
589,541.985
379,433.785
330,368.47
394,332.995
308,391.56
329,372.07
602,633.34
1040,1008.255
556,421.065
425,442.725
586,468.3
673,548.17
708,732.435
193,223.565
528,540.585
350,335.595
203,222.55
390,365.5
612,436.41
504,558.345
232,354.905
590,470.69
264,297.085
484,683.535
314,288.485
239,290.375
422,627.89
483,350.0
521,398.05
125,242.275
754,831.5
419,434.705
1844,1894.05
378,305.525
325,296.425
344,436.145
157,227.395
329,239.39
647,700.85
250,242.14
322,230.0
609,680.13
338,405.18
325,441.69
194,245.375
121,215.5
608,562.49
824,810.225
663,571.805
556,516.49
490,542.085
306,345.655
521,390.82
515,416.735
377,420.25
395,338.285
403,319.22
866,828.755
286,207.935
486,541.71
322,434.865
895,876.99
2226,2172.98
480,456.82
271,354.02
220,221.345
430,343.895
613,507.97
377,464.265
326,384.035
474,685.495
246,302.425
651,612.965
343,262.715
383,390.995
773,775.785
499,620.47
325,269.24
424,359.22
339,454.01
451,595.255
779,719.33
399,407.585
311,263.575
291,284.055
446,441.025
689,547.965
296,237.315
449,487.98
292,411.62
597,607.375
404,485.77
935,858.865
370,314.8
236,180.445
302,282.8
425,373.295
490,473.33
261,381.415
718,743.815
335,380.34
567,558.86
565,518.005
225,279.08
789,793.34
381,407.22
181,239.65
425,492.375
371,474.705
377,366.475
2292,2452.305
239,243.255
372,339.625
141,175.565
1025,874.305
825,890.17
288,203.825
497,390.41
74,171.435
814,793.06
563,573.015
389,476.185
404,311.935
282,325.205
287,418.105
219,249.33
119,108.555
204,288.51
286,218.85
322,222.845
684,552.22
362,262.13
452,423.455
273,278.415
1021,961.01
276,198.39
358,300.43
494,379.02
396,298.955
260,305.555
404,528.65
358,456.4
378,379.99
328,450.095
313,487.23
366,386.605
276,267.42
407,347.51
292,377.34
410,307.185
392,416.24
284,233.27
519,560.41
460,530.545
390,399.39
216,250.0
289,233.57
534,404.345
635,579.35
503,392.225
259,367.26
285,220.175
357,435.695
490,532.385
404,423.695
293,427.365
289,274.34
636,443.02
259,287.22
509,576.59
277,235.34
730,744.51
186,217.5
760,683.29
319,223.225
725,716.45
340,270.25
267,255.2
340,289.095
264,314.135
931,975.965
363,255.84
262,270.34
206,350.185
529,501.83
538,543.9
585,552.37
158,255.19
221,276.78
477,516.6
462,432.72
262,250.895
212,232.185
190,295.475
399,263.41
555,752.305
568,527.985
477,547.34
476,365.665
267,299.375
539,427.96
307,436.075
763,704.875
232,263.055
257,318.78
354,371.98
561,481.545
567,517.875
361,299.87
310,299.175
365,382.955
305,384.695
343,358.24
320,403.775
209,233.66
2898,3036.255
974,814.785
369,382.82
705,831.2
494,523.11
296,386.47
636,583.145
198,306.98
309,342.715
646,619.33
313,240.86
244,283.54
572,406.775
594,595.25
616,451.795
817,898.49
284,244.735
552,528.11
379,288.085
408,261.97
887,790.96
1485,1688.55
726,693.085
475,558.345
337,391.83
300,329.56
597,597.025
309,284.38
2178,2147.605
214,382.355
548,491.825
271,246.07
243,369.79
143,165.59
957,761.94
452,466.38
412,277.615
164,158.88
390,391.825
445,431.055
902,833.045
433,360.45
497,563.13
873,816.375
317,300.42
402,356.31
240,434.83
3990,4101.68
286,233.88
364,446.765
548,536.49
2928,3042.55
204,214.595
281,302.1
391,287.66
224,365.455
286,312.375
544,534.26
294,365.98
675,542.86
1096,1029.49
394,372.75
366,361.08
534,414.11
245,219.095
260,252.035
225,363.095
274,239.935
296,246.21
660,637.36
247,380.74
245,289.13
664,685.535
667,492.28
337,415.0
290,370.695
326,434.76
534,662.45
188,297.485
247,313.435
394,507.27
435,449.795
401,458.52
280,243.33
667,499.87
343,321.3
419,347.155
354,288.375
200,291.615
705,648.85
265,216.235
325,296.0
231,267.205
348,393.99
488,611.74
836,903.51
272,313.775
465,408.245
418,466.145
238,284.29
382,399.38
457,412.55
404,323.33
559,443.76
399,462.26
556,549.435
499,378.855
631,524.43
547,490.65
418,397.745
622,548.845
142,251.33
277,274.385
385,327.485
251,309.625
407,410.385
230,293.67
554,603.405
259,248.99
457,446.94
401,367.555
710,584.735
318,318.29
324,293.795
886,808.46
506,622.77
233,275.46
454,379.535
454,382.715
459,632.48
292,459.435
410,456.44
378,400.63
252,242.3
314,375.105
337,350.665
291,365.62
301,324.0
333,464.24
435,336.36
327,311.265
280,288.675
423,375.695
377,364.49
643,564.085
657,538.45
305,293.35
319,230.775
502,576.57
830,756.825
380,393.395
310,216.225
435,400.0
577,437.66
611,515.355
302,357.56
457,445.47
410,600.59
408,556.665
423,374.095
2430,2599.265
231,258.745
359,238.335
407,520.275
903,911.53
485,638.88
497,562.215
319,332.975
573,547.975
458,390.855
1734,1571.195
267,239.175
293,312.545
444,413.335
284,344.22
471,445.83
502,482.235
720,570.11
252,385.995
239,253.505
171,236.795
461,426.875
123,257.68
240,370.235
228,200.945
200,256.77
331,464.65
191,152.69
390,441.07
295,367.705
464,341.605
269,255.25
916,716.965
542,450.47
756,888.405
730,552.385
567,548.395
125,217.665
447,327.78
616,571.0
446,400.745
432,462.005
268,261.38
183,354.69
494,518.865
186,275.92
572,698.275
472,624.71
313,246.2
1019,925.55
296,384.315
671,647.735
416,444.97
431,329.81
345,247.135
770,598.945
370,393.115
350,359.3
472,434.385
431,470.53
202,287.815
386,286.005
341,366.955
611,689.655
243,271.505
311,346.585
246,423.13
521,469.25
901,949.135
257,301.74
681,718.225
376,357.975
991,938.06
475,426.0
251,301.125
192,247.35
336,264.38
537,462.945
439,354.995
860,846.28
250,196.1
228,223.655
591,426.205
768,716.43
500,488.065
400,449.19
497,578.505
3748,3870.475
380,297.44
392,495.975
1055,960.905
127,242.975
507,401.02
276,251.67
260,220.025
493,376.155
351,382.29
1168,1010.555
385,485.26
616,529.99
378,395.9
284,194.37
442,566.64
249,244.38
424,493.31
901,881.895
317,303.905
244,240.26
507,565.805
570,513.73
237,259.06
323,368.885
491,537.39
453,424.025
333,281.185
363,453.215
931,786.855
288,219.37
447,522.085
235,283.295
427,362.985
285,436.895
578,547.69
358,234.11
253,321.345
245,269.26
565,552.705
340,210.425
464,491.565
624,439.965
322,335.035
221,193.745
175,244.235
564,511.695
687,509.305
557,576.47
902,857.6
948,803.58
172,137.06
765,605.82
310,278.15
624,595.715
469,407.61
789,754.435
263,421.24
491,548.285
317,275.255
401,557.1
350,297.06
374,258.155
216,342.645
396,278.405
967,876.16
489,509.05
729,531.615
290,241.625
528,427.355
335,490.07
513,440.71
423,415.475
623,685.465
258,306.25
245,211.385
460,642.5
299,334.86
395,336.51
375,329.965
222,246.26
348,491.33
403,299.05
190,355.405
350,243.31
1041,861.77
676,637.635
424,381.645
583,657.79
359,217.915
311,311.265
160,243.905
582,580.215
454,547.56
409,376.885
439,403.665
579,490.145
577,462.185
196,254.15
175,238.71
510,681.24
325,271.95
300,400.725
298,243.51
231,278.67
3122,3155.315
312,291.61
142,196.195
338,247.665
375,461.55
405,361.92
179,287.315
482,507.14
179,192.39
217,248.99
229,357.355
403,358.345
231,196.175
570,592.06
247,388.255
450,377.13
439,515.965
788,917.635
359,364.37
451,434.47
625,596.055
235,198.075
294,421.22
262,351.32
415,375.2
402,402.165
353,348.445
128,209.995
620,562.415
604,565.745
238,279.7
461,398.925
432,554.35
268,327.785
508,453.865
220,235.865
201,264.3
148,236.6
208,219.02
347,391.115
314,456.225
536,397.295
515,438.14
1000,1002.565
631,506.675
370,347.855
361,303.61
910,760.07
247,321.69
557,416.655
2740,2807.775
546,496.61
613,776.75
135,162.805
615,614.16
396,407.35
255,181.85
601,504.34
293,269.99
649,684.83
228,285.05
1065,1067.135
409,299.505
900,988.505
381,272.59
209,365.805
160,215.915
433,418.45
354,432.43
516,536.04
293,233.415
520,561.215
271,202.355
382,358.54
202,190.33
199,189.35
341,225.29
271,345.205
753,629.34
358,296.795
1024,948.55
147,193.975
349,373.645
267,215.815
148,203.715
361,457.245
581,598.88
366,258.26
348,232.31
273,200.535
317,299.16
222,244.655
257,380.43
346,338.09
149,218.945
365,332.475
913,877.945
550,473.64
249,285.25
355,452.85
267,323.215
312,412.45
718,667.86
317,309.73
468,516.36
324,296.58
629,530.12
457,632.83
278,214.515
518,386.59
459,423.435
311,321.595
347,314.445
800,719.04
568,469.26
284,295.555
238,284.45
456,438.31
253,426.665
255,381.045
141,193.725
793,653.61
388,418.46
2440,2414.515
123,303.205
496,457.78
310,431.095
710,674.415
697,871.155
328,341.83
469,451.45
541,588.425
579,580.34
506,489.895
495,421.065
577,413.475
415,383.34
477,358.09
430,503.585
412,429.875
386,267.695
538,486.205
1039,840.69
195,279.27
254,308.715
200,210.775
448,457.895
573,452.93
635,530.75
659,588.945
183,222.96
274,233.87
883,790.48
431,323.12
396,352.24
456,396.51
131,198.945
361,538.77
345,395.56
595,524.425
554,567.615
281,322.645
153,237.015
138,144.695
908,960.82
457,459.81
387,387.72
783,683.21
275,218.88
309,259.15
348,359.705
211,191.605
365,267.835
326,274.115
555,445.335
372,265.165
538,535.405
251,242.59
420,413.755
305,248.45
437,406.305
222,251.24
801,906.43
454,378.415
663,472.12
308,281.425
573,657.905
522,594.275
538,595.495
501,502.575
363,296.56
628,551.955
372,321.57
622,489.545
426,403.275
463,540.135
343,383.92
284,378.765
268,280.605
355,319.485
248,414.135
424,390.49
116,227.285
256,200.545
581,537.315
955,893.6
261,280.345
241,225.57
742,838.49
353,345.91
300,304.88
289,407.18
625,603.19
314,278.36
515,550.78
191,184.83
255,296.455
314,299.335
253,223.185
229,289.79
372,345.505
346,401.92
379,341.26
962,1007.845
650,557.1
185,219.745
307,369.315
318,398.42
568,495.185
326,299.525
305,233.315
450,439.76
696,703.36
467,351.56
323,316.355
506,449.215
327,270.995
352,336.195
624,506.655
463,415.715
316,437.13
286,328.515
669,774.995
276,301.78
880,976.47
403,435.995
234,193.32
387,556.675
248,237.25
1015,864.225
245,267.755
393,418.64
312,239.545
284,246.08
410,362.17
317,344.96
540,432.925
155,221.665
621,500.13
384,353.265
363,385.81
406,299.685
329,280.9
559,615.095
232,439.31
629,611.47
449,411.445
145,156.305
320,305.59
433,408.205
212,355.035
190,170.12
310,434.725
304,272.87
660,636.08
370,465.405
306,345.765
471,358.595
197,235.915
655,657.2
1060,948.205
345,413.05
239,248.98
404,359.11
313,360.63
536,507.93
243,405.215
1044,926.7
586,534.2
256,214.445
645,622.785
930,910.795
284,223.43
466,441.455
494,408.365
263,256.835
600,527.835
294,217.885
751,792.12
365,437.7
322,341.92
191,183.985
290,270.105
518,518.91
443,462.69
634,635.23
276,420.855
573,378.88
630,651.745
535,449.515
293,297.74
293,371.81
355,358.015
565,488.87
287,299.34
590,413.54
295,288.555
353,324.76
183,255.29
323,295.61
340,379.905
396,516.845
606,521.86
250,250.555
294,256.995
496,393.965
301,343.285
206,230.905
188,292.66
316,325.575
198,226.385
521,403.895
262,457.335
609,618.825
296,231.5
868,785.83
326,371.72
547,439.575
642,515.815
271,437.13
303,234.225
405,463.045
388,380.22
477,525.2
263,483.05
348,223.88
424,488.03
870,899.395
384,362.945
471,390.19
664,728.825
253,352.505
292,245.19
361,302.725
546,394.105
410,493.25
799,622.13
274,303.585
2128,1976.44
673,776.685
340,356.255
269,239.855
381,322.39
784,832.23
475,550.67
217,237.7
729,549.555
518,469.71
315,422.935
317,222.575
280,302.925
821,900.18
345,285.945
498,630.16
490,513.47
395,279.78
463,385.715
269,236.8
308,215.39
353,384.04
376,396.225
173,210.955
599,639.31
303,400.48
238,227.575
265,304.475
406,454.425
591,626.37
136,177.625
208,253.31
328,319.625
369,294.535
500,409.875
913,945.57
643,696.905
462,361.33
398,504.2
181,180.02
225,198.2
444,443.965
253,294.695
206,207.355
338,312.16
655,677.02
588,435.7
309,327.405
952,970.365
380,476.14
490,461.4
362,313.45
365,296.325
316,239.425
397,324.97
336,244.045
186,155.365
304,333.685
132,143.61
265,239.82
165,327.055
542,465.565
645,492.385
816,754.895
178,152.88
351,390.265
331,314.28
297,271.755
364,483.55
213,308.9
400,348.26
577,598.095
593,462.855
639,478.46
555,398.075
464,517.14
314,447.095
487,379.625
275,346.13
602,514.565
566,469.04
164,279.29
422,543.09
904,778.51
240,280.48
199,234.47
369,480.165
409,592.645
374,327.88
785,650.315
436,483.3
298,252.065
424,421.775
561,428.69
255,279.58
372,435.73
215,240.985
203,183.74
1281,1352.07
317,378.51
192,224.88
439,371.61
356,335.885
326,388.575
193,233.84
472,486.425
364,357.17
367,356.195
485,474.925
317,211.42
266,235.4
324,327.21
449,355.75
328,284.665
1365,1230.71
521,524.075
635,590.005
324,432.49
600,465.41
452,383.425
254,320.105
457,497.57
274,352.615
491,520.02
694,576.2
560,418.915
278,344.02
566,591.505
319,353.225
478,382.145
615,660.53
315,414.925
307,423.44
544,573.55
610,593.43
657,583.45
278,249.37
641,675.005
298,223.375
626,497.545
1884,1988.945
522,711.37
236,253.38
745,697.345
224,232.58
345,295.27
294,350.34
436,539.445
723,683.88
784,762.26
289,259.505
995,861.57
427,361.33
249,286.38
461,430.95
904,934.965
199,169.64
218,236.02
384,328.73
449,630.27
345,396.58
389,477.85
418,354.065
266,261.87
232,243.99
903,955.58
179,222.53
402,470.23
542,479.905
243,245.65
411,392.57
455,448.825
294,248.93
550,556.87
253,227.25
352,255.69
141,191.81
621,538.65
2920,2870.455
151,155.71
208,274.035
511,553.62
731,658.18
329,340.025
633,649.385
439,431.655
459,361.375
446,407.445
284,397.675
588,507.92
354,354.33
355,443.795
253,341.79
434,376.255
236,297.09
257,283.145
178,190.21
180,188.535
207,305.27
380,495.82
464,636.14
307,264.035
690,518.755
528,377.79
279,372.745
346,282.085
642,689.075
425,602.495
984,964.02
755,767.335
163,240.865
388,577.39
318,402.12
183,213.87
228,279.885
452,346.71
434,384.35
591,570.17
590,412.0
905,896.61
500,408.9
419,424.445
534,571.08
323,272.7
551,478.63
431,387.54
463,595.265
246,218.245
330,341.755
427,304.415
424,347.515
1956,1890.53
224,232.15
416,300.285
136,260.065
377,386.86
273,222.14
328,415.935
364,300.02
4170,4125.505
158,156.39
666,656.835
506,453.15
872,704.705
356,397.785
779,620.8
804,749.5
191,227.785
174,200.295
360,324.23
155,233.85
552,499.785
131,225.02
254,401.505
631,591.405
912,898.45
504,659.2
3536,3368.545
2508,2475.355
409,292.195
283,402.535
370,344.29
312,354.315
329,296.1
741,890.62
586,606.325
298,384.995
357,413.08
246,214.16
730,605.175
222,220.42
427,504.76
461,441.755
264,363.335
297,246.68
239,261.25
746,594.105
275,304.3
365,312.33
370,304.785
289,345.845
562,482.825
257,350.3
349,364.805
535,443.225
469,529.215
243,201.405
272,356.695
502,448.89
757,934.025
649,583.315
275,293.545
565,490.23
498,403.445
315,336.575
143,197.565
435,377.505
805,820.735
341,363.42
438,437.825
157,217.445
186,233.095
159,296.805
573,521.285
1003,927.875
569,526.105
874,720.12
191,167.99
235,415.5
435,423.715
444,417.905
165,170.39
250,238.615
426,404.245
234,225.245
340,371.935
411,367.635
222,209.3
497,340.725
187,306.64
468,534.705
254,333.59
970,848.72
186,248.35
285,295.885
439,414.785
264,241.92
995,935.91
193,221.915
372,286.025
270,240.825
467,465.54
322,352.625
692,738.95
681,630.075
465,397.965
260,197.735
313,255.165
243,354.585
242,294.865
329,367.485
941,872.965
385,356.58
259,268.435
451,368.425
259,225.145
723,620.555
560,478.26
1017,878.15
368,347.41
316,276.175
217,355.515
377,376.685
287,321.7
469,517.185
349,342.095
267,353.76
431,554.925
270,288.06
819,640.0
250,245.525
412,481.225
409,506.6
769,873.25
450,349.705
365,357.08
370,301.265
363,258.74
601,457.135
351,312.375
289,216.9
380,313.95
486,475.465
470,511.415
545,567.95
688,725.025
275,357.43
375,289.93
457,552.345
278,386.055
369,358.75
373,339.62
1053,956.79
726,578.165
2104,1965.725
592,488.11
389,385.02
268,374.115
412,307.685
477,554.825
355,362.05
431,381.935
488,467.495
178,285.43
468,365.015
988,874.86
542,412.865
267,209.59
418,315.035
408,297.1
2045,2051.45
430,397.915
260,283.395
267,410.74
352,294.215
565,657.195
530,541.905
527,420.63
276,382.89
400,402.255
496,415.055
567,625.27
414,454.975
308,299.455
582,621.56
234,316.925
496,495.95
368,412.96
520,478.575
459,502.4
378,325.315
386,440.995
671,601.645
363,470.07
773,795.86
255,334.21
297,305.02
521,506.195
404,404.2
263,380.85
826,936.305
335,295.225
309,283.95
350,335.775
473,526.79
262,226.495
145,201.52
182,213.26
255,216.35
415,312.19
275,371.615
432,537.555
261,219.47
142,183.06
274,375.03
310,429.85
312,341.48
167,235.975
442,328.495
461,530.055
858,654.585
475,329.48
308,286.27
207,306.77
190,223.465
218,361.865
580,454.06
233,200.115
464,437.61
236,299.835
153,230.0
447,342.02
900,905.315
451,592.725
564,420.68
410,464.075
406,273.095
290,241.27
223,271.13
213,286.84
645,642.0
376,375.7
503,438.095
338,275.715
985,809.115
642,480.74
300,473.665
412,425.305
404,394.245
255,229.09
1053,890.68
455,376.855
213,234.395
670,600.03
413,422.18
953,972.5
240,247.96
684,705.115
416,448.67
604,843.66
3474,3522.645
391,491.475
539,441.265
853,691.925
848,744.56
312,325.16
201,243.855
439,399.795
400,371.075
317,241.31
508,411.335
430,328.83
834,802.595
155,212.795
321,232.785
360,345.415
884,950.375
367,361.125
353,415.685
405,431.67
493,530.695
365,382.395
575,578.36
259,222.085
262,289.885
315,408.65
325,252.22
676,784.54
371,323.68
475,392.3
880,826.81
421,490.02
747,872.905
288,239.04
309,256.03
719,860.665
536,454.575
248,392.165
894,838.725
786,610.63
261,263.23
832,739.565
293,442.435
509,462.5
291,278.13
2775,2584.565
327,479.555
184,193.02
414,438.905
358,412.215
347,441.605
245,292.615
353,395.985
276,282.77
351,295.065
176,191.665
625,597.27
461,410.9
327,333.115
149,183.21
231,307.355
213,290.165
238,305.385
449,467.2
267,285.925
187,247.38
502,481.8
371,477.355
462,448.67
644,670.36
383,471.69
280,205.765
631,484.225
528,562.36
419,416.185
1068,922.13
296,259.3
317,433.88
269,270.13
908,695.005
301,424.965
128,243.82
244,244.45
230,232.73
308,287.145
214,317.875
386,391.82
264,209.455
518,487.855
368,320.625
189,212.645
341,369.01
4360,4288.905
530,450.015
411,388.4
261,329.615
267,353.15
400,392.955
157,233.415
398,391.095
159,276.39
352,412.595
312,267.2
873,658.635
179,276.47
454,480.545
948,735.31
223,222.055
348,539.84
573,426.36
456,361.805
348,268.955
400,360.035
495,596.485
559,562.405
2005,1911.53
372,332.575
727,683.555
384,368.965
423,537.11
273,242.275
349,406.97
498,495.955
272,442.98
770,694.09
246,329.725
288,224.81
162,143.01
665,560.0
281,267.52
524,429.065
375,233.25
360,356.4
967,866.21
389,332.725
520,505.745
802,783.985
314,325.155
352,412.44
524,517.875
662,648.56
217,235.965
235,276.655
491,459.25
145,237.615
583,495.715
719,603.495
287,223.025
252,236.36
480,467.255
138,192.085
334,357.09
271,294.825
255,370.755
484,532.875
245,238.88
294,381.665
312,288.64
898,684.315
660,675.505
431,360.73
215,255.605
776,799.65
411,299.835
292,327.575
164,263.17
1065,949.98
538,441.15
531,684.62
220,243.245
955,965.68
484,504.54
391,529.6
274,245.33
540,380.025
510,374.205
605,604.125
574,466.055
926,836.59
371,308.25
735,795.585
404,470.38
207,196.79
285,296.1
773,741.68
811,804.95
611,533.695
451,355.35
217,267.675
336,366.715
418,474.58
304,341.17
395,357.21
505,513.73
620,496.865
302,430.405
340,353.915
122,227.31
258,336.855
498,474.025
647,552.44
407,456.52
489,371.55
472,376.75
248,282.99
345,281.26
328,273.545
280,292.355
274,320.415
111,146.47
333,295.19
340,267.53
341,268.405
758,634.55
639,528.1
400,535.475
323,430.465
518,446.3
300,355.04
614,619.475
287,272.845
764,690.22
423,488.11
496,431.895
535,694.93
527,473.535
562,485.155
282,223.46
468,397.905
235,283.29
292,308.1
207,270.345
902,827.88
313,341.48
215,235.14
377,275.955
455,507.29
374,469.27
164,220.485
261,267.795
599,580.64
628,582.275
320,244.455
679,760.165
231,395.325
632,522.465
588,399.7
103,121.215
900,946.745
360,310.9
394,347.43
185,291.12
537,479.255
434,377.04
315,364.91
314,402.2
355,366.67
494,432.505
452,457.71
412,441.45
521,527.155
269,276.6
529,450.315
249,242.015
290,227.38
278,301.625
527,394.37
507,447.565
335,350.815
280,403.895
249,386.585
535,467.92
411,396.665
596,494.115
859,682.475
273,267.43
178,209.09
424,381.945
265,332.45
446,512.275
351,338.905
414,445.7
541,565.04
625,549.105
610,664.745
903,769.4
762,635.205
442,340.87
1995,2075.49
100,173.905
213,222.485
500,495.675
359,501.46
729,631.675
335,364.87
544,602.45
345,504.635
455,459.815
310,282.34
464,567.86
354,344.505
423,356.095
329,261.52
517,417.14
480,385.545
683,761.88
556,460.835
309,253.33
637,396.57
298,299.665
641,704.825
907,747.97
302,243.71
501,580.79
604,722.38
314,279.315
421,411.68
505,484.165
271,419.05
693,575.235
232,288.915
653,472.895
395,484.595
283,284.89
346,480.115
250,344.85
388,362.095
243,371.44
500,559.98
313,254.34
302,248.895
284,289.74
434,358.585
257,188.255
177,252.675
392,306.42
177,302.535
403,423.67
306,376.535
1860,1929.835
972,827.345
871,959.485
414,359.85
485,416.145
579,595.035
275,254.72
411,506.315
222,268.22
73,211.655
502,526.225
195,264.195
286,252.485
514,476.19
465,580.845
629,597.31
212,210.995
377,344.475
394,425.86
317,215.05
340,337.955
340,280.36
245,393.74
435,364.64
429,414.515
844,660.12
921,831.62
426,335.1
563,401.015
362,319.875
325,296.755
251,297.675
251,270.015
401,441.355
221,227.785
234,319.16
212,234.525
445,496.245
3528,3735.885
515,476.425
636,439.165
130,143.885
656,651.03
293,314.765
613,494.745
308,262.175
152,226.145
310,255.41
459,375.13
791,716.095
562,517.085
284,285.285
177,260.84
352,376.265
386,294.54
443,417.065
352,308.71
393,304.67
426,449.085
397,381.66
289,297.04
321,326.44
331,301.83
272,363.85
489,459.995
577,522.24
823,796.57
415,369.86
280,282.015
164,198.085
272,273.25
171,203.54
416,301.77
750,724.21
91,248.725
476,413.375
263,230.935
583,421.015
386,342.565
268,385.4
775,879.805
272,410.345
543,465.91
657,591.755
241,303.645
394,380.64
1035,1032.345
272,434.82
406,332.21
795,997.23
433,384.095
271,347.615
147,249.02
272,291.395
366,427.215
326,287.72
664,559.745
308,277.9
371,481.76
260,308.105
254,255.065
132,275.575
367,473.615
479,424.805
640,506.565
822,638.455
294,278.95
490,607.945
1005,1039.125
230,210.14
195,286.05
266,424.56
293,434.165
407,298.75
560,535.615
396,318.74
518,462.02
221,312.865
565,592.63
440,411.855
280,232.165
900,784.92
467,448.03
821,832.23
543,618.27
499,426.995
324,268.595
338,489.855
491,487.11
465,446.805
431,287.66
454,524.03
355,257.14
303,256.155
256,225.89
282,249.645
201,381.385
367,430.595
355,316.225
361,350.97
389,367.63
308,237.095
292,344.24
324,440.78
332,248.14
317,494.62
638,621.125
737,587.88
448,414.265
215,221.655
291,294.165
320,307.83
413,519.775
473,478.7
203,335.865
256,276.655
232,337.71
217,202.97
576,578.695
325,343.97
182,208.935
337,275.35
301,402.34
437,419.29
612,608.1
1039,903.465
590,660.585
263,266.935
220,381.58
219,205.28
306,382.445
284,298.4
409,408.565
302,253.815
392,524.755
486,370.58
342,487.28
150,257.97
571,648.175
576,774.35
367,269.18
454,471.24
222,273.545
506,544.97
502,397.46
216,277.91
349,492.73
629,728.365
298,314.675
433,297.955
355,275.3
179,306.475
259,402.62
327,302.86
600,476.925
278,244.985
477,505.955
584,507.725
585,563.07
454,482.13
502,512.135
409,411.435
581,542.1
397,490.515
517,626.265
1228,1009.725
570,553.425
212,237.92
115,165.99
821,690.78
523,548.755
634,536.935
354,389.95
760,468.19
444,404.71
776,904.84
202,242.595
335,334.76
909,997.42
414,438.16
518,579.72
397,466.095
337,254.44
195,243.265
322,273.315
487,458.79
125,231.45
224,368.04
556,473.845
494,527.085
2166,2255.025
319,337.775
381,487.975
245,220.75
353,365.41
441,510.65
275,380.485
434,479.065
448,392.15
307,352.93
614,625.57
501,517.055
435,453.845
606,635.07
541,564.22
4188,4150.065
320,295.24
794,818.93
583,531.435
620,525.63
122,213.65
295,362.595
916,922.28
446,345.17
477,554.1
246,243.225
438,399.865
498,502.725
391,302.1
485,417.265
227,186.83
516,407.985
433,402.895
424,441.955
237,278.035
253,216.295
773,756.565
533,462.25
936,591.23
731,676.85
506,427.33
619,527.2
548,514.405
396,356.95
670,538.02
1729,1736.08
370,396.57
425,494.56
701,853.935
225,360.415
710,823.95
398,452.43
398,470.96
192,160.745
342,360.925
3192,3343.72
240,356.9
240,254.625
303,423.765
316,229.6
350,451.62
214,294.19
415,448.54
477,426.18
365,342.86
475,527.0
305,313.2
207,228.58
799,803.355
201,238.095
605,546.02
764,613.575
308,244.175
193,262.73
235,283.33
323,332.295
388,351.25
602,478.985
582,509.14
451,512.9
465,368.72
379,423.6
319,349.87
337,276.005
174,211.605
927,757.19
491,341.76
348,317.26
3976,3837.2
212,417.93
387,483.145
330,230.34
945,984.31
274,309.305
617,490.22
315,351.47
292,457.03
489,462.815
273,287.455
216,277.44
187,213.48
210,219.17
399,364.925
365,365.955
196,238.32
495,567.865
689,598.58
597,412.25
264,298.57
583,531.16
502,699.945
394,434.955
452,430.99
111,221.23
414,336.06
245,242.585
481,419.885
155,214.085
271,301.265
170,263.44
180,213.36
137,137.045
493,543.32
493,415.085
400,363.3
593,430.16
434,310.55
155,264.525
573,437.85
230,213.38
410,491.035
322,326.2
422,409.96
548,542.655
300,363.565
297,365.605
347,326.215
417,486.965
457,414.615
374,412.915
282,211.385
554,541.39
302,247.15
531,535.605
359,392.04
321,227.79
550,650.28
214,361.015
338,413.985
433,474.175
491,406.235
267,251.55
406,332.36
295,412.585
303,267.85
756,635.9
436,487.525
1007,909.96
474,484.16
188,240.13
270,300.765
383,346.545
327,281.7
316,412.65
586,465.655
341,453.535
803,825.63
222,350.13
452,417.35
193,235.675
392,466.795
253,249.715
360,389.02
513,382.175
356,356.585
297,394.315
196,290.47
473,478.71
197,216.225
612,567.225
319,308.6
847,770.775
231,425.81
264,232.21
757,791.39
571,584.305
265,231.545
358,519.945
367,368.445
325,251.045
560,578.33
334,227.185
1758,1906.605
507,382.765
662,738.405
1056,1015.26
254,293.32
731,680.47
507,405.42
502,420.605
241,219.39
1614,1817.465
215,317.63
414,449.685
407,415.005
228,216.9
421,391.54
344,253.72
511,543.55
239,241.685
261,376.75
389,297.02
421,453.785
451,456.03
324,246.05
559,435.89
416,323.455
505,493.35
635,746.845
335,279.295
597,685.67
309,370.38
449,513.645
201,247.785
445,452.14
895,912.03
312,287.62
281,236.945
384,313.495
667,629.425
279,324.495
370,468.95
470,340.69
278,235.735
319,367.66
146,191.345
468,555.455
325,204.985
353,464.295
504,554.585
959,988.865
537,510.45
236,320.92
396,491.775
306,283.86
428,528.92
642,746.575
364,291.415
339,450.52
267,269.98
258,331.575
519,484.59
353,296.435
807,698.37
450,352.39
518,515.71
492,564.91
192,218.535
219,383.65
211,254.185
449,548.165
224,247.305
936,969.625
372,438.495
495,408.48
506,550.32
258,246.105
185,237.905
395,404.18
330,379.14
493,396.225
516,511.6
151,156.42
237,293.025
370,378.305
347,363.15
420,431.73
419,439.55
645,682.72
417,425.555
443,328.38
266,288.28
916,961.095
481,434.17
335,353.1
607,491.13
484,539.79
208,192.96
648,471.21
432,595.955
223,276.125
252,335.785
615,739.08
267,330.47
305,407.865
495,474.04
278,214.225
886,703.06
497,399.465
419,371.135
593,790.255
484,541.885
608,468.3
328,240.955
429,290.57
741,766.88
266,260.73
278,382.52
780,604.5
165,213.93
329,367.33
511,520.665
577,478.87
351,259.495
93,130.675
507,459.09
247,284.395
202,319.035
415,328.08
141,246.36
633,561.0
532,485.29
251,305.8
288,255.45
195,178.335
643,771.47
267,295.62
712,667.07
530,698.85
305,354.67
295,431.005
318,330.805
870,745.215
334,313.475
578,571.28
331,401.68
388,311.115
406,436.82
313,444.465
466,506.9
531,628.215
404,311.995
645,762.12
189,166.45
183,210.535
400,377.2
488,645.065
266,236.915
355,337.54
267,241.73
275,380.975
540,498.435
368,296.025
870,758.69
187,254.97
657,593.47
251,377.655
263,373.73
231,280.9
738,709.08
367,373.745
845,835.805
199,226.635
292,318.51
175,256.885
158,144.11
318,315.695
156,197.04
199,241.135
541,395.48
726,853.97
356,312.955
269,271.785
511,385.11
271,230.235
273,271.085
213,409.29
438,515.165
233,288.195
356,411.85
991,843.01
374,445.845
100,187.755
814,852.52
504,465.045
340,255.07
143,133.61
445,577.445
191,229.695
535,363.375
262,320.77
157,284.915
328,250.995
343,445.79
355,370.845
359,335.625
951,942.675
641,821.485
1808,1656.04
324,329.66
317,316.125
297,410.67
581,442.7
216,306.715
369,263.575
882,707.7
581,643.755
333,321.125
328,311.315
259,250.085
756,880.565
405,419.67
376,386.145
960,878.84
509,445.115
306,319.805
514,439.72
273,433.26
602,556.38
588,433.455
628,558.675
555,556.635
430,436.65
4070,3887.33
439,369.61
519,541.595
416,521.33
737,735.2
284,294.555
450,315.745
183,196.605
228,411.395
408,327.185
292,375.115
308,226.695
335,432.845
463,387.095
469,483.175
351,467.44
656,539.42
1025,881.355
368,319.22
266,248.17
376,486.85
333,249.74
177,322.785
328,429.94
286,249.145
254,240.025
357,297.68
377,466.3
900,822.615
366,328.5
552,404.655
359,407.665
262,209.91
376,335.02
199,349.88
205,208.75
306,277.075
342,312.135
709,551.775
308,374.29
230,256.76
256,214.33
332,265.22
341,426.575
166,154.435
363,338.05
482,370.24
368,328.225
267,328.46
713,729.43
640,732.16
248,233.955
582,540.955
697,629.365
406,523.96
549,514.35
388,403.38
388,334.515
294,442.055
612,437.24
308,230.83
923,755.62
312,438.135
311,452.955
300,260.96
159,255.495
445,526.255
551,568.83
1001,902.955
231,294.28
1087,1022.305
399,293.685
586,654.17
818,869.825
354,457.935
291,379.325
371,327.765
460,526.32
387,389.455
744,593.34
376,295.565
284,311.935
515,595.685
538,499.485
413,353.63
333,379.075
620,429.945
461,480.71
317,321.36
807,869.99
673,513.645
243,359.055
423,488.78
291,296.68
395,413.0
611,637.965
293,340.765
201,252.205
493,459.56
460,472.395
371,387.835
251,303.055
589,565.59
340,240.835
343,250.38
269,400.685
1049,942.36
262,230.28
560,560.04
538,617.425
382,322.155
367,320.49
222,215.615
496,381.405
535,586.37
440,500.005
412,446.59
482,408.575
344,362.035
318,342.935
332,261.07
524,530.425
661,527.515
577,413.375
333,370.245
935,864.875
376,333.475
667,597.05
799,884.37
308,356.43
822,916.005
297,425.155
405,475.575
1785,1639.16
266,419.41
290,281.45
361,339.365
2664,2540.365
517,515.165
569,541.57
618,628.955
256,352.85
507,446.865
209,184.395
222,294.845
529,518.245
296,225.015
164,250.69
598,509.075
616,601.48
178,251.57
267,297.555
478,526.335
360,235.055
285,234.085
540,612.805
534,555.075
321,418.54
310,480.715
509,493.39
316,348.925
248,236.8
437,453.18
412,480.1
289,256.6
433,416.665
194,242.07
224,165.84
196,209.685
154,163.47
423,267.45
254,347.435
371,415.29
514,425.72
255,212.715
332,274.945
308,362.585
303,302.4
684,594.885
373,375.88
254,186.52
277,380.045
378,399.09
483,441.465
230,265.66
803,669.71
584,519.1
981,933.24
324,404.745
356,274.285
199,178.78
226,224.895
440,492.27
201,244.74
623,418.105
286,357.84
279,241.97
1025,968.58
451,406.98
334,383.73
329,405.295
294,303.465
546,635.62
1051,874.145
123,229.395
261,296.54
464,484.48
130,237.675
356,306.1
774,800.09
476,457.595
467,362.985
185,197.28
334,428.72
813,651.155
481,373.26
338,312.57
334,269.035
874,971.58
508,375.84
324,385.8
317,329.52
306,412.115
459,326.87
554,451.16
393,301.035
207,213.93
177,130.075
944,801.215
648,493.705
839,894.21
2128,1959.54
495,522.37
420,474.18
259,285.18
617,472.22
529,416.95
274,464.79
442,538.325
253,252.57
552,541.46
132,118.17
304,387.65
382,349.575
664,529.27
456,523.9
462,504.62
443,305.44
310,347.61
425,371.83
222,198.785
399,286.665
346,289.895
295,437.13
400,433.265
981,972.53
256,284.33
197,227.705
541,485.52
209,229.24
648,579.01
506,551.88
322,244.66
620,616.515
179,232.075
2611,2667.79
400,312.65
609,629.34
660,543.72
371,347.255
344,273.165
643,460.59
220,191.465
213,241.31
343,362.375
274,349.515
553,573.945
467,320.515
644,593.0
335,282.235
919,802.63
1024,956.035
521,381.67
137,127.365
157,237.255
769,818.69
220,379.18
256,211.775
572,579.405
549,541.29
496,430.49
175,294.16
459,393.655
194,375.47
130,232.92
478,412.445
456,447.13
270,340.09
460,421.075
296,239.23
242,395.7
271,335.28
394,275.995
455,520.48
341,230.215
508,512.28
5676,5663.565
317,345.225
470,422.99
483,516.865
418,369.93
845,791.565
249,270.535
341,265.635
604,647.225
871,834.875
430,450.125
552,463.965
484,433.86
321,282.825
383,481.445
382,555.32
826,593.185
397,365.57
311,488.205
319,414.5
162,244.875
739,751.61
700,797.79
283,256.44
347,485.4
906,944.44
515,557.47
270,223.42
288,270.695
335,219.015
347,253.7
347,234.315
282,454.65
721,786.32
535,532.945
209,204.75
365,301.605
2424,2457.535
489,519.855
415,356.81
370,356.095
530,394.405
321,247.2
332,273.46
366,457.005
491,459.94
709,639.515
424,496.65
557,513.945
420,398.23
1195,1015.76
475,472.73
506,429.23
452,377.405
312,404.865
325,296.545
306,264.755
304,351.85
258,259.81
346,312.325
537,469.79
310,233.015
194,254.91
291,332.955
399,338.955
389,406.52
489,368.32
596,485.96
520,488.19
665,465.985
337,320.06
298,347.61
295,322.825
226,249.65
259,363.06
371,312.13
551,475.3
612,822.835
470,396.06
251,209.6
545,538.54
414,345.335
219,258.755
649,641.57
328,340.4
564,411.85
244,214.19
326,271.47
521,411.705
744,587.975
483,407.47
265,255.25
566,587.675
376,303.385
243,373.695
345,352.92
505,529.52
525,394.32
221,264.22
531,410.32
295,255.32
460,499.97
593,429.3
500,418.385
438,628.545
223,347.04
578,545.52
297,307.705
263,359.155
418,474.335
256,297.175
262,254.785
261,326.45
450,377.465
595,593.255
346,326.13
569,432.635
173,300.71
253,275.925
486,434.41
218,260.665
317,305.755
178,241.255
152,171.54
430,461.38
414,524.645
329,334.075
1018,907.68
309,419.975
294,304.29
386,423.475
288,348.675
867,907.065
680,610.75
470,492.015
669,695.625
587,428.855
430,503.895
165,300.415
546,501.3
504,420.28
456,414.425
371,317.965
1020,854.745
450,400.71
153,195.32
269,224.855
463,590.385
934,769.125
323,251.52
451,395.235
300,271.58
404,381.49
324,385.045
438,295.835
747,600.6
641,607.11
423,339.29
430,580.42
243,290.555
327,242.33
1037,996.045
380,425.725
469,410.41
660,560.82
653,669.785
319,240.41
414,418.23
503,436.95
489,379.225
530,392.61
569,502.05
305,321.395
794,820.87
342,384.835
325,437.475
317,273.255
1062,862.02
524,363.66
383,413.265
196,202.255
184,193.435
283,297.015
374,394.92
210,231.325
298,432.74
207,297.08
306,292.425
272,244.515
1053,996.42
604,606.83
324,420.225
549,705.71
496,446.915
411,418.83
704,735.54
584,595.21
583,442.465
554,620.005
439,359.62
295,398.31
501,393.32
393,305.65
411,348.45
233,229.725
207,210.2
511,386.525
263,266.84
279,421.33
286,313.87
429,399.97
179,252.595
723,790.985
443,412.22
249,373.26
266,299.095
270,332.275
405,372.34
342,434.515
542,397.07
291,429.87
315,302.965
268,425.32
588,539.94
207,352.95
352,437.635
650,475.69
567,526.395
164,213.89
225,298.1
732,837.23
289,334.87
301,242.315
518,439.44
297,331.7
438,351.425
557,549.985
569,521.82
583,614.875
217,259.64
463,583.005
511,485.955
369,384.54
683,575.03
187,288.8
493,402.28
402,322.62
254,315.66
568,409.32
425,376.895
413,409.265
219,303.89
507,472.27
561,513.585
258,207.375
238,293.565
592,438.325
307,280.475
554,534.065
602,524.395
415,316.1
293,313.67
611,767.51
380,433.0
367,416.485
277,280.585
575,620.295
536,406.95
256,201.135
406,367.75
322,281.715
506,584.795
546,532.4
171,200.765
189,232.385
318,444.055
363,330.985
853,838.985
187,234.025
773,758.0
292,223.38
462,380.915
474,499.72
156,201.82
333,248.715
400,325.66
588,381.155
529,549.355
121,244.86
323,255.375
427,377.33
279,303.505
478,407.11
2060,1880.305
300,250.165
434,400.82
288,293.325
453,408.005
268,250.605
225,263.42
435,377.745
252,237.225
382,381.785
429,334.6
380,378.74
436,485.435
375,393.995
368,322.685
244,341.29
608,543.235
456,338.79
431,384.1
571,535.175
190,241.035
413,353.93
256,286.875
998,849.7
239,320.05
1070,1092.95
338,323.405
184,334.065
313,273.215
847,775.54
257,239.045
287,271.59
396,357.81
426,477.94
337,429.585
160,216.455
866,879.44
562,546.935
639,546.22
437,343.9
289,219.8
119,278.55
259,442.325
564,482.3
276,406.91
314,335.145
464,363.215
363,285.96
303,392.42
249,258.145
646,784.84
577,455.92
604,530.925
519,410.57
568,396.105
579,558.535
432,451.245
383,324.535
226,325.81
489,413.02
207,252.025
343,319.425
264,274.69
790,766.57
405,395.455
319,412.1
432,509.295
215,278.41
497,411.905
572,628.825
457,448.395
234,360.305
177,293.865
506,556.37
525,557.91
657,471.44
401,422.805
362,243.695
777,813.285
444,339.32
6202,6172.78
355,367.945
317,260.315
297,377.45
396,494.96
291,233.115
358,332.545
679,639.565
150,257.815
868,912.965
502,521.405
236,264.145
275,387.96
180,272.23
254,304.89
1057,937.265
261,321.115
226,259.47
548,522.65
547,476.605
478,451.35
493,531.05
400,542.2
416,487.28
245,440.11
372,298.24
514,486.55
209,229.67
384,415.06
555,580.54
593,422.3
397,357.49
255,245.725
580,524.685
231,363.625
218,271.21
252,260.845
420,471.11
258,294.99
350,286.795
409,443.065
242,360.835
232,262.485
294,278.57
632,553.725
805,604.965
542,577.135
434,403.62
279,429.89
223,239.715
430,487.81
363,590.815
480,495.71
328,491.505
516,539.7
206,245.865
254,259.175
326,302.275
313,268.145
510,544.165
615,610.185
253,270.97
767,640.07
552,472.145
205,284.085
641,623.16
285,225.36
454,345.965
301,248.98
414,460.675
359,343.91
508,406.16
229,195.175
576,429.475
342,340.885
356,339.255
486,458.305
272,233.36
539,680.815
228,201.095
545,491.95
269,309.585
456,468.9
336,337.795
445,309.72
647,695.565
583,549.17
522,458.395
257,285.73
634,665.555
356,463.05
267,214.035
419,298.11
459,436.805
338,315.29
324,301.775
402,470.44
751,793.17
294,237.825
330,357.28
272,233.12
359,412.895
469,329.755
564,607.115
381,356.91
2658,2803.735
640,715.335
423,333.975
373,374.79
389,344.455
429,467.725
196,223.325
765,654.395
510,457.535
322,375.3
309,460.175
349,504.565
336,271.61
524,413.535
594,437.765
349,345.38
110,226.17
227,412.68
373,322.45
292,399.63
348,315.7
362,271.85
507,448.16
221,173.14
277,286.58
531,567.075
378,444.18
303,343.13
586,440.39
364,422.01
672,734.705
463,540.49
606,633.88
185,257.16
172,191.645
268,324.35
428,439.62
801,802.165
253,400.5
975,1000.855
144,179.19
288,270.55
264,257.25
761,748.395
295,269.025
233,217.055
372,397.895
671,474.97
236,251.145
453,406.36
712,616.81
724,643.72
520,603.45
391,451.455
644,483.395
375,325.095
184,166.045
298,395.925
909,1003.995
1012,853.15
133,206.455
427,430.245
318,369.735
842,815.02
294,376.91
233,343.96
257,445.315
497,475.035
307,337.235
388,358.95
551,523.525
494,453.37
373,397.72
383,420.065
1254,1381.7
304,287.17
325,247.31
411,411.105
431,468.56
391,402.265
255,291.145
447,550.225
228,243.395
383,393.21
476,451.895
277,256.14
330,298.675
652,555.365
627,578.955
198,196.16
336,414.845
1440,1315.28
444,329.625
627,748.12
450,424.92
258,208.125
248,255.915
547,500.675
574,504.615
580,480.415
600,523.45
371,348.475
501,336.3
299,361.175
438,478.275
372,321.355
381,440.295
682,585.64
305,275.395
325,357.28
902,950.335
632,686.335
175,224.415
526,405.19
480,393.21
514,497.385
555,457.005
517,437.785
902,921.445
315,281.315
207,241.47
616,648.075
450,610.51
1014,1017.575
550,600.435
406,521.185
359,254.87
175,310.285
422,410.39
340,278.235
617,576.49
211,243.645
547,447.46
358,383.915
440,434.455
770,811.75
821,756.37
213,292.16
414,569.725
258,223.94
160,305.435
408,411.845
185,288.675
312,449.04
466,536.215
206,186.02
279,299.035
842,735.155
340,288.55
449,327.63
463,328.37
248,244.39
206,220.43
393,407.415
499,554.675
645,494.92
283,336.265
193,172.915
363,316.905
319,286.145
517,507.245
216,222.525
443,509.88
196,289.155
306,288.385
229,288.3
1039,1008.705
526,449.35
207,219.745
706,604.945
223,283.815
792,799.325
489,530.08
212,176.22
517,653.33
328,290.68
483,503.84
891,890.405
437,564.06
247,292.89
312,397.655
367,413.485
487,453.59
383,385.385
857,658.495
856,683.395
412,382.08
349,227.715
76,87.035
276,362.215
303,244.245
585,573.545
604,759.915
546,435.855
619,583.545
306,258.26
254,336.67
273,393.77
297,263.685
546,495.215
373,306.13
789,666.27
349,439.03
315,253.52
504,502.13
274,235.745
391,292.34
479,575.49
1053,1008.395
563,508.44
495,442.0
591,612.535
432,365.065
213,230.125
394,461.8
293,241.14
555,597.035
158,257.045
275,283.98
822,794.505
334,260.855
539,464.275
903,806.84
577,491.54
835,681.625
465,531.32
209,370.65
523,450.66
741,783.615
598,559.035
360,450.47
527,560.555
283,437.135
288,329.41
504,533.995
508,399.39
178,152.765
283,239.5
270,323.65
348,371.395
584,564.23
178,217.435
196,246.175
190,161.07
151,264.345
629,540.68
315,316.6
445,366.4
269,352.24
149,255.475
302,217.455
163,242.25
387,393.03
425,479.955
659,453.63
495,383.315
234,291.4
443,632.325
407,362.985
293,228.48
916,793.815
540,689.85
390,473.935
312,228.76
273,317.45
952,884.9
440,412.385
145,168.71
334,399.97
325,326.475
504,427.11
922,955.14
262,386.11
394,474.115
270,335.91
497,352.11
208,241.62
265,424.67
933,909.365
443,432.76
219,208.095
181,240.77
319,297.235
218,256.785
490,423.045
154,220.675
488,559.69
300,260.62
195,346.725
175,180.595
347,392.865
614,492.67
331,257.165
677,726.86
403,343.16
454,505.62
477,427.37
450,547.505
460,484.41
409,409.805
439,402.775
562,459.69
558,567.825
361,395.97
1047,941.075
375,344.38
306,357.51
630,632.125
476,524.54
642,655.47
721,657.285
263,331.305
422,306.76
327,384.285
451,534.675
303,310.525
311,262.395
172,227.665
565,590.22
274,234.41
443,298.13
542,443.495
625,616.19
572,746.51
334,513.78
450,381.85
342,444.765
319,361.875
358,335.24
7544,5807.22
1810,1805.23
534,715.035
371,461.135
998,889.2
266,413.745
764,659.22
299,244.23
326,318.675
381,268.605
318,318.885
541,542.455
190,232.69
664,600.445
371,456.055
358,382.99
411,393.535
619,463.365
232,230.16
283,262.19
415,471.94
247,294.15
449,548.45
216,380.41
436,359.045
378,431.14
748,719.61
151,231.305
415,511.515
377,331.22
520,451.335
139,228.7
303,415.88
338,277.4
350,326.84
272,240.555
298,244.08
437,431.075
331,293.985
595,593.03
779,772.045
255,241.345
327,409.32
602,399.46
474,638.72
510,456.64
542,411.63
471,395.92
274,278.38
220,178.76
183,163.975
708,525.885
1059,1016.16
161,233.31
376,493.85
603,571.945
508,373.16
780,823.54
377,401.565
252,239.935
183,273.48
367,337.915
197,230.195
261,329.895
435,391.975
256,360.63
344,295.995
745,803.85
235,233.99
292,364.185
599,638.96
615,744.02
481,350.84
332,411.43
438,354.81
228,294.035
499,564.525
336,483.23
534,551.15
476,392.045
302,233.635
551,526.215
238,387.645
326,357.615
506,433.145
898,787.155
306,218.365
595,606.83
490,331.075
336,364.035
417,357.68
259,434.475
506,473.135
1446,1427.965
379,472.79
1928,1918.775
315,414.185
639,612.19
313,272.52
205,295.085
260,296.24
384,338.66
489,551.69
439,508.835
607,611.495
279,223.72
182,246.81
288,206.335
272,207.705
500,530.75
476,503.07
354,409.29
465,592.805
284,242.475
482,455.705
236,423.89
428,398.3
815,837.095
954,898.945
534,378.025
636,609.37
214,220.325
188,281.825
967,897.205
257,250.095
380,497.92
514,450.185
295,236.71
611,652.03
353,284.35
421,381.235
685,641.26
353,481.675
383,270.685
655,472.17
465,407.445
383,359.76
352,371.095
281,399.825
526,556.615
689,599.63
303,307.345
267,303.365
412,338.485
484,506.05
489,544.135
233,376.52
605,490.76
462,509.515
606,687.085
593,744.13
870,803.615
223,379.065
770,766.965
248,344.315
211,243.665
376,405.16
462,466.595
242,244.21
116,161.03
340,349.27
282,351.35
367,398.25
577,539.22
293,347.765
158,261.545
304,234.52
504,432.815
146,280.395
471,613.85
581,488.975
394,412.07
729,771.44
1084,1016.08
378,439.645
614,464.79
517,557.845
615,639.63
213,260.2
308,462.3
366,315.17
790,685.16
600,499.815
296,414.025
276,384.1
515,460.795
284,293.62
397,335.04
508,385.265
354,356.99
110,248.05
899,887.51
502,534.36
660,525.59
913,777.83
376,397.45
204,216.42
695,634.795
317,393.27
337,294.595
253,240.335
552,679.98
456,336.91
541,519.25
441,368.525
4272,4341.12
378,314.955
92,200.09
244,357.34
485,489.23
747,658.855
389,293.79
455,344.4
1038,890.405
367,386.715
531,498.815
126,214.545
305,415.835
636,598.465
296,226.455
508,465.09
240,261.01
340,305.625
220,312.06
247,245.44
468,360.605
208,208.37
427,342.495
524,382.95
479,558.65
418,412.42
770,705.08
305,322.985
487,537.365
141,262.355
465,511.49
577,505.005
158,168.56
760,673.675
373,447.965
283,214.235
513,460.32
313,379.075
268,221.835
461,352.46
509,471.72
943,908.69
478,374.905
751,756.45
323,276.58
389,342.75
337,347.105
181,304.68
315,288.745
265,219.73
317,361.725
363,329.77
334,292.68
569,603.655
259,250.83
210,229.395
267,228.985
240,352.77
402,370.745
341,408.83
237,244.71
543,531.1
296,245.975
335,273.16
2233,2241.725
544,527.29
135,217.24
470,601.0
954,773.145
275,295.065
374,332.34
497,551.605
624,603.035
368,475.2
388,435.67
504,579.11
360,267.365
591,468.405
161,241.42
532,429.005
379,302.91
277,307.885
544,393.91
387,410.76
269,213.715
174,258.525
266,278.205
289,279.42
396,330.445
442,402.83
425,413.16
391,386.385
468,396.18
465,381.875
713,838.46
583,527.755
570,434.57
591,809.525
227,280.465
245,282.885
309,352.065
606,417.195
403,417.035
638,638.385
478,563.86
370,322.975
430,400.55
472,362.94
362,423.61
355,314.24
324,332.725
550,421.675
397,474.315
150,240.095
167,194.515
479,357.895
543,381.17
667,520.22
415,355.045
532,471.525
531,380.43
410,421.62
811,759.545
307,477.22
318,374.44
567,560.775
651,622.89
359,283.99
396,419.625
579,511.695
208,242.29
282,306.5
274,307.33
317,503.175
414,298.09
258,272.005
247,227.4
291,354.655
399,543.025
1002,870.23
488,467.185
345,360.125
305,333.87
577,592.52
201,225.92
552,499.78
499,439.445
459,465.165
303,248.94
303,249.965
626,653.475
350,435.54
258,340.61
480,675.015
764,612.51
380,568.375
307,239.63
1034,952.695
488,438.86
1704,1545.585
952,885.72
354,345.79
348,264.18
758,613.55
571,470.53
329,390.05
633,713.47
449,598.09
517,509.045
798,776.63
627,609.475
109,199.73
606,541.865
397,452.655
559,600.045
149,236.04
553,496.71
905,972.355
253,205.51
317,305.21
521,538.555
291,213.61
282,224.625
647,541.35
199,359.33
544,515.41
132,227.8
347,360.25
254,274.78
198,336.955
662,700.015
769,664.035
288,257.905
311,281.675
306,420.47
407,364.14
479,429.18
324,378.08
305,300.48
89,145.85
723,541.55
307,353.5
345,468.9
619,523.36
368,299.815
309,241.84
544,413.96
491,528.68
438,416.395
771,561.48
170,198.12
418,434.83
351,300.185
655,579.515
606,602.09
544,356.625
112,280.685
546,381.035
442,367.235
321,402.145
487,361.375
415,346.85
248,201.835
274,213.45
577,528.105
501,409.325
203,261.56
381,576.765
487,386.035
562,484.38
206,373.42
364,467.155
400,351.92
547,447.29
396,389.47
344,306.705
242,228.315
969,981.525
466,442.02
305,314.295
332,433.315
187,207.125
558,439.925
509,367.065
272,255.605
666,689.7
473,350.52
756,813.815
639,599.39
404,398.035
778,820.12
4112,3975.345
190,397.37
207,271.37
691,654.73
398,437.61
129,193.455
434,438.425
354,428.265
260,232.255
265,368.015
901,815.4
224,302.115
467,467.675
409,353.03
475,447.925
182,224.46
302,294.805
570,616.71
523,416.935
667,499.66
554,581.02
2888,2721.705
775,782.69
307,250.7
160,144.575
560,612.365
1884,2050.675
588,533.13
895,684.88
782,633.79
210,238.495
431,319.0
490,632.385
524,484.245
382,357.025
490,402.225
177,278.575
362,237.05
540,514.435
279,293.985
209,236.335
327,289.44
467,364.31
716,593.105
295,354.44
507,422.43
333,309.445
431,532.76
791,645.245
347,347.625
642,593.39
565,496.35
561,516.53
656,703.945
472,400.415
154,158.895
247,295.695
459,378.62
497,453.88
425,440.475
568,517.08
385,360.74
442,500.615
111,252.77
483,409.055
206,254.125
459,340.21
914,956.94
278,269.29
619,626.035
479,586.48
722,544.465
225,228.71
282,215.4
235,205.86
565,563.34
225,359.29
158,159.885
199,345.225
458,341.325
591,566.985
277,361.645
477,348.66
461,441.49
481,676.49
393,446.245
268,260.71
256,364.745
561,485.505
521,466.965
189,225.375
319,234.015
331,247.775
182,234.53
545,575.49
260,255.025
343,358.18
563,411.905
258,224.77
815,747.32
293,288.94
204,251.415
212,346.45
675,785.375
265,318.67
182,275.82
539,432.04
565,492.515
358,374.195
166,219.23
269,220.01
798,679.16
430,302.92
322,325.38
408,411.03
317,404.36
466,346.185
571,422.25
259,290.48
343,382.535
753,646.015
487,425.04
395,448.23
442,430.02
231,348.205
388,346.345
379,342.195
269,211.735
205,283.385
320,304.855
387,303.98
224,238.61
466,462.73
358,325.715
490,735.925
218,251.76
551,455.99
417,429.19
271,300.88
378,298.305
806,671.72
324,305.17
284,439.415
611,490.64
239,296.505
452,478.18
572,435.42
189,221.92
346,409.045
511,416.755
339,291.14
287,347.84
1120,1276.81
364,470.62
432,454.385
228,244.12
760,858.405
638,580.015
198,256.29
245,286.3
769,867.925
268,262.6
717,727.58
509,349.73
360,346.31
441,524.185
311,298.355
927,740.805
441,512.405
660,724.35
631,593.415
547,542.555
286,272.16
512,425.91
368,446.06
377,493.19
291,479.67
402,342.965
535,437.75
388,401.75
905,769.295
264,261.24
161,340.38
371,311.63
311,468.325
869,716.255
414,498.345
450,453.035
364,342.125
706,690.345
289,207.89
213,360.22
831,664.2
257,288.44
2632,2487.86
260,336.275
290,449.375
769,819.665
397,431.505
848,840.68
504,500.01
553,519.105
300,228.695
141,210.335
637,456.75
517,403.645
463,463.755
361,298.845
749,782.115
282,411.945
566,648.415
529,551.73
537,483.855
516,514.115
326,264.85
360,462.475
750,570.925
369,410.545
366,444.505
451,318.62
210,211.195
300,343.945
378,395.195
611,598.31
2952,3148.785
310,401.02
311,327.91
368,245.97
683,674.39
526,441.845
932,868.87
422,280.495
318,410.255
169,159.9
478,412.2
243,251.465
1645,1769.7
277,375.065
363,361.485
264,302.975
521,427.005
262,306.16
342,290.73
555,726.625
172,178.795
268,433.63
361,292.065
475,590.63
333,342.77
487,387.22
332,384.04
563,400.35
480,554.38
555,615.185
629,780.565
428,521.915
280,233.89
423,439.57
310,438.4
359,372.705
324,317.2
256,373.405
236,268.83
338,334.585
258,404.555
250,461.07
1032,875.4
279,368.3
281,227.39
420,534.52
787,739.525
220,281.175
184,290.565
380,384.615
772,612.23
555,646.94
515,490.55
217,191.93
136,211.155
509,734.055
493,376.235
217,272.33
155,252.815
283,377.835
484,479.235
294,299.875
497,459.935
335,308.18
203,198.755
873,654.215
482,436.855
240,383.955
419,405.31
416,276.915
480,375.075
552,682.24
382,350.675
410,342.96
401,454.225
435,318.02
489,433.74
299,313.895
202,230.485
266,388.925
287,242.185
291,455.32
435,458.5
245,224.655
482,540.725
473,455.715
373,397.325
159,242.3
208,192.0
4200,4245.065
181,160.495
322,336.53
146,180.275
613,612.845
671,523.165
373,409.64
900,743.435
275,212.745
549,454.74
610,656.58
384,358.07
397,379.535
407,431.65
348,234.905
282,405.08
375,445.27
674,720.05
231,223.275
218,200.77
232,299.895
286,299.325
465,402.045
807,617.77
676,618.555
576,502.735
288,360.97
175,252.63
495,457.8
550,464.42
480,632.465
277,327.835
286,481.875
470,356.87
762,827.945
553,524.955
607,542.67
201,178.565
499,423.54
287,241.9
698,752.735
659,705.32
607,444.72
994,984.375
384,246.975
205,260.295
240,227.49
485,352.525
441,441.855
807,841.14
372,427.545
511,441.61
483,467.17
605,667.735
361,273.83
363,310.085
535,462.675
635,655.15
390,312.415
409,313.06
311,338.18
239,365.615
241,312.165
300,221.485
305,248.565
441,510.925
497,438.565
301,259.95
620,521.7
322,444.535
619,433.61
471,488.135
372,396.61
502,660.425
273,244.525
311,408.165
477,545.14
490,402.915
752,675.79
222,255.27
676,563.09
2715,2614.38
1012,891.17
612,592.22
381,363.835
148,217.05
277,272.61
582,607.22
253,320.54
238,217.815
883,958.695
547,541.475
573,580.34
359,239.015
232,378.685
551,416.025
449,516.195
204,259.415
639,602.29
313,295.26
556,525.855
163,233.73
267,390.24
365,307.775
372,422.815
295,428.41
280,346.265
853,683.085
831,854.365
772,786.645
263,308.465
524,530.415
222,325.8
382,467.1
291,359.05
647,727.06
489,509.335
322,237.345
375,416.485
357,408.55
475,530.04
561,429.74
440,357.275
359,385.25
402,459.56
336,454.82
272,213.425
476,386.105
285,290.095
299,379.99
568,531.345
794,917.325
387,358.29
292,253.935
614,515.025
600,524.79
546,569.575
192,149.735
385,344.31
494,517.105
482,427.57
490,471.71
274,402.13
331,367.26
448,518.1
665,674.505
410,329.59
581,596.41
225,248.665
476,422.405
635,682.51
332,287.91
287,297.195
311,311.185
366,305.18
689,688.245
550,544.97
912,895.645
564,581.33
288,396.995
134,220.085
728,573.995
154,156.405
855,829.75
318,499.88
214,221.18
168,251.48
955,934.495
582,523.595
286,425.175
496,391.78
1389,1258.685
282,293.105
331,352.11
178,233.475
591,526.76
487,513.84
446,640.51
273,264.3
239,228.965
381,499.87
353,386.225
265,217.165
975,944.525
594,764.495
200,294.35
248,401.775
471,417.76
755,589.83
324,416.79
248,263.805
301,268.815
178,310.45
530,444.415
315,282.175
305,421.435
435,522.82
136,175.145
625,595.11
261,301.79
519,620.175
238,288.87
283,328.485
493,606.76
225,213.025
818,898.81
267,312.885
369,459.32
362,359.725
201,236.905
722,824.835
471,494.995
469,401.705
5296,5686.755
409,341.905
516,423.645
343,253.81
452,444.78
200,296.015
326,428.66
511,522.96
602,659.775
590,673.555
488,373.895
346,230.84
473,452.215
205,264.135
255,237.215
189,204.145
362,298.02
377,297.475
520,434.81
329,292.595
647,500.765
301,400.555
637,554.205
288,247.025
322,339.85
436,374.935
231,272.585
194,294.63
221,222.07
187,248.98
386,349.765
475,558.715
912,899.5
198,267.725
172,228.865
431,443.115
206,243.74
877,799.925
357,378.865
603,643.135
477,355.63
284,479.04
208,232.705
518,417.545
152,283.15
269,295.4
281,286.83
514,657.755
391,396.42
230,262.16
227,253.3
507,587.255
269,446.43
395,347.455
265,375.075
278,288.54
609,453.45
182,206.745
552,494.245
394,506.65
626,674.6
208,255.26
1554,1610.835
323,382.75
537,566.55
442,346.64
384,381.355
292,240.795
186,215.585
280,336.87
263,381.31
770,809.17
491,386.21
743,562.285
242,208.725
573,508.25
275,394.34
437,331.41
824,745.88
270,259.38
457,364.9
502,570.025
342,374.31
459,325.2
276,242.42
149,197.52
331,261.41
624,495.025
192,226.48
290,370.535
403,377.385
517,492.56
553,496.945
338,406.22
411,437.09
336,444.965
539,462.755
1046,918.935
253,234.215
622,731.015
369,414.71
109,207.765
629,570.085
610,528.5
161,171.395
852,850.985
184,181.83
257,247.44
174,230.775
488,402.425
339,356.78
259,403.095
334,324.83
499,610.795
965,1012.36
350,318.375
307,467.685
569,445.0
317,373.04
387,281.065
556,509.975
257,216.995
345,234.43
438,374.495
347,300.715
620,643.72
461,602.84
197,221.265
352,362.175
453,388.925
367,420.725
366,495.9
635,726.01
215,244.955
469,487.975
268,236.03
168,271.92
619,566.655
232,226.76
298,303.155
783,767.81
620,597.795
416,373.895
610,762.33
477,508.275
291,258.28
336,405.31
545,332.865
465,505.45
491,380.49
557,377.485
310,355.385
1011,963.15
305,248.085
328,322.67
222,248.76
1002,804.375
418,391.06
377,273.94
515,439.395
454,533.35
328,397.07
295,236.8
258,244.115
380,357.81
320,367.795
319,499.215
318,409.255
1021,1014.295
227,334.18
354,421.075
536,470.97
363,357.705
585,678.01
285,230.785
563,532.125
276,406.89
429,424.605
547,637.305
260,228.805
504,636.945
282,231.545
175,151.63
355,376.805
301,225.615
896,886.23
343,477.035
387,358.89
497,434.245
439,431.46
707,671.61
367,300.87
727,668.05
233,233.005
376,282.72
398,297.3
598,576.45
122,277.615
502,567.66
278,424.72
237,318.495
255,233.085
282,303.995
250,237.65
712,811.88
585,387.465
682,591.44
269,244.91
302,226.52
274,281.965
267,230.455
300,362.15
398,303.24
471,343.195
952,828.845
269,315.985
330,441.895
907,720.175
252,285.94
145,176.595
562,638.795
1752,1776.29
332,213.225
366,402.685
827,793.435
146,220.305
321,294.865
222,232.65
418,368.115
303,387.54
191,247.12
575,480.515
446,428.855
559,476.545
283,249.745
565,385.76
581,583.55
253,247.475
231,296.345
275,265.205
224,331.41
323,254.255
654,536.26
388,495.855
286,380.235
215,221.495
634,752.62
306,392.43
851,660.865
361,366.4
472,363.405
278,204.43
624,701.22
396,308.22
816,677.9
630,717.11
253,264.305
461,388.495
450,368.405
561,536.96
533,557.295
209,271.655
390,430.015
559,709.245
467,461.01
357,340.315
353,345.685
340,239.025
501,579.065
434,427.085
173,283.325
732,676.57
508,396.16
156,266.025
782,796.265
244,231.04
183,230.53
346,421.08
198,242.13
486,549.86
572,475.59
209,332.45
273,406.335
155,154.93
780,848.455
477,482.96
313,342.8
400,387.26
859,892.095
312,237.895
194,167.435
346,336.845
720,593.905
400,362.62
701,506.24
230,274.205
394,377.775
507,414.455
668,632.19
514,419.875
297,292.39
485,406.96
529,569.735
387,422.33
405,312.105
287,290.605
208,222.195
903,720.845
555,484.65
349,332.52
395,370.125
377,349.435
307,309.39
470,386.95
789,588.59
247,248.86
732,696.675
398,416.975
476,545.81
456,524.77
270,298.71
378,401.605
598,496.815
235,286.055
395,367.385
153,184.61
355,368.915
476,421.245
179,254.495
198,277.42
507,455.15
463,430.9
269,383.235
336,329.04
360,359.325
584,481.165
575,521.68
328,303.36
798,894.25
334,217.11
463,487.24
470,463.335
274,241.555
386,383.26
806,624.865
295,231.91
330,420.535
314,402.255
213,207.515
395,341.585
235,372.885
445,406.2
406,381.325
216,390.13
394,386.965
589,589.73
355,441.93
334,282.665
729,566.21
564,464.925
359,275.965
303,339.805
571,521.985
280,276.28
462,395.77
786,663.24
384,518.89
181,166.135
659,650.91
544,586.235
357,398.285
321,225.645
432,366.26
236,245.345
454,410.29
290,267.67
274,414.025
834,909.275
744,652.025
330,224.39
560,599.615
336,402.58
419,497.235
1432,1550.445
701,650.95
427,526.435
285,303.13
333,326.115
382,291.215
618,565.68
504,393.09
245,412.64
492,438.13
311,317.37
231,250.485
439,389.17
252,286.51
441,513.99
277,254.5
495,378.245
240,282.705
434,361.055
850,680.44
295,360.23
186,252.09
649,557.795
332,470.165
815,722.04
449,404.455
419,357.815
332,427.36
982,903.03
993,1003.135
226,314.08
366,343.58
279,369.895
448,341.35
753,699.59
978,875.89
634,531.91
653,545.845
416,548.38
317,501.535
519,565.39
444,546.5
235,291.375
328,418.805
455,415.03
516,448.135
496,440.155
585,602.635
352,334.23
205,200.86
328,410.015
563,708.39
535,372.65
360,305.495
421,390.94
939,887.315
536,543.64
396,411.485
585,547.115
407,453.42
492,517.07
454,492.34
420,449.46
436,350.32
314,296.705
216,236.015
385,391.02
397,473.525
319,264.765
751,873.625
241,340.53
341,307.51
373,396.59
297,351.655
436,462.195
303,327.3
174,238.72
459,581.25
96,239.6
275,248.245
366,348.31
495,559.97
343,294.73
411,424.965
479,605.93
176,236.405
544,416.955
531,523.315
322,361.24
425,349.315
586,597.01
626,527.21
303,249.295
271,260.375
344,309.695
230,285.365
513,499.945
216,241.63
248,204.25
330,366.745
301,294.15
251,326.845
535,453.67
668,673.195
645,662.25
2232,2278.815
637,594.31
248,240.875
608,648.79
801,658.375
387,274.185
315,380.07
583,437.7
902,710.11
347,416.07
482,343.855
546,486.555
687,725.63
550,478.67
390,438.175
422,469.465
301,284.74
518,414.39
319,398.285
518,390.69
427,362.43
517,458.915
271,379.005
239,247.57
202,232.585
608,643.51
613,541.58
378,380.015
274,311.43
275,229.95
693,620.68
275,273.09
325,441.015
357,428.125
430,384.755
203,268.4
389,476.195
146,170.085
447,524.93
627,491.735
655,670.87
286,251.585
228,324.74
471,376.15
423,409.28
409,392.945
269,296.04
540,566.77
266,372.655
461,458.18
265,252.47
292,409.57
630,512.9
697,623.82
679,574.51
593,475.7
385,399.885
619,674.85
348,366.15
240,223.51
277,233.78
482,382.675
291,237.81
299,257.58
565,606.205
530,448.495
221,232.42
480,446.175
229,366.38
509,582.925
222,337.855
513,559.73
312,256.505
515,436.405
350,388.665
307,353.635
598,591.69
543,556.515
398,324.17
598,450.785
231,312.84
223,220.39
147,275.375
287,213.9
232,249.74
202,277.26
436,465.25
375,277.98
250,346.99
683,752.825
359,373.015
218,232.12
326,337.93
359,312.045
225,360.185
371,360.855
371,384.975
313,371.125
355,465.24
2700,2625.94
405,361.125
243,263.24
125,238.69
218,243.11
226,252.02
345,427.82
488,371.045
275,232.945
155,244.705
221,217.475
275,267.55
684,565.475
2950,2868.51
425,478.505
395,325.91
405,418.97
315,435.22
346,313.795
350,465.655
386,286.75
417,379.505
366,400.075
279,200.91
488,453.105
422,454.815
480,396.94
350,404.48
453,586.54
752,696.275
138,242.81
392,510.33
232,298.43
749,591.14
537,395.87
309,387.29
244,356.905
568,491.76
552,436.54
557,596.47
500,351.035
167,242.125
376,363.26
534,463.415
527,406.165
380,302.48
243,363.115
367,417.99
508,489.715
652,830.17
307,430.475
168,195.445
235,252.69
291,327.15
458,466.97
449,551.42
528,698.905
496,379.03
242,236.02
305,417.63
914,815.005
602,552.565
203,201.32
138,264.655
190,232.59
280,338.23
321,226.87
338,246.58
596,591.745
949,813.19
182,180.345
623,600.435
767,656.04
496,627.995
160,230.53
521,365.725
483,478.015
531,467.215
324,366.99
461,370.12
504,374.72
540,341.535
283,212.52
543,399.805
427,495.67
234,278.8
266,316.475
390,363.52
205,251.86
570,527.04
682,572.355
194,223.52
360,267.29
303,482.675
262,307.725
207,239.07
475,307.415
541,485.095
641,694.405
271,328.79
397,407.52
263,247.24
662,560.75
365,339.15
271,251.75
581,597.46
411,479.885
459,392.52
375,460.38
256,187.985
823,733.31
438,343.22
557,577.895
657,587.525
114,220.99
645,669.91
220,255.335
473,441.49
928,812.645
453,414.985
260,391.97
369,335.11
731,574.595
534,524.915
203,250.02
272,275.755
673,684.36
513,536.05
533,488.07
535,433.535
325,468.54
453,427.31
473,443.225
211,268.995
388,359.695
231,409.455
420,271.175
204,257.105
494,355.98
321,323.685
241,246.295
316,253.46
645,524.795
404,575.69
346,341.08
154,181.77
530,545.45
337,423.255
986,951.785
430,436.165
571,488.85
650,711.425
364,299.92
276,430.87
321,274.56
381,290.8
274,200.275
353,419.705
480,442.695
359,242.535
481,594.07
390,455.745
354,338.3
225,193.77
309,219.01
281,469.26
353,376.52
551,411.995
306,383.61
322,271.52
209,200.875
550,665.985
456,472.895
443,429.675
373,340.66
478,491.495
391,346.24
462,370.5
661,584.62
445,346.76
238,225.315
241,291.5
287,273.555
513,422.3
800,689.67
330,304.185
467,447.26
393,419.08
274,276.56
280,371.715
424,532.02
336,289.88
231,417.195
140,272.15
510,470.725
268,368.27
248,279.055
513,411.765
232,360.745
427,399.71
412,409.555
302,300.165
1016,866.385
323,435.185
538,423.585
357,417.705
241,269.24
268,401.135
463,356.765
582,485.005
300,289.96
434,377.33
552,558.16
408,521.455
343,290.715
294,352.455
155,233.715
455,436.72
230,210.71
737,696.76
156,278.855
336,293.035
192,293.46
272,242.335
632,605.19
353,372.32
602,536.79
299,237.325
658,723.16
358,295.41
232,233.41
551,446.105
239,226.075
311,249.79
175,217.49
603,480.26
515,706.965
553,440.765
268,277.465
523,529.685
657,650.05
634,435.86
106,238.65
530,556.675
300,382.17
243,288.91
455,512.785
726,544.645
245,218.945
421,367.41
314,319.69
996,1081.265
415,332.7
536,531.095
200,288.405
298,249.35
577,653.115
1051,1024.03
608,730.155
605,573.395
931,743.83
250,248.36
526,465.845
607,478.605
228,312.57
232,332.125
324,393.25
328,318.175
200,248.17
260,323.17
449,355.685
333,456.625
208,250.92
485,545.595
199,249.42
259,327.47
571,584.675
612,648.685
267,223.575
406,329.74
426,375.775
254,275.565
603,477.46
575,504.82
234,260.66
297,249.37
505,493.995
264,336.605
272,265.19
295,226.13
286,251.48
377,277.975
399,430.95
175,229.865
247,206.29
517,503.975
479,469.295
269,339.585
210,240.525
213,167.07
245,350.81
292,238.695
423,452.865
505,417.385
537,500.545
838,839.13
403,407.46
209,320.12
566,685.08
470,415.58
549,537.75
364,495.47
897,909.6
612,599.555
635,529.045
347,294.235
365,541.895
373,401.43
742,662.215
3268,3140.745
329,301.795
323,381.29
194,295.47
667,620.865
687,556.945
599,539.13
201,254.96
357,242.515
193,228.53
145,233.6
737,579.125
211,253.38
326,336.84
318,400.665
645,679.135
275,240.85
548,546.97
409,375.0
260,317.0
506,453.4
206,208.275
768,797.55
1404,1512.13
272,292.49
304,334.48
403,428.585
474,451.58
1018,894.39
172,153.84
334,266.165
506,560.79
173,166.06
587,579.755
234,200.735
553,527.62
1716,1689.26
444,400.07
280,289.915
222,255.95
228,289.025
689,812.935
549,481.38
523,479.825
456,459.43
796,736.28
200,240.83
495,527.33
163,191.635
203,209.85
612,596.685
342,314.345
369,339.855
453,479.975
649,593.26
535,469.925
355,270.78
303,378.565
912,748.605
161,198.345
403,410.245
188,196.115
337,344.075
232,275.855
444,314.51
574,526.075
408,389.275
294,241.315
286,380.175
340,247.575
269,297.91
751,664.535
666,502.655
314,247.165
1026,872.765
361,361.87
417,381.205
213,306.92
339,387.73
421,479.29
325,501.05
445,382.8
211,185.71
277,356.725
247,245.035
464,405.95
218,288.36
180,325.09
305,229.59
327,335.995
584,534.655
285,293.32
275,279.03
525,585.145
364,368.38
695,677.84
431,321.315
283,227.115
731,550.24
391,325.4
185,238.72
721,712.63
214,264.375
482,533.05
510,552.215
504,463.16
249,237.805
514,584.24
441,405.59
427,362.365
433,345.775
343,294.855
207,233.795
323,371.165
422,365.51
66,141.385
2800,2839.41
373,420.735
343,413.31
189,306.725
463,494.155
360,288.365
268,292.965
434,623.475
607,502.145
375,282.05
290,333.585
489,444.695
365,335.97
268,243.08
546,405.59
364,316.695
382,325.825
640,441.89
125,184.135
518,411.9
373,416.9
781,704.39
515,398.57
672,742.93
548,525.52
541,417.765
378,343.84
985,987.38
636,752.125
660,681.55
127,192.4
206,366.275
394,329.83
276,313.085
709,794.185
260,251.395
472,527.465
358,327.085
313,308.275
311,256.885
335,464.64
308,226.79
343,379.83
353,280.525
318,355.82
392,286.71
615,742.59
544,490.71
318,251.13
292,305.5
648,553.77
268,370.54
448,428.61
443,408.66
423,504.51
311,327.5
269,410.96
294,328.13
201,231.7
284,370.955
384,292.845
472,392.095
233,225.865
527,598.7
126,242.53
152,207.475
1055,986.08
368,458.645
380,281.12
519,514.435
397,503.94
670,551.21
422,438.02
516,661.595
307,306.675
272,260.33
532,473.19
283,418.99
357,382.695
750,676.26
172,280.84
487,435.195
575,577.525
204,246.925
439,434.46
837,664.725
150,239.325
485,379.675
487,419.005
297,278.9
263,302.445
380,501.965
260,261.32
177,154.955
1021,952.795
510,584.28
648,549.89
558,574.045
364,387.375
294,280.825
573,764.56
222,227.12
575,413.775
4081,4053.07
358,363.27
626,619.0
351,455.715
434,423.885
329,350.98
263,394.07
347,291.04
667,702.585
470,499.405
279,328.98
328,337.335
300,286.085
294,282.9
219,268.01
362,314.3
471,441.65
423,573.445
313,432.365
298,265.255
371,305.06
197,196.205
510,344.915
579,515.285
241,288.62
358,298.67
482,566.19
638,478.5
576,479.365
481,399.565
166,218.21
348,439.55
747,866.205
501,454.125
1063,1030.28
512,405.005
532,559.27
230,230.73
293,265.76
466,441.73
603,614.635
447,488.88
756,827.87
517,425.265
476,605.975
128,291.46
308,421.185
370,267.6
462,473.805
153,244.53
342,238.615
568,562.6
256,296.075
455,551.385
237,323.575
244,341.215
180,348.765
213,227.26
485,442.34
409,498.32
388,452.72
276,382.33
362,288.985
656,653.18
413,481.35
355,381.76
318,423.125
302,370.615
884,693.68
726,645.825
439,316.96
301,347.835
310,257.255
1016,868.245
399,342.16
699,828.365
251,233.065
297,292.025
377,342.27
225,298.35
255,295.86
350,390.885
207,258.345
475,367.495
883,876.595
789,701.025
425,465.94
479,341.78
279,317.08
337,354.365
437,451.19
238,270.915
240,384.86
646,637.17
385,307.545
189,250.91
345,287.995
231,398.825
231,311.955
385,406.8
543,408.96
575,618.075
375,439.78
654,537.275
784,782.12
433,439.04
406,424.915
219,364.7
314,247.57
333,338.425
275,262.815
253,295.31
327,322.56
227,215.405
818,622.83
151,209.23
131,235.085
529,407.37
304,265.2
500,477.25
336,259.5
566,475.71
492,396.4
371,452.525
580,588.275
179,216.96
345,374.635
223,305.57
571,461.885
485,453.13
341,471.39
259,335.41
167,250.795
334,404.675
285,219.765
285,328.76
273,252.47
367,327.465
344,305.21
332,302.875
224,279.435
369,306.005
379,360.19
311,272.7
303,325.755
347,362.36
527,366.52
458,406.295
496,514.355
291,220.325
576,425.125
192,250.29
262,202.285
572,428.29
845,740.64
360,499.825
256,279.94
214,261.28
280,248.895
462,520.56
185,227.0
255,258.835
505,470.445
329,343.5
535,455.335
564,475.805
294,346.615
655,765.805
531,551.515
509,450.705
325,370.31
565,501.83
425,383.17
357,547.765
428,344.25
272,370.205
423,406.81
263,443.285
411,491.68
925,966.325
379,421.74
456,326.365
417,406.765
746,594.24
361,302.54
137,228.22
282,318.66
343,274.515
500,548.21
248,228.99
635,722.17
566,499.205
187,228.395
439,413.245
329,256.415
472,386.205
474,551.675
313,268.82
639,623.825
260,211.815
411,371.165
844,736.41
399,547.515
395,446.825
428,566.175
414,431.54
439,522.615
922,884.525
294,258.51
247,283.605
335,291.975
927,952.17
655,534.135
632,559.775
723,804.475
330,273.44
278,299.32
356,452.49
107,170.275
358,323.4
565,691.685
489,485.825
259,354.815
547,556.035
795,663.58
351,509.415
317,308.07
432,401.155
1010,936.92
240,258.43
187,286.225
478,489.185
461,377.87
544,569.405
918,611.205
275,325.945
653,506.715
283,251.67
605,572.35
628,655.335
465,506.415
708,621.91
177,274.06
237,282.485
340,244.19
280,402.535
280,349.475
305,278.96
1448,1439.56
487,393.905
626,684.545
456,550.895
192,191.405
313,285.745
864,794.07
907,790.365
195,180.555
511,451.17
292,332.855
563,696.735
495,480.495
303,268.835
317,345.535
349,387.495
387,390.875
409,380.11
391,536.295
412,268.195
360,301.3
758,848.73
661,719.405
385,395.095
99,243.77
597,445.905
227,338.59
1855,1983.09
239,264.745
412,495.015
202,228.64
577,619.375
597,439.845
291,279.33
355,428.935
200,241.715
483,504.665
291,202.96
549,535.795
295,246.635
541,488.805
123,219.56
553,654.1
382,356.185
307,421.05
659,552.94
437,338.325
250,236.935
244,340.355
549,396.36
566,459.81
432,385.9
521,537.29
424,365.325
329,239.145
387,464.965
1053,1028.845
283,445.845
462,405.77
413,365.99
651,582.49
625,667.46
201,219.445
357,424.015
669,533.01
382,308.52
187,239.41
820,801.685
370,332.89
374,345.075
281,353.255
550,606.975
527,638.215
338,377.305
558,567.515
377,480.015
247,374.495
487,456.54
291,281.5
386,405.78
166,262.24
416,412.02
340,422.455
295,251.215
812,844.67
1038,1067.295
448,561.04
268,287.745
569,409.185
706,575.38
401,429.775
558,510.19
721,667.005
131,227.37
373,381.805
314,351.52
554,610.145
310,306.06
485,402.98
444,425.65
394,500.93
686,606.205
611,526.86
842,937.395
254,265.11
372,272.355
927,915.135
542,453.56
578,485.645
246,239.03
268,322.045
509,390.73
1026,1036.925
810,723.45
231,303.7
427,403.43
200,245.68
157,211.12
448,488.93
197,245.59
586,585.16
940,931.39
633,459.91
392,322.85
446,338.115
357,474.335
445,581.44
337,354.57
359,358.395
292,295.79
376,281.68
416,392.63
793,816.82
340,264.85
585,587.045
453,550.1
329,412.9
392,338.095
412,501.09
723,671.325
583,639.88
361,371.93
492,515.695
1932,1954.86
489,405.835
487,576.42
268,412.165
148,198.19
478,539.79
467,600.1
518,543.95
319,416.045
452,400.6
487,474.785
204,238.705
682,540.47
314,373.93
242,220.04
294,289.465
188,284.285
435,595.56
236,285.615
292,269.275
629,517.935
482,381.83
313,219.595
793,650.405
326,294.85
313,396.12
250,220.48
345,376.25
230,281.53
519,380.985
554,498.21
936,924.13
676,687.77
407,473.155
372,451.94
602,716.05
428,420.155
394,389.18
648,794.78
479,510.89
1005,920.62
493,468.085
259,472.175
518,439.095
250,337.36
407,510.09
170,219.24
949,833.065
210,203.875
227,347.13
301,433.53
290,368.745
289,264.785
1042,938.88
377,532.96
225,256.765
237,328.355
353,248.41
161,255.565
297,289.365
218,259.15
461,510.67
154,239.74
223,324.37
335,436.175
294,248.0
383,293.855
183,294.58
224,262.07
849,696.575
426,452.835
443,372.94
604,544.985
291,262.26
734,708.375
372,368.725
338,307.495
137,219.16
546,660.73
394,357.81
392,385.155
515,489.43
287,301.055
272,230.445
566,549.14
321,432.09
513,654.39
561,508.135
497,579.56
612,661.495
226,259.785
191,281.875
331,302.435
383,377.825
771,795.075
278,238.36
307,298.95
344,460.025
397,501.105
530,438.72
383,358.465
867,941.81
458,361.815
396,294.715
332,236.35
577,431.05
597,569.775
653,583.75
446,350.94
468,504.985
497,404.175
555,512.18
499,451.79
158,235.74
232,309.775
441,519.715
262,347.345
463,594.165
560,509.53
190,177.255
401,315.39
825,617.545
726,783.945
271,307.515
779,630.74
433,381.34
405,390.465
310,395.475
433,561.805
523,376.81
227,299.28
329,295.515
201,267.22
505,363.94
388,292.64
327,356.91
459,475.59
352,333.57
220,247.5
719,593.21
175,202.01
180,227.775
180,212.67
650,478.495
471,411.695
501,489.705
225,389.57
356,298.15
266,229.315
588,553.47
772,600.22
512,480.73
198,265.0
860,701.81
501,565.07
269,367.0
373,358.26
147,148.57
422,288.19
287,271.0
434,341.075
431,392.015
875,727.325
301,265.66
396,520.885
271,228.665
226,289.13
423,350.23
489,383.03
217,233.56
197,352.045
380,383.39
354,284.525
494,583.875
598,673.225
486,515.555
467,427.925
425,416.11
213,238.39
413,324.975
296,261.96
760,779.745
537,461.62
465,446.075
493,423.93
265,416.925
290,373.395
556,586.705
189,210.09
427,340.215
314,256.465
208,257.01
243,314.065
224,242.625
104,204.185
487,342.895
458,494.86
467,377.99
267,297.65
224,206.54
860,762.515
189,216.95
238,230.69
405,446.005
475,427.235
495,406.8
1001,939.4
442,538.085
336,318.095
559,609.985
269,229.215
145,216.525
464,352.56
550,433.345
260,298.975
317,362.19
871,931.845
302,219.4
569,569.705
214,297.435
442,402.52
1001,1035.875
241,236.76
495,473.555
325,383.9
217,283.365
303,261.07
567,512.915
328,257.33
615,528.19
322,241.93
359,333.11
615,609.26
277,290.565
427,489.345
321,340.485
276,215.99
180,187.46
422,339.19
500,381.375
372,339.725
428,361.545
458,428.34
373,390.215
242,215.165
373,395.86
363,356.3
213,214.385
606,617.215
610,594.265
235,309.75
746,819.395
816,846.635
405,550.22
454,521.49
427,375.775
356,422.72
666,567.18
690,627.285
541,432.635
864,801.925
496,494.295
235,299.365
343,368.24
490,381.18
441,370.07
236,363.705
369,346.04
362,418.9
268,357.18
258,340.87
275,215.69
360,334.375
295,349.195
472,543.95
170,219.945
1032,1052.755
505,551.77
291,238.98
309,330.385
428,401.185
363,437.28
508,534.34
890,734.225
479,504.305
363,351.58
144,184.085
395,344.025
900,791.55
577,405.135
715,665.865
333,375.47
314,520.72
137,226.04
382,302.745
445,339.155
545,441.11
230,351.795
357,278.85
549,392.865
340,397.295
337,521.155
320,432.285
196,261.955
484,381.38
759,591.585
361,340.995
554,612.735
556,622.875
230,281.335
296,403.14
472,483.855
286,322.895
311,329.52
299,317.815
426,373.97
519,391.515
905,628.765
300,456.685
283,320.62
158,204.73
198,323.35
870,704.845
229,318.32
455,435.775
355,331.535
454,369.78
183,245.845
447,473.375
330,333.885
425,348.98
202,191.505
522,533.19
171,218.115
280,360.265
456,411.07
214,238.925
366,370.48
227,260.12
632,551.115
379,399.845
405,427.445
603,557.92
514,453.31
438,359.575
479,487.385
1041,842.49
375,394.515
318,306.93
692,549.0
315,419.625
568,469.345
593,452.215
470,386.425
200,251.56
579,609.245
759,867.51
325,373.98
199,208.685
436,348.0
454,417.86
430,516.775
341,338.38
185,223.135
295,327.135
620,513.56
289,430.355
213,273.23
306,404.53
739,809.705
234,292.095
320,234.36
419,288.99
554,497.57
587,706.21
385,427.935
267,296.63
552,543.84
299,494.265
681,654.64
479,391.48
403,484.305
241,427.465
911,811.77
307,270.025
298,241.445
314,478.45
207,322.67
495,382.215
295,299.56
304,371.915
820,760.24
447,361.805
381,291.1
512,479.415
501,538.325
228,375.17
937,941.34
182,209.37
350,349.48
178,220.77
368,479.58
590,511.99
285,303.315
384,276.215
178,179.035
257,287.805
444,448.26
318,290.015
962,911.235
509,484.585
302,314.475
483,423.655
680,535.62
468,583.13
289,464.62
594,632.245
500,474.95
259,297.19
469,406.92
284,353.05
474,346.365
500,490.14
293,320.54
175,235.195
327,411.63
327,341.405
353,511.945
763,689.045
221,275.745
640,481.71
279,237.865
300,203.835
363,261.525
155,161.5
300,379.345
679,598.34
341,225.435
416,341.085
570,427.94
783,654.48
153,196.245
240,333.835
111,221.185
212,306.77
454,446.62
544,530.905
576,545.24
213,204.05
474,307.27
482,433.955
324,364.285
427,351.205
319,235.485
418,455.135
412,394.235
298,230.68
463,547.18
698,531.965
236,304.625
320,378.12
844,754.835
354,288.75
168,248.86
399,374.125
512,535.12
359,310.85
521,425.975
530,549.65
328,428.4
548,556.605
259,239.04
256,269.07
362,343.71
340,259.15
1884,1849.375
1740,1777.055
319,356.175
460,441.65
582,656.6
299,251.88
489,496.19
374,438.86
672,368.84
220,290.075
200,254.71
499,419.235
302,412.755
124,195.28
896,810.58
452,519.62
522,596.27
500,591.755
255,259.93
233,294.265
329,251.9
319,312.98
313,432.04
361,314.005
355,396.07
277,284.18
761,814.785
533,418.175
266,307.475
381,336.335
223,246.765
1263,1033.865
220,297.27
989,956.365
783,638.175
268,440.21
323,230.175
346,303.88
889,825.54
173,271.165
192,253.115
370,366.195
384,405.985
1676,1650.375
629,497.72
464,538.315
489,542.825
205,205.745
411,408.95
615,548.475
491,365.335
300,374.16
629,549.965
509,557.93
575,562.69
280,323.125
542,652.83
813,880.365
444,431.36
202,272.345
500,543.645
300,235.955
283,244.285
337,284.51
346,444.37
308,292.07
387,349.99
539,566.96
387,375.24
256,285.89
137,243.975
263,439.89
888,752.005
718,554.805
273,406.265
849,680.935
258,199.25
391,374.335
464,646.16
244,219.525
370,500.89
198,166.26
427,414.65
560,723.915
267,261.13
268,276.72
420,460.68
634,439.1
287,268.62
274,221.76
423,419.615
491,412.915
308,343.76
335,365.375
244,267.325
279,327.31
743,815.375
751,598.83
593,496.31
346,453.68
354,327.65
846,794.7
499,397.91
148,255.225
488,390.29
366,302.83
893,968.51
233,266.89
180,314.675
401,317.26
523,369.13
577,663.83
840,882.595
523,563.53
504,602.515
178,281.235
250,300.53
194,273.335
301,353.57
465,448.62
521,552.46
268,263.4
312,207.48
400,492.58
602,506.42
259,389.67
313,337.59
154,289.455
474,358.11
282,248.18
824,662.025
187,314.715
450,428.12
334,368.545
487,694.11
674,579.43
350,301.325
139,162.365
477,466.21
313,225.04
476,447.8
482,343.01
168,223.11
398,386.16
679,598.055
471,351.49
392,518.795
320,257.415
345,353.235
337,358.795
435,359.01
763,609.94
448,465.75
323,401.87
424,338.26
279,302.695
337,453.475
415,404.77
523,562.04
391,509.15
163,239.76
2556,2731.845
458,472.2
314,404.8
118,219.64
790,609.465
178,272.53
270,370.165
440,323.89
385,461.485
241,211.83
490,538.095
285,249.02
519,434.245
555,437.38
181,245.87
266,251.605
439,476.315
274,335.885
391,297.665
407,367.805
262,301.075
550,540.13
409,488.315
456,526.785
424,305.75
617,517.55
172,211.53
479,546.745
349,450.71
482,390.695
699,628.245
333,358.42
510,476.415
205,337.01
682,644.75
296,417.595
208,351.955
751,786.925
803,760.475
416,431.41
504,376.13
542,415.63
568,377.505
519,469.585
291,211.03
593,494.11
372,286.91
243,231.285
557,475.585
580,491.765
446,359.57
585,585.74
385,443.91
181,224.475
382,424.325
180,262.875
363,375.995
346,284.69
552,420.765
269,249.205
343,368.11
425,404.955
474,497.855
510,410.335
426,347.54
567,466.945
342,285.205
404,287.82
341,351.365
392,374.465
416,295.145
2874,2941.98
440,444.965
559,624.935
369,439.265
422,349.495
462,347.495
201,275.665
595,563.14
135,238.61
415,400.225
552,652.83
481,448.65
327,228.125
369,404.6
302,340.81
164,216.885
860,829.395
511,423.92
220,314.93
425,359.205
650,541.48
571,471.77
897,817.45
427,340.305
529,472.015
370,319.73
375,355.59
343,370.195
710,584.24
368,334.935
414,428.465
546,448.155
379,429.3
322,248.805
504,520.42
430,492.505
126,290.655
530,510.485
525,414.18
472,433.785
333,497.615
974,851.235
129,243.565
499,444.375
284,278.31
328,359.04
405,304.74
675,823.485
462,394.425
537,566.73
353,351.62
327,383.53
481,619.37
317,321.995
317,398.49
281,239.975
317,338.635
326,422.7
375,392.755
490,397.51
340,392.885
412,377.675
340,306.73
405,523.065
295,384.215
222,279.42
483,395.485
517,556.4
616,613.23
299,303.925
193,375.98
168,160.825
537,537.28
440,517.415
347,313.76
357,411.08
264,365.835
2730,2815.705
317,259.67
606,539.045
403,419.095
354,391.84
899,773.66
324,368.46
332,236.43
299,238.16
297,317.695
347,499.095
291,211.375
206,231.8
114,225.045
696,666.0
385,505.775
417,309.255
279,258.225
474,533.125
547,626.72
605,582.4
554,453.415
195,234.285
366,304.25
333,272.795
213,236.78
243,279.88
931,905.64
249,235.505
376,290.46
379,376.885
237,298.675
364,366.21
260,373.805
568,720.19
510,452.25
463,437.73
572,404.335
286,367.425
614,577.165
225,201.705
639,550.135
574,507.805
420,358.83
386,329.01
309,236.87
581,442.185
787,718.055
870,769.715
511,523.82
401,500.815
214,187.205
365,375.065
221,382.19
729,610.735
776,776.99
328,298.255
564,569.79
240,373.535
168,251.67
640,691.92
232,202.645
321,423.605
675,771.855
253,380.065
338,293.305
319,293.29
311,271.615
208,238.48
1029,1028.09
195,231.085
209,241.14
368,244.215
361,322.365
379,401.195
635,697.98
252,361.675
509,499.685
594,544.08
386,348.97
408,368.34
401,435.07
328,290.33
432,527.0
339,307.265
436,401.735
463,504.27
349,389.79
209,259.275
248,290.73
406,344.39
239,451.825
247,275.33
683,583.875
181,302.575
716,704.75
278,279.565
508,528.78
233,251.235
261,202.105
307,292.68
450,416.31
307,414.86
413,375.47
508,445.67
190,149.155
767,759.535
603,662.355
132,248.015
584,656.035
410,480.495
300,420.17
276,236.865
303,276.68
580,614.91
495,441.365
177,240.8
210,350.74
364,366.115
978,995.88
290,409.84
288,310.775
231,199.625
190,229.1
748,635.075
335,219.1
275,295.305
346,251.785
378,248.055
379,365.04
568,483.12
100,164.215
745,604.83
418,471.375
316,235.71
366,450.44
689,743.32
432,416.63
96,212.595
817,689.635
231,329.25
223,314.73
640,796.515
465,440.335
357,255.93
335,302.605
234,249.975
502,497.14
544,392.16
204,298.85
237,340.84
258,236.565
159,167.155
191,370.47
325,324.685
464,542.33
173,304.285
461,423.62
225,272.465
393,411.93
491,375.72
508,489.89
380,415.32
396,512.58
424,408.81
675,673.025
360,445.17
464,546.525
446,487.46
348,378.65
418,380.65
363,294.9
401,424.525
247,267.09
278,238.025
226,314.87
291,283.53
389,444.76
174,272.455
223,251.665
528,423.83
394,397.43
366,346.94
316,274.035
828,809.855
270,243.225
275,262.025
389,438.405
290,276.865
485,450.68
671,640.28
386,388.31
366,256.175
324,381.335
419,372.11
430,352.945
271,335.69
494,466.82
380,344.445
451,390.49
156,235.975
577,554.1
177,278.63
873,947.325
330,344.955
199,175.93
289,320.485
288,245.04
316,243.14
252,289.57
1050,1169.15
898,901.04
165,288.27
762,786.035
555,486.63
492,406.375
235,199.36
333,368.87
535,377.135
528,432.315
472,358.305
318,360.65
293,294.05
437,528.455
191,251.02
567,605.205
530,496.465
191,251.13
456,530.09
319,334.41
401,399.375
460,341.885
440,476.175
365,380.62
200,266.65
319,319.13
339,409.225
222,242.615
265,319.115
297,344.755
604,682.19
246,228.415
184,231.07
345,301.465
156,162.32
530,543.115
358,291.58
288,311.57
417,546.315
283,399.485
218,275.975
2425,2215.485
723,663.885
246,306.93
244,244.215
294,294.13
1385,1531.265
236,223.74
559,716.035
421,435.57
265,290.73
183,277.585
353,414.015
237,308.31
559,628.07
318,389.045
643,582.385
135,271.915
619,458.99
237,291.97
476,571.225
338,438.28
371,405.375
354,412.93
295,334.68
911,965.235
305,207.39
513,429.295
210,410.615
187,269.02
232,245.42
358,411.66
406,342.92
399,341.295
485,650.94
405,460.42
448,465.025
411,583.47
522,412.47
763,707.085
560,412.79
393,418.045
437,428.84
360,247.8
331,351.19
469,469.57
307,336.875
219,386.74
645,669.0
401,342.805
1012,952.96
339,418.465
577,517.57
399,287.15
630,759.12
541,506.535
3288,3172.835
674,578.085
541,417.975
188,202.295
881,789.965
255,244.94
426,318.94
560,642.89
630,559.45
421,425.07
408,293.13
260,220.98
229,220.84
387,393.52
853,900.405
402,285.59
561,612.0
424,273.48
489,621.005
618,433.045
342,360.62
307,347.47
367,312.66
354,345.175
983,973.55
647,551.38
190,269.08
437,420.185
368,368.81
212,172.8
344,295.695
249,294.35
366,401.805
448,405.21
231,243.815
310,229.54
327,229.53
470,464.945
513,482.555
607,635.41
255,234.42
672,600.49
566,496.5
325,449.46
278,279.94
572,573.66
337,335.485
263,416.365
335,366.095
444,439.3
179,241.365
321,255.15
318,382.395
310,287.515
223,348.54
392,367.355
1030,843.96
568,546.38
491,419.835
384,364.765
533,549.48
734,551.725
288,294.065
629,528.34
488,355.24
462,383.12
327,300.025
626,579.765
394,416.625
336,389.545
261,421.345
232,206.765
568,717.865
580,597.415
371,344.31
591,542.21
283,263.53
524,444.375
417,407.26
211,328.12
420,410.685
593,481.75
464,590.785
245,289.935
578,462.63
444,376.67
419,355.8
720,680.475
366,325.02
155,248.95
962,862.66
262,365.65
519,523.59
271,316.86
536,547.635
318,275.215
389,315.88
192,248.995
346,408.72
326,369.39
256,187.15
798,740.865
155,213.71
154,141.255
448,453.11
369,370.09
370,458.375
270,345.95
675,703.26
276,246.42
161,194.815
486,566.575
278,242.905
233,280.805
306,224.56
369,305.89
334,423.19
293,354.505
673,618.895
322,309.96
288,374.23
836,720.045
1030,966.985
340,433.985
179,235.74
267,282.28
509,495.21
353,469.9
489,536.49
249,380.54
1449,1589.81
320,239.015
291,248.03
2304,2187.675
242,334.79
356,350.2
464,652.635
219,251.99
331,357.425
482,488.4
544,460.305
366,491.845
595,475.36
329,416.06
629,622.35
951,734.56
492,435.155
593,558.565
563,545.225
190,225.565
254,267.88
396,347.58
330,349.54
397,317.48
419,470.695
506,420.705
317,262.255
466,496.57
308,293.7
576,421.465
379,455.995
310,421.81
344,294.425
880,886.16
563,530.6
1031,904.825
242,247.39
412,456.79
461,449.31
289,338.185
545,582.42
486,566.96
650,482.18
240,246.585
135,131.395
347,398.03
309,376.73
462,452.005
280,267.85
411,349.4
568,443.195
702,561.405
385,407.925
362,336.36
672,611.21
381,319.925
316,316.56
794,739.245
210,258.335
617,630.4
292,257.785
597,631.115
370,429.56
432,410.75
521,504.49
530,488.94
470,404.35
645,785.225
673,675.675
540,744.92
576,567.44
877,864.795
202,307.695
186,229.515
715,579.55
382,339.005
173,322.98
448,517.78
536,548.84
291,380.755
208,380.28
480,340.36
311,330.405
442,454.845
508,542.985
175,186.99
884,692.62
316,499.42
633,539.85
263,297.68
85,252.39
230,185.14
494,404.085
259,197.85
644,669.735
504,412.875
311,278.015
256,256.215
205,192.905
236,196.745
584,735.24
213,220.555
609,465.575
216,254.855
615,584.36
587,477.235
345,401.495
236,287.96
383,458.225
364,250.095
326,334.0
647,817.5
190,251.39
242,258.39
235,262.64
488,451.66
370,423.475
191,231.8
202,301.53
285,213.83
473,370.945
529,617.71
358,516.645
326,375.99
297,326.92
346,226.45
368,442.835
121,151.915
237,277.365
256,429.25
252,254.0
340,332.84
238,300.575
185,234.37
414,347.05
396,452.31
741,646.37
430,395.485
379,303.755
272,263.63
620,787.87
625,668.89
262,447.06
163,193.765
300,294.04
267,259.075
376,400.865
376,339.035
303,284.695
386,426.555
264,272.725
305,261.015
396,310.83
630,466.955
341,356.92
579,503.41
191,246.12
707,628.695
703,810.665
486,465.515
691,603.55
651,815.32
1420,1579.695
791,831.87
296,317.215
529,393.68
552,600.15
300,235.925
323,241.895
718,727.645
554,409.685
463,398.065
671,637.35
216,251.86
633,484.99
268,307.64
189,207.65
343,417.885
283,339.87
274,287.44
285,349.3
442,329.405
547,667.425
183,161.4
336,258.31
301,258.64
491,404.72
1771,1810.935
258,287.87
177,245.11
325,312.89
366,347.475
365,407.56
248,246.61
805,766.87
393,406.975
570,510.4
286,271.025
269,314.82
419,331.8
394,484.595
462,407.505
157,230.05
217,211.65
510,532.825
917,837.735
595,513.47
561,739.045
454,486.88
457,486.01
341,332.175
395,503.07
381,454.325
4326,4334.265
458,453.425
405,266.265
601,576.27
495,635.61
253,231.745
424,460.615
444,285.96
340,349.65
132,151.61
277,314.42
221,323.7
487,412.355
349,461.1
615,643.91
574,604.035
450,436.26
309,257.44
276,416.855
174,220.85
327,223.94
617,429.185
829,621.375
421,461.485
509,527.8
4392,4449.84
929,775.87
773,776.395
1512,1472.165
583,495.87
321,455.965
252,269.795
622,465.525
467,416.295
373,282.755
424,465.57
562,561.505
601,642.075
509,409.465
340,358.12
243,376.775
458,345.095
915,950.97
437,419.23
647,660.545
240,245.83
649,684.095
345,343.055
298,245.25
491,429.075
246,218.78
673,734.555
705,845.035
417,384.515
432,507.355
293,298.955
1050,972.26
271,205.925
555,524.895
163,150.115
310,272.285
380,385.895
749,610.065
3542,3710.36
149,178.555
287,278.78
306,286.23
155,215.37
351,364.425
182,223.47
890,747.025
282,272.4
325,235.79
455,370.85
337,439.585
312,223.05
422,359.09
596,481.325
168,188.055
486,468.7
472,435.285
353,462.215
242,290.165
382,307.815
503,621.265
869,818.005
336,329.85
392,343.95
496,542.14
354,337.78
1000,1019.02
411,330.1
437,440.22
348,294.06
942,1012.43
985,969.77
205,311.765
467,381.48
538,374.8
383,345.975
518,502.015
871,810.41
228,226.925
187,195.35
634,577.105
666,672.585
348,350.03
355,226.68
547,416.59
822,869.835
233,241.615
503,572.82
561,424.315
365,371.665
207,244.955
269,261.015
400,313.015
342,360.105
365,479.875
240,203.03
255,356.44
385,381.37
508,531.6
208,214.815
667,627.53
247,260.825
194,293.445
264,267.895
517,410.64
218,250.145
511,384.765
501,589.235
208,237.275
606,504.725
258,252.505
683,478.73
375,362.315
719,586.89
108,234.18
370,270.17
274,352.15
274,446.175
357,508.44
288,295.9
355,329.92
144,247.61
139,258.245
247,270.84
302,271.38
218,240.65
226,320.39
601,496.365
166,246.885
490,401.635
735,719.635
546,377.015
433,556.605
255,265.635
220,404.335
299,284.015
763,612.62
364,495.755
523,568.47
311,345.34
477,543.635
246,232.61
258,311.425
394,401.755
186,220.43
96,157.77
403,349.185
586,567.61
502,524.555
327,285.45
490,398.725
281,229.005
766,820.545
680,741.9
317,292.14
371,434.735
645,586.595
341,308.73
547,519.41
221,190.615
380,291.59
558,542.18
174,175.495
540,506.99
647,681.095
311,249.11
434,408.81
414,546.645
519,526.24
498,420.615
208,232.765
342,373.87
239,272.88
269,209.425
639,519.665
432,478.085
152,234.56
391,314.07
579,650.245
440,437.295
260,277.25
266,302.7
299,447.64
381,259.87
712,588.49
371,376.03
362,540.905
204,268.25
548,447.905
401,367.03
292,427.48
464,464.07
229,238.03
515,462.635
553,529.065
275,317.52
810,802.765
505,409.775
741,585.4
797,715.21
235,293.03
419,382.25
457,369.335
377,428.525
349,343.72
534,442.76
443,348.255
565,513.23
178,225.985
256,321.92
250,244.425
325,259.25
187,161.075
275,219.87
418,272.665
360,406.125
483,516.62
466,438.935
353,362.445
327,466.56
204,301.915
212,374.56
298,324.125
567,578.39
241,282.295
294,240.395
445,372.675
568,488.485
698,690.15
963,884.39
998,870.01
746,806.495
131,151.04
193,278.07
307,318.945
286,387.625
751,685.695
275,229.565
510,367.15
473,522.35
531,546.225
237,407.415
384,297.09
682,703.295
138,230.48
456,438.155
527,501.175
474,433.165
460,329.87
589,394.84
391,364.52
179,231.16
155,373.235
455,409.18
572,516.915
244,229.405
706,548.29
174,161.84
163,194.065
238,260.42
383,374.655
835,920.855
406,502.05
475,355.77
221,359.49
469,469.2
230,288.47
302,212.19
320,321.02
502,371.21
393,286.29
364,270.86
343,344.37
501,422.335
561,447.27
165,210.545
206,183.63
204,350.475
257,253.15
207,236.355
421,364.85
145,247.225
252,393.015
522,578.1
365,458.42
980,942.085
647,577.95
659,527.15
301,374.925
614,571.64
546,546.875
362,413.43
608,641.515
213,271.84
384,436.955
436,510.625
319,309.555
331,420.035
1452,1275.92
145,146.01
610,524.345
171,201.335
265,303.845
551,449.18
546,561.91
352,387.12
927,910.715
453,424.625
377,516.47
297,362.495
362,308.785
181,200.495
759,658.03
579,493.435
311,276.36
329,418.45
203,296.925
376,338.28
982,772.885
576,580.88
255,283.125
301,383.605
1212,1400.56
267,291.145
444,472.385
445,455.24
307,457.81
466,429.46
396,502.675
390,417.32
500,377.51
618,614.405
354,277.87
1033,1014.185
327,223.485
662,830.905
474,386.775
442,488.54
312,326.315
537,491.63
214,248.03
404,438.36
473,472.315
205,346.78
630,717.04
480,375.185
341,300.03
353,424.78
332,272.485
446,430.095
991,1005.465
193,187.395
893,953.915
514,613.365
256,370.445
467,520.375
468,491.635
742,683.165
405,391.645
447,527.45
305,393.705
520,428.6
142,177.01
257,202.77
260,346.645
303,278.59
419,335.355
332,282.14
229,275.55
403,461.325
314,268.28
444,357.54
278,273.755
571,437.84
420,602.83
474,546.035
424,340.64
290,345.06
335,411.705
265,328.31
564,513.31
151,260.745
469,409.49
540,591.83
150,240.74
232,193.83
582,486.01
646,519.575
182,236.19
449,417.975
252,251.265
547,711.235
338,370.44
323,327.935
533,402.115
800,870.14
353,266.77
510,530.185
756,583.445
419,471.13
280,270.29
3328,3491.39
292,360.75
212,242.39
883,897.295
484,627.31
537,479.145
358,288.265
516,391.675
253,344.79
578,595.02
350,313.785
290,312.505
632,463.885
189,354.31
376,354.19
192,174.86
313,239.205
268,231.965
1850,1845.045
547,685.69
491,490.37
422,404.815
215,277.69
301,249.89
290,274.15
505,383.72
161,208.765
190,248.19
197,238.615
327,253.29
825,791.61
608,589.065
432,468.335
320,292.565
277,298.49
278,375.365
320,294.555
254,290.765
296,294.245
797,712.805
310,210.38
921,748.89
478,427.295
522,478.29
281,361.665
135,207.785
351,364.265
438,360.705
447,468.01
477,474.86
520,559.52
289,274.305
600,508.41
291,201.325
388,372.015
250,267.535
414,369.54
228,354.895
278,365.145
346,334.735
449,348.85
260,278.245
384,447.35
672,556.925
243,202.955
573,421.675
119,189.53
774,587.565
407,289.62
925,792.13
249,317.47
413,402.69
493,514.1
391,485.71
410,419.14
510,406.71
267,308.475
488,396.575
382,417.21
347,293.135
130,242.565
440,377.62
314,356.935
459,317.19
422,421.96
301,315.255
529,419.83
752,641.365
608,576.465
346,338.86
283,213.865
574,443.82
322,389.665
275,277.13
560,466.29
243,281.35
199,324.37
238,323.025
348,328.655
317,451.54
292,323.715
484,346.21
363,284.105
530,448.005
523,687.99
835,777.115
206,180.4
371,296.015
452,485.335
386,437.935
379,423.24
261,308.845
501,407.35
364,513.595
297,233.77
352,290.335
413,608.905
402,387.41
412,420.58
273,367.195
481,484.345
546,534.765
723,751.135
407,406.525
632,606.52
453,324.55
402,577.275
391,355.96
253,337.405
943,937.58
257,248.46
306,352.75
410,418.755
255,382.09
166,253.445
176,181.1
523,492.59
239,210.355
685,616.63
550,542.13
351,384.725
460,465.92
315,451.2
161,245.765
366,392.36
690,830.5
491,381.43
393,274.24
431,493.56
396,351.665
512,588.805
608,601.945
415,396.045
433,507.9
252,331.815
611,553.475
585,555.46
510,519.495
355,369.165
276,255.63
307,238.495
412,383.305
581,645.98
396,429.38
301,252.705
640,655.82
487,379.985
242,275.065
443,541.67
486,399.03
250,282.575
480,439.23
367,316.43
370,343.32
588,414.57
388,323.95
451,638.42
676,770.4
329,452.825
185,330.18
319,399.57
467,435.965
386,423.295
830,785.885
450,516.835
341,489.225
336,322.165
171,234.685
401,320.04
439,406.945
261,250.945
242,260.33
461,577.81
356,356.85
335,259.795
539,661.22
186,278.695
585,573.7
333,421.245
451,612.855
533,429.59
475,384.08
215,335.96
283,308.4
296,312.685
327,516.47
532,508.8
181,269.45
328,524.05
323,311.985
387,347.7
858,865.63
163,244.885
549,388.355
156,208.25
335,292.3
554,549.85
234,284.505
190,236.84
362,263.295
337,246.525
487,450.72
220,264.99
482,368.505
441,405.045
411,538.045
310,262.285
554,396.945
374,395.705
788,657.495
253,305.805
901,772.6
425,374.315
443,327.66
302,421.795
352,311.87
304,273.33
230,271.96
543,585.895
584,532.355
214,267.56
242,242.31
251,314.6
459,572.735
415,504.2
172,225.16
292,318.26
531,557.94
356,439.95
452,378.56
408,295.07
262,301.435
383,457.055
221,341.375
621,751.71
501,410.76
354,312.105
358,394.085
1025,988.51
258,327.8
320,237.295
415,535.05
418,402.88
226,315.535
596,435.465
292,276.18
218,202.39
282,222.455
337,308.82
226,269.96
280,384.51
381,362.54
452,448.845
530,496.825
396,466.5
528,496.07
502,318.955
241,240.33
481,419.09
173,247.07
555,517.91
608,397.13
786,810.715
694,800.975
312,370.945
338,411.215
428,395.09
456,598.225
511,567.985
460,452.165
401,411.95
328,402.275
413,328.63
733,536.455
326,392.535
261,330.5
291,306.18
468,407.83
237,230.455
603,658.725
504,412.11
421,401.02
749,729.525
426,581.535
342,385.375
320,235.975
810,747.02
614,517.495
908,771.78
300,224.7
296,361.66
434,436.865
381,457.975
541,533.19
390,398.505
594,703.09
442,334.24
370,320.435
874,846.47
430,335.05
339,335.18
205,281.96
257,346.33
228,252.97
387,367.655
588,570.285
328,321.545
548,572.545
266,205.885
416,337.085
600,720.935
336,346.3
297,374.025
299,384.33
347,449.285
307,251.365
230,389.625
239,350.845
236,300.045
287,360.995
630,659.815
154,246.855
403,453.47
268,312.64
640,690.54
439,353.745
734,774.1
307,300.29
352,403.29
246,226.175
451,591.26
277,313.675
237,189.19
336,410.49
384,393.34
356,333.445
514,381.41
621,613.4
399,287.11
394,290.215
450,539.975
427,364.75
186,233.54
769,676.345
182,195.98
473,386.585
224,184.365
499,367.935
391,384.59
6408,6192.01
321,218.32
507,455.9
171,347.4
562,593.05
333,260.575
338,362.775
164,274.435
384,514.665
250,262.68
322,364.97
511,664.87
532,402.06
537,377.33
492,519.255
589,502.8
424,512.145
682,716.11
484,538.745
372,346.46
300,347.48
606,404.56
417,491.035
267,354.165
378,318.425
262,393.125
200,250.715
410,550.12
227,307.81
324,309.06
393,451.37
533,571.955
242,219.135
895,680.38
358,384.89
196,258.315
544,481.07
508,427.88
305,248.085
263,309.335
395,392.995
322,375.34
320,359.735
402,439.71
234,253.6
596,612.21
330,417.675
268,245.83
746,639.77
215,247.025
752,666.975
549,570.175
272,262.675
963,893.105
1038,908.89
260,195.245
631,496.62
573,606.895
650,571.685
275,286.3
416,546.62
189,238.32
701,561.815
217,320.505
251,257.93
567,680.105
319,242.945
942,912.79
473,497.645
589,493.63
284,308.225
581,465.485
312,292.845
963,897.965
502,538.41
496,526.145
369,279.495
282,288.065
388,408.815
181,247.105
401,432.94
239,356.54
380,416.46
514,546.285
293,305.685
204,207.02
599,620.475
374,299.285
315,404.95
747,592.08
329,437.42
336,398.13
162,178.035
456,532.505
589,582.615
468,377.695
486,470.535
139,219.465
645,496.29
263,274.48
572,525.47
1032,922.51
554,477.485
411,412.175
708,585.5
206,209.73
169,247.385
374,231.7
519,396.69
126,183.15
492,456.965
706,750.855
487,462.1
554,500.09
524,410.31
143,182.135
238,243.315
371,306.775
159,252.315
332,435.125
345,338.12
261,347.62
351,284.85
418,484.375
164,299.285
644,524.445
766,639.455
300,283.83
679,655.545
500,422.945
610,507.64
663,475.785
469,496.475
283,300.555
598,542.27
436,428.41
283,306.74
348,476.63
177,242.23
355,368.4
300,311.145
772,850.42
372,535.73
431,422.995
477,532.705
355,459.415
847,811.145
253,211.69
350,304.66
671,800.905
710,540.405
314,493.575
196,172.685
445,412.05
386,302.605
231,289.485
370,421.83
386,427.66
578,601.83
343,420.11
639,598.47
551,473.515
275,433.7
416,409.49
584,626.845
342,290.035
249,251.01
492,377.585
657,595.805
351,479.555
242,216.525
524,716.645
626,422.485
342,348.8
421,270.79
439,390.13
295,290.25
998,950.04
381,292.915
317,239.995
949,866.16
281,226.71
351,328.41
703,715.915
300,434.275
880,678.4
302,257.355
445,384.195
467,430.55
457,526.36
286,275.935
1044,816.91
282,268.865
806,897.615
619,573.6
107,224.525
250,244.17
330,326.17
353,453.725
458,559.755
407,383.575
429,434.805
238,353.845
340,415.53
275,338.825
334,433.07
439,364.94
647,704.58
391,401.575
917,913.47
434,341.455
405,461.02
545,564.545
180,228.11
755,820.55
265,307.865
320,379.2
253,263.885
366,283.765
457,438.675
382,349.21
224,218.185
717,655.63
648,756.495
560,382.76
294,254.095
163,180.98
350,308.035
449,323.62
1040,1015.08
571,554.995
329,344.065
454,466.59
222,197.235
584,442.595
187,221.415
546,527.315
483,353.54
290,347.875
798,655.305
294,270.625
442,487.315
304,296.11
992,1014.505
514,579.05
526,553.715
614,606.16
250,306.37
282,285.985
567,578.615
255,389.145
539,578.135
703,706.605
369,331.925
358,390.25
226,308.2
267,242.22
413,401.695
524,643.985
910,771.935
175,142.695
924,916.225
615,609.895
237,296.085
179,192.26
213,388.0
608,511.025
318,279.855
225,250.105
326,352.905
420,392.585
268,302.485
980,902.115
572,580.635
361,313.685
644,536.09
587,699.215
183,176.205
443,464.995
427,391.555
369,496.24
511,441.095
298,300.135
677,567.45
279,308.405
208,256.09
225,247.565
401,469.245
817,788.81
581,556.72
526,400.91
855,881.63
227,207.115
592,497.295
451,387.105
436,470.09
528,661.085
340,473.17
527,478.685
951,912.845
443,447.445
372,359.58
403,420.64
214,219.26
363,331.46
469,521.725
339,357.695
342,327.89
227,244.43
607,754.965
98,230.13
267,322.58
420,385.045
862,844.79
291,423.24
307,409.48
616,575.305
443,298.42
522,578.145
641,569.23
310,427.79
548,439.62
389,327.26
586,484.925
428,361.35
231,268.095
455,440.885
189,174.99
299,302.895
498,522.45
591,470.035
151,148.34
126,226.705
597,423.87
1023,990.035
331,429.39
413,464.675
342,255.265
313,234.69
164,167.825
110,189.06
437,513.85
373,417.315
430,416.815
302,338.38
378,426.735
558,599.825
413,504.35
944,936.255
178,270.765
335,318.505
412,383.595
286,273.035
401,358.105
562,397.825
716,596.32
521,432.96
253,286.265
514,424.43
514,520.85
381,362.155
441,453.875
330,348.81
197,296.435
283,253.465
370,385.79
374,347.86
438,385.035
209,194.505
296,387.74
300,332.775
292,251.88
239,298.115
235,317.74
681,646.3
425,462.225
371,401.535
347,497.575
228,234.31
368,344.1
442,450.075
376,361.11
379,302.58
375,481.545
396,284.535
306,379.915
365,501.515
416,319.08
402,289.325
486,404.565
480,354.025
245,342.455
562,572.725
680,814.46
381,382.825
358,478.77
166,206.205
309,274.045
315,312.9
547,496.51
224,236.36
395,583.19
180,173.82
232,314.55
421,402.975
308,387.835
342,309.44
321,280.41
338,364.65
340,367.45
326,455.095
148,263.095
449,398.95
194,328.035
276,402.435
427,395.965
310,238.25
329,269.22
219,355.08
438,464.675
253,413.23
258,252.92
328,330.1
240,348.66
614,483.525
912,790.305
309,229.05
572,532.61
633,600.21
4662,4668.81
521,377.17
309,320.475
238,224.16
627,505.585
607,615.34
653,665.95
450,566.515
260,254.485
166,261.565
269,245.53
220,256.345
314,353.41
635,480.345
488,437.895
471,413.625
251,332.865
256,280.125
363,337.945
215,332.075
519,554.91
314,353.925
727,768.87
464,399.39
828,688.54
566,533.37
332,332.86
1079,979.63
995,939.81
455,424.09
512,373.67
214,214.84
299,315.175
406,409.785
673,621.23
868,854.695
357,409.305
463,486.97
575,673.35
676,815.52
446,453.61
1036,972.075
955,894.06
322,301.44
734,687.49
346,302.35
267,263.77
447,381.65
436,572.64
188,256.09
360,309.215
745,628.28
371,305.595
253,232.885
546,600.155
379,337.61
279,219.125
160,240.05
641,554.405
787,740.185
217,228.02
434,500.455
260,344.51
693,779.57
381,461.37
126,193.79
477,503.225
587,568.67
198,239.795
406,366.875
627,535.01
466,417.565
329,418.985
303,223.45
875,763.47
588,614.545
231,353.99
248,260.45
221,315.59
622,556.23
419,336.01
464,426.135
284,337.21
517,600.935
510,431.815
930,820.15
507,395.185
285,294.395
370,425.87
176,282.575
185,294.5
496,396.96
622,614.96
504,528.235
347,364.225
650,634.435
532,402.7
315,290.16
572,417.705
352,329.715
289,237.23
223,243.13
535,472.81
397,573.405
556,473.54
382,508.24
758,828.32
232,322.395
932,931.525
318,398.095
553,448.65
246,230.16
288,393.5
416,512.135
219,248.005
469,367.425
307,266.665
324,224.755
147,242.915
434,387.825
582,529.125
338,331.59
315,303.4
330,338.705
613,419.285
217,397.475
768,753.735
164,140.95
592,509.175
427,487.925
265,284.72
939,891.805
157,201.24
401,404.795
495,400.43
413,313.09
345,242.88
161,233.3
310,236.265
426,470.11
228,396.25
486,409.03
389,372.09
670,544.005
334,275.57
573,590.78
389,428.645
618,815.18
178,204.11
589,560.695
349,370.81
728,756.055
622,665.165
561,503.275
327,266.395
722,603.8
558,444.145
261,276.18
316,244.82
465,441.33
591,626.47
406,435.845
354,341.35
326,491.72
505,420.78
943,926.985
268,290.69
318,227.785
142,246.715
390,371.075
289,257.875
594,417.58
486,455.84
1082,933.1
242,243.39
451,338.885
297,333.07
122,191.5
218,241.845
559,544.92
3213,3274.72
337,257.755
456,454.125
209,320.58
827,660.455
596,493.67
1070,1041.14
401,322.94
255,375.445
216,203.355
719,895.725
300,346.105
356,384.03
470,464.075
199,201.385
658,619.125
217,277.3
448,543.925
297,283.31
149,160.055
421,425.5
292,241.27
357,376.57
405,320.42
340,280.91
370,422.145
3680,3556.5
343,456.835
196,166.51
296,267.75
764,649.765
414,610.205
339,306.92
416,534.73
166,226.795
234,236.305
371,351.12
600,515.06
296,393.795
363,398.365
340,296.545
454,563.1
274,346.14
351,296.52
322,481.725
216,279.905
350,460.42
697,657.975
114,233.405
401,463.75
583,461.14
289,241.64
208,260.265
327,343.735
1851,1949.195
169,177.53
342,346.665
597,768.395
330,235.96
160,249.5
231,185.085
152,156.66
198,181.13
302,298.745
691,646.695
229,326.59
322,337.965
338,429.01
236,227.98
393,416.975
479,519.935
328,335.845
446,388.31
232,359.6
568,595.15
304,499.6
921,800.95
526,510.22
294,377.5
363,451.175
286,281.9
450,423.05
182,169.115
447,406.765
175,240.025
733,849.52
625,504.2
417,350.28
503,497.395
288,281.43
349,329.96
350,434.61
323,272.225
377,396.5
315,411.365
279,298.64
390,328.34
511,534.24
327,454.03
240,234.12
441,487.57
277,382.175
466,541.77
206,299.05
311,271.865
424,378.955
340,410.515
538,398.155
506,390.375
463,364.005
177,261.845
542,560.415
204,207.43
581,653.225
457,416.96
347,270.17
459,434.08
150,245.84
586,580.555
650,589.675
772,882.745
445,350.97
717,764.705
195,244.2
251,295.73
105,223.43
176,230.82
548,487.13
355,294.795
523,467.62
322,478.065
319,293.55
194,161.87
326,302.54
401,397.495
811,621.29
222,213.685
545,703.95
361,425.335
283,291.92
159,171.495
586,616.385
283,275.455
392,543.37
798,617.57
295,428.175
228,391.975
934,808.02
300,357.655
316,358.985
280,363.925
314,234.495
240,308.085
448,489.04
368,284.39
462,285.775
563,642.58
567,613.48
236,336.435
426,494.24
480,467.51
378,387.195
369,389.775
174,238.51
454,395.57
285,365.11
264,238.44
206,245.975
625,465.275
449,449.11
377,328.795
439,397.585
443,408.225
262,257.425
503,410.255
312,235.94
422,441.22
293,492.775
369,289.605
461,498.515
550,420.07
369,373.64
194,248.125
702,599.65
407,553.375
381,312.02
410,370.005
225,241.915
233,302.155
448,393.76
888,858.625
561,495.54
513,382.34
280,286.76
419,422.24
459,468.095
612,459.46
659,624.82
373,342.53
317,237.56
621,595.605
105,196.59
287,231.09
499,447.485
570,615.35
253,266.02
231,294.46
792,760.44
569,747.535
343,478.45
195,213.885
542,486.335
624,526.015
402,369.28
745,605.85
359,318.745
294,266.425
581,578.225
427,295.085
325,345.515
514,540.14
278,351.48
270,295.285
266,287.63
597,347.25
614,545.14
560,542.22
330,312.05
243,237.705
308,321.145
172,181.835
412,348.67
498,467.77
309,420.245
328,264.885
141,214.36
316,265.505
406,395.4
346,403.035
332,360.01
537,396.215
180,279.84
650,764.71
440,394.435
132,260.915
410,284.655
690,705.06
421,581.595
519,540.11
454,404.69
285,312.605
506,614.695
281,266.625
336,319.795
208,243.55
381,305.645
237,218.505
462,377.105
610,537.075
144,255.77
281,230.82
374,304.92
189,276.26
600,477.3
275,216.03
432,372.125
518,622.58
437,360.735
689,620.175
233,227.09
240,298.455
384,474.0
685,667.47
393,257.275
402,390.87
584,544.54
616,567.115
354,313.43
363,369.325
341,278.4
217,262.155
442,486.33
336,373.575
292,298.715
391,424.435
719,547.68
526,399.405
404,439.145
600,438.085
530,466.525
241,302.32
464,365.25
338,327.605
387,375.1
594,637.015
395,423.96
286,234.935
579,600.01
298,291.585
225,234.12
334,347.81
483,471.16
543,633.375
393,338.315
376,280.84
319,252.5
826,679.295
368,360.38
233,254.395
269,273.94
1288,1343.315
546,631.99
258,352.225
174,239.705
251,386.06
302,344.83
274,309.21
522,526.035
237,288.645
261,274.995
435,589.965
150,175.65
546,402.415
307,329.12
537,378.885
367,360.54
580,529.46
251,226.52
312,333.755
241,257.205
413,395.435
306,294.035
937,858.4
401,303.66
251,276.375
231,260.86
533,518.995
452,347.345
287,299.25
378,300.83
285,359.495
92,183.12
359,298.245
271,266.87
2432,2228.27
375,489.785
392,419.07
248,270.435
356,431.53
503,360.965
772,902.89
147,246.845
654,645.655
481,454.14
332,403.88
526,542.94
473,345.93
382,553.565
529,415.795
508,556.39
243,306.175
653,654.4
162,215.355
389,343.295
311,415.765
299,256.57
746,674.055
407,314.905
176,161.775
922,905.89
407,339.08
386,426.935
345,283.84
252,224.755
266,207.29
859,727.955
181,167.41
292,275.75
883,875.095
310,213.215
309,309.66
702,529.94
443,543.26
218,218.2
196,253.36
274,420.565
298,334.875
510,534.805
596,574.615
832,990.825
113,247.935
374,254.055
310,365.385
387,386.525
331,253.105
918,914.415
365,375.825
296,260.91
270,330.36
479,487.13
499,381.28
238,373.895
653,563.28
771,594.625
347,283.44
407,480.995
513,345.53
497,470.47
393,350.275
170,230.815
214,359.725
218,260.355
608,511.6
367,527.04
482,371.27
673,674.37
263,268.56
128,214.775
186,231.775
422,601.235
318,250.955
593,417.995
398,491.405
447,420.97
371,411.945
194,166.65
317,324.39
172,247.135
650,636.675
284,284.43
592,668.945
295,319.31
265,370.74
438,390.37
347,427.99
218,273.6
287,354.275
645,507.585
754,786.59
376,485.85
357,457.84
855,958.965
678,727.235
326,436.315
427,503.14
688,794.62
530,626.395
295,345.155
186,226.52
1039,950.505
532,524.145
522,451.4
608,746.75
585,490.035
1542,1366.53
416,434.08
377,352.24
624,623.625
562,428.135
374,472.055
282,233.78
223,236.18
388,312.04
517,619.15
356,397.975
481,511.245
640,529.38
390,324.925
334,480.405
953,862.33
427,421.575
311,345.825
418,407.03
386,440.715
340,282.63
526,540.33
275,296.665
365,447.81
482,481.375
784,623.865
758,749.49
298,492.34
183,240.755
3696,3715.48
437,480.48
494,418.76
400,334.065
412,302.6
412,324.485
368,322.07
806,856.0
351,326.39
985,769.38
475,389.175
456,416.675
541,511.94
436,550.665
269,324.335
153,209.825
395,548.855
261,389.3
247,332.96
439,465.31
234,209.01
323,363.465
323,354.98
308,325.015
492,410.205
439,544.895
147,167.17
437,458.64
367,311.56
399,479.195
251,235.355
279,377.95
217,208.945
619,504.975
337,303.42
238,331.89
691,770.54
746,806.79
401,414.64
495,345.57
356,371.94
448,429.805
316,370.025
447,538.62
367,348.005
277,420.135
364,285.215
190,295.71
266,292.98
354,292.35
205,326.635
401,297.365
397,399.795
381,423.885
469,425.44
539,676.955
728,810.01
496,568.17
578,437.895
310,317.32
257,401.43
561,477.94
506,421.745
661,577.89
450,436.735
150,200.38
242,260.265
320,244.705
273,246.105
506,467.015
498,388.31
2328,2340.95
341,312.89
410,315.785
517,526.595
532,427.285
661,641.02
262,350.52
179,373.22
361,456.005
378,475.245
274,295.52
319,389.635
572,622.155
342,348.39
481,375.35
301,305.095
333,216.835
753,575.01
266,285.255
318,284.775
367,335.665
470,401.145
492,359.385
639,678.655
210,308.695
626,500.265
148,255.51
465,538.42
385,480.18
492,644.465
299,289.74
460,391.71
721,745.015
151,271.395
738,796.525
497,615.93
352,396.18
481,388.42
482,410.765
203,242.375
323,238.825
164,271.305
282,244.46
406,372.95
374,410.17
554,579.065
447,434.61
560,462.905
751,771.715
928,952.865
362,359.125
430,461.57
174,233.395
135,254.895
255,390.565
456,517.45
264,214.765
407,416.025
257,295.205
207,307.97
328,331.33
340,393.61
293,237.17
386,433.765
565,543.695
350,356.265
630,516.655
279,298.175
387,339.745
239,245.36
707,823.54
302,366.48
260,383.675
485,554.75
880,918.765
639,697.045
273,290.965
864,898.275
309,242.795
209,340.805
512,523.13
218,213.585
794,849.12
892,903.2
337,334.195
318,272.44
423,455.905
760,559.485
415,342.53
519,580.375
316,257.375
265,239.675
306,244.24
495,519.015
432,577.02
230,212.125
600,604.43
612,447.15
553,434.785
261,312.35
269,294.105
659,508.43
289,273.79
473,593.09
204,254.075
453,489.515
277,273.23
4024,4035.165
193,327.84
345,359.355
340,330.445
341,243.495
628,577.085
367,373.705
561,396.215
572,476.35
309,308.29
560,571.455
401,420.775
499,376.87
802,698.695
323,276.995
286,250.47
229,299.495
346,341.135
260,353.45
349,305.485
577,594.875
306,483.11
400,300.335
523,562.21
215,301.39
873,872.655
337,382.175
257,367.72
196,257.315
338,405.38
343,305.835
521,403.77
290,278.265
448,589.33
204,357.655
226,195.825
275,230.84
256,251.845
490,539.58
1053,1024.14
577,406.895
255,336.2
385,393.635
227,257.81
205,235.48
1947,2012.435
268,214.21
1042,997.795
589,504.63
614,581.79
1746,1590.93
406,361.095
778,899.085
301,298.85
414,421.455
515,487.415
468,292.515
677,877.93
225,363.305
195,328.055
591,592.455
196,179.49
223,292.145
269,239.195
538,480.84
345,312.565
546,427.175
963,829.725
277,299.75
554,400.97
279,207.53
290,211.715
329,349.88
347,234.395
297,440.73
128,221.73
853,657.97
680,740.64
442,382.29
302,242.225
198,276.735
272,294.415
960,962.995
502,444.175
328,291.735
530,525.405
398,306.435
731,655.305
190,193.365
592,533.9
310,232.415
273,381.41
385,369.09
485,522.06
245,328.96
376,304.71
260,313.75
960,949.49
668,509.905
677,554.355
165,235.315
503,555.005
133,115.705
444,516.87
130,185.595
689,840.9
328,274.09
564,523.68
727,629.695
194,262.54
650,850.13
430,383.585
280,404.44
294,317.785
470,457.395
226,228.655
137,136.61
376,500.44
224,244.13
464,308.16
510,522.145
146,249.575
185,188.43
445,347.465
306,232.69
337,337.22
157,193.73
302,279.06
532,533.925
559,614.36
328,476.79
220,280.395
284,290.63
557,691.585
469,314.455
215,280.87
503,476.155
191,219.365
312,320.835
618,461.61
997,890.61
390,362.715
275,322.055
553,509.325
279,297.14
481,429.575
458,371.755
392,347.38
390,410.165
509,378.105
211,226.96
382,459.995
335,410.805
265,205.675
473,470.65
423,522.975
549,367.875
553,465.1
234,347.745
436,498.095
859,713.755
225,251.55
402,369.69
315,347.15
1004,811.095
526,684.15
476,423.4
558,561.025
304,306.37
232,215.635
327,254.595
395,420.78
388,514.45
364,283.99
237,402.725
404,346.6
278,337.24
918,721.025
983,873.24
393,381.3
561,529.245
147,233.88
231,236.815
435,371.31
454,529.01
463,403.25
627,448.675
570,485.815
938,864.055
402,398.245
386,357.9
196,217.65
454,371.67
355,541.63
422,378.91
143,175.68
291,347.95
638,566.025
309,253.205
264,347.98
557,607.35
449,527.75
319,282.205
437,386.35
505,447.18
499,476.655
219,323.515
261,280.43
447,599.125
332,240.42
545,454.28
287,243.7
413,393.385
409,335.96
509,525.32
452,360.98
247,307.65
366,372.66
381,298.72
501,544.23
463,409.295
490,426.165
2751,2796.365
95,234.16
298,350.07
366,473.005
494,609.575
241,228.62
156,168.76
550,612.665
391,339.46
403,386.52
572,594.595
440,553.36
705,499.225
349,312.155
346,244.12
157,194.22
465,468.35
310,254.92
596,483.81
329,226.21
608,600.275
904,819.645
298,281.595
518,583.595
472,497.54
474,455.095
270,241.98
738,834.575
451,552.075
835,881.61
587,640.635
461,582.23
338,330.18
202,237.435
447,318.945
343,292.985
369,276.26
643,527.34
471,528.405
257,246.585
378,329.695
398,336.185
688,815.685
339,297.245
419,390.39
287,373.31
768,814.78
431,402.72
228,189.795
423,374.605
346,420.915
585,623.11
490,584.49
342,407.35
2664,2802.005
271,227.045
352,474.18
318,399.355
190,270.495
217,247.965
542,442.205
192,209.0
384,326.97
338,299.895
247,375.47
595,431.695
464,536.795
121,235.0
273,217.59
460,442.26
662,596.85
265,268.185
536,444.655
281,346.42
392,297.135
290,362.88
406,442.16
259,376.365
386,504.08
216,224.36
257,307.76
288,270.085
299,290.245
267,324.885
613,466.555
305,440.02
590,641.46
523,575.085
541,711.49
778,859.87
146,205.615
194,244.005
339,288.765
327,284.66
182,189.51
259,255.84
595,548.975
194,182.37
603,521.505
363,439.255
384,508.995
315,292.005
130,248.035
287,407.52
328,496.225
296,404.32
159,238.9
355,347.14
218,225.905
187,193.405
230,274.895
548,555.125
301,371.63
617,583.27
888,865.375
402,504.555
262,245.27
820,745.26
376,337.535
320,396.4
451,490.19
536,396.5
213,272.255
290,384.595
224,265.73
599,679.94
435,542.13
401,317.265
537,552.21
815,904.405
251,273.73
616,585.72
302,235.86
480,460.28
354,298.555
328,285.44
211,246.995
576,604.39
508,537.93
476,220.85
619,542.28
396,501.655
261,280.085
358,368.8
429,336.38
666,550.6
239,266.285
279,245.22
279,293.845
372,338.78
510,463.48
474,562.495
494,446.85
284,255.37
271,459.365
379,269.02
418,504.245
544,445.23
422,442.46
501,532.635
448,557.305
302,202.26
621,567.5
211,276.915
281,393.25
818,642.79
297,322.94
153,302.39
499,354.31
124,195.705
311,199.59
484,445.165
242,279.13
352,318.29
242,232.335
524,403.04
280,378.78
520,491.98
307,292.205
413,526.27
343,295.355
412,392.46
765,665.01
363,495.3
255,305.11
515,442.6
406,371.63
276,293.105
380,435.245
509,455.305
277,298.64
288,271.435
371,384.805
562,452.345
301,438.45
169,384.87
314,210.4
501,543.86
268,234.31
462,455.48
268,292.495
448,612.225
211,300.365
472,531.975
908,881.58
509,502.81
477,471.535
555,351.71
308,353.525
384,393.15
367,386.95
304,280.485
201,289.88
399,320.095
506,442.465
538,555.04
603,652.95
246,229.96
920,814.94
396,361.025
417,363.605
210,190.475
1854,1884.52
270,284.82
598,605.2
293,255.945
901,733.95
322,297.96
744,874.84
419,366.18
277,318.49
406,370.195
427,299.88
535,546.26
410,365.255
941,736.755
282,282.055
375,347.45
242,248.755
763,763.445
204,299.405
107,214.59
707,704.24
307,348.39
373,495.105
261,277.475
398,530.27
318,368.65
118,286.43
221,242.645
313,348.18
176,249.11
274,411.41
124,223.9
652,750.665
658,508.105
413,435.975
508,405.055
260,245.93
385,378.675
515,582.425
422,298.405
214,297.735
169,212.62
383,436.055
317,279.01
471,392.01
451,446.36
481,510.91
351,229.815
445,470.015
345,288.65
742,654.11
326,271.405
212,163.06
211,200.03
320,377.955
247,233.195
789,765.365
267,281.265
515,574.195
529,540.005
565,427.625
506,371.4
241,321.315
515,457.585
528,533.725
133,203.715
609,561.59
639,645.56
392,301.33
750,687.195
596,570.595
376,281.025
771,776.75
376,450.215
122,228.465
671,804.255
400,349.735
368,329.015
663,589.76
230,255.06
219,195.455
320,430.47
700,507.115
299,309.43
184,250.605
360,380.915
679,665.445
363,367.585
238,303.495
1004,793.435
565,472.7
528,376.735
630,505.15
4566,4445.855
369,377.57
165,225.61
196,255.035
448,634.995
1408,1128.69
275,236.3
400,382.655
356,417.835
308,265.08
391,453.235
505,340.215
942,826.8
250,269.31
202,237.34
254,433.79
394,364.835
228,316.245
666,712.725
522,454.21
913,888.35
557,554.13
557,475.265
579,562.895
208,213.73
474,474.01
482,488.76
313,314.115
159,144.72
378,368.535
416,372.91
571,518.615
234,233.49
551,449.57
594,503.79
465,469.965
247,236.615
784,674.6
629,539.7
245,463.365
344,417.41
478,556.395
309,411.475
1936,2057.395
362,305.33
424,534.575
519,514.875
566,438.555
603,426.635
410,424.045
271,244.885
266,228.89
989,868.475
338,361.605
161,215.675
270,480.03
480,367.605
556,484.805
380,527.83
218,246.35
241,364.075
596,425.06
542,469.815
946,788.785
485,439.125
530,723.75
217,316.625
569,528.855
500,453.34
754,637.55
235,261.95
494,581.63
368,526.23
528,706.875
278,287.705
864,884.335
524,736.855
244,221.25
447,551.405
759,916.105
116,242.99
469,382.89
553,598.135
330,279.245
492,453.13
411,439.335
331,325.315
1068,859.955
440,377.49
308,246.905
307,349.835
506,530.555
349,464.01
202,212.73
433,506.815
328,461.68
578,461.67
254,387.09
275,278.905
344,252.79
183,232.96
474,553.335
599,520.435
337,497.61
317,300.935
381,475.65
407,348.58
385,339.7
573,678.01
240,249.94
255,421.705
317,305.005
627,531.685
333,302.41
662,586.6
182,239.24
876,749.415
248,208.88
526,387.28
404,290.085
471,359.84
357,540.64
132,246.795
162,219.795
647,539.745
877,803.26
338,379.605
279,238.715
488,443.36
275,331.495
628,506.29
302,290.785
484,448.26
963,965.14
439,546.14
544,603.095
302,350.085
137,196.41
167,205.295
176,232.945
255,220.69
331,248.07
573,584.07
328,299.69
528,535.73
444,466.78
311,357.31
440,334.2
448,467.455
360,257.785
562,608.63
359,355.82
305,352.55
424,477.71
163,270.305
828,705.965
2976,2827.25
125,205.64
286,224.88
362,293.635
277,288.325
190,184.34
284,204.955
392,342.17
485,613.52
433,408.03
640,522.995
263,361.415
558,506.615
679,675.335
886,829.825
731,565.625
412,443.79
369,399.155
469,405.87
250,251.5
891,963.575
639,576.24
346,370.48
308,379.19
431,460.855
93,150.815
788,817.76
547,578.02
755,598.855
514,363.14
500,562.865
700,708.275
252,329.945
229,216.865
400,399.145
529,446.53
327,360.895
450,424.6
373,401.015
624,625.12
564,602.56
461,483.985
352,440.43
333,409.44
511,437.47
180,183.16
469,471.725
519,487.43
409,282.51
450,390.305
308,355.15
267,296.37
826,760.565
372,331.46
389,513.09
549,520.915
1090,894.07
250,223.61
1716,1847.565
233,213.195
776,656.655
168,241.865
645,639.92
292,243.345
388,407.67
194,195.59
346,242.695
702,824.24
2736,2793.915
192,227.425
390,361.62
335,388.97
443,296.195
345,438.71
521,514.15
513,501.285
271,387.03
550,430.215
700,696.905
370,301.16
227,357.585
174,219.71
276,314.035
657,794.995
564,554.495
492,416.165
250,320.215
881,875.035
331,276.205
231,225.935
403,280.145
365,299.92
637,500.015
337,326.69
351,402.04
532,438.95
288,322.105
418,374.065
491,507.17
914,956.475
172,233.825
239,215.73
333,230.1
221,279.905
221,266.285
245,250.135
281,290.84
412,464.215
620,669.375
888,674.045
234,237.18
205,228.505
393,436.77
262,255.47
533,419.495
231,227.425
520,497.895
594,635.0
467,525.33
348,334.8
363,381.23
464,451.665
280,221.135
309,290.485
320,285.385
267,309.805
449,437.325
481,517.365
369,405.335
476,492.08
463,423.84
550,473.595
375,259.485
201,246.475
377,401.59
286,399.89
532,549.395
429,325.99
421,362.02
128,136.295
210,214.655
267,211.185
614,660.655
203,171.155
427,431.91
442,468.31
509,401.28
343,501.195
613,579.125
195,240.255
374,406.49
157,197.315
243,450.24
315,301.74
251,275.975
326,264.53
504,692.92
316,268.495
533,479.22
793,607.8
363,313.41
419,505.515
380,384.065
488,530.695
285,350.455
325,348.585
532,418.325
587,556.915
215,193.64
266,276.2
308,350.915
219,273.39
469,385.635
703,642.315
375,455.17
527,363.82
418,458.05
246,231.2
229,300.415
1012,1014.505
227,259.88
274,392.74
783,860.085
423,381.275
421,519.25
383,344.555
206,306.58
225,230.785
639,541.88
536,530.355
530,507.295
198,184.58
272,233.225
210,332.09
500,525.735
262,366.12
275,372.315
303,297.535
605,600.915
203,281.155
314,291.32
334,342.115
290,310.01
354,235.505
202,275.06
297,293.01
416,323.025
394,360.2
479,369.915
608,615.785
227,213.455
936,817.07
492,398.89
571,558.205
580,430.225
268,225.33
483,455.83
546,528.46
414,343.14
540,671.87
317,358.1
580,550.47
288,260.855
412,339.825
401,313.705
489,378.535
133,180.935
497,387.545
390,390.635
485,361.765
510,445.605
340,242.72
306,248.165
347,396.055
450,403.69
239,275.01
248,282.265
455,391.885
876,732.7
437,399.035
310,231.075
457,437.135
147,231.035
412,434.285
222,287.18
622,661.685
557,455.4
308,332.16
241,273.77
255,331.005
522,444.34
437,406.65
332,348.385
871,961.165
353,284.76
105,255.85
250,291.505
395,315.015
267,199.4
430,437.895
522,472.305
541,396.265
712,741.985
457,447.69
214,250.21
328,275.975
201,342.355
599,577.295
614,528.65
239,439.24
285,388.83
653,446.995
266,282.83
304,458.295
477,434.535
715,819.425
262,221.9
438,469.55
544,500.125
401,407.61
367,464.635
450,308.05
310,420.1
411,347.85
146,298.055
570,475.07
418,386.23
512,440.17
256,421.96
860,738.835
558,586.48
541,428.595
180,246.28
262,219.405
185,221.97
557,494.36
207,227.71
338,235.215
429,326.44
297,380.515
404,527.465
513,439.715
308,371.86
467,395.885
124,137.745
867,957.69
180,220.96
818,788.84
245,398.48
693,782.125
2262,2133.335
607,466.01
413,461.865
249,301.34
432,522.575
437,474.965
630,612.95
218,242.475
150,219.815
1058,951.92
508,480.945
241,269.11
517,414.87
480,617.13
2424,2321.235
357,298.76
231,183.65
1014,1027.49
525,582.68
688,621.995
515,550.995
585,539.445
926,790.075
396,397.84
578,555.945
432,423.305
883,820.24
335,346.835
299,342.555
538,537.32
274,369.465
345,412.775
333,348.085
256,265.035
178,219.16
174,242.76
1089,904.56
990,870.13
292,388.315
448,442.465
308,306.89
542,411.12
531,575.275
369,383.275
387,318.65
496,467.3
1218,1349.35
904,805.72
903,744.33
264,189.435
300,303.3
490,379.55
663,648.615
247,272.305
394,455.315
357,294.625
461,316.44
612,657.67
494,489.885
535,500.47
248,226.93
291,255.74
266,266.3
616,770.34
293,442.305
469,493.305
492,437.615
288,216.99
235,276.735
321,360.215
576,547.43
603,506.205
311,335.82
613,500.88
486,535.95
187,170.235
583,522.45
631,501.84
296,281.17
232,313.095
812,866.305
382,288.905
470,435.49
305,277.52
322,321.14
543,486.77
582,568.1
315,255.72
442,615.695
890,815.885
216,288.19
654,523.32
502,464.985
512,439.92
623,528.245
259,305.76
283,290.435
575,612.25
284,311.05
938,992.405
194,185.905
691,670.005
524,618.1
492,424.875
414,363.575
527,427.815
435,583.915
842,698.13
986,941.11
291,390.29
325,319.57
607,528.69
884,725.49
342,253.56
701,668.585
232,247.565
596,571.195
276,290.12
516,443.285
257,296.235
495,437.93
441,345.75
343,370.275
373,399.045
574,570.075
186,252.84
672,814.465
193,310.565
367,386.74
354,383.33
408,370.505
492,401.265
324,287.675
606,624.235
630,615.085
339,284.885
681,575.715
246,411.655
837,873.17
785,804.795
652,501.47
628,522.13
372,296.19
422,392.595
181,260.045
532,700.13
449,449.9
535,402.475
383,328.44
564,554.33
303,384.585
1575,1349.545
866,753.695
396,604.805
237,195.205
455,522.025
338,424.495
739,650.245
239,221.875
871,702.755
840,924.695
487,542.845
1038,1017.255
209,194.045
257,370.38
325,339.06
588,531.795
376,318.705
563,571.005
1848,1653.64
335,367.13
640,573.4
270,292.66
458,512.4
499,429.79
213,264.32
161,216.42
686,524.45
556,573.345
408,398.455
218,241.255
403,350.125
279,299.73
809,828.195
854,902.93
385,320.625
413,344.41
535,517.86
241,335.11
963,887.175
550,533.515
507,454.035
856,882.97
344,365.915
148,222.095
548,395.1
316,272.77
375,491.05
171,245.105
359,465.02
406,286.715
221,245.5
500,447.26
305,466.59
673,408.07
454,522.895
356,418.465
269,237.545
574,536.975
405,351.74
320,336.4
267,283.685
780,702.81
260,221.365
176,226.125
417,351.24
393,386.4
348,441.98
1002,835.62
289,194.765
404,472.455
269,288.52
789,789.66
439,404.33
216,324.105
2295,2455.84
256,237.2
334,364.82
280,351.365
273,242.605
650,566.29
221,254.67
238,246.755
194,174.42
576,498.08
423,394.785
190,213.205
501,447.025
272,264.915
589,433.77
367,413.695
476,418.525
490,638.045
681,695.51
553,564.075
437,522.82
477,419.765
437,302.77
261,242.09
124,232.555
249,243.47
174,248.445
504,504.905
358,442.9
146,289.36
387,511.99
485,482.515
360,339.99
673,597.4
432,387.345
461,553.04
382,434.0
383,384.07
243,335.095
384,360.31
567,603.63
328,250.245
507,469.725
547,411.175
215,317.46
276,264.015
321,357.875
1006,1028.755
144,215.135
330,263.245
167,254.98
373,354.955
252,377.725
658,447.465
368,268.81
520,512.795
251,461.515
383,334.55
226,284.985
572,550.175
240,279.87
241,444.095
290,210.58
444,372.445
392,384.8
287,394.26
407,447.65
242,222.93
629,490.565
379,295.055
610,684.21
432,413.135
590,585.79
409,344.395
431,462.53
317,296.46
825,745.025
340,264.03
577,469.28
372,496.795
452,471.075
320,315.845
449,372.495
307,407.905
454,410.7
337,383.855
280,378.555
515,383.175
344,244.555
488,467.58
828,766.645
465,413.145
380,434.17
528,441.365
514,567.86
761,592.025
188,288.96
445,357.175
383,460.21
555,415.465
409,425.545
365,458.575
241,377.805
321,338.15
683,541.4
407,372.435
400,436.065
258,391.835
346,416.74
426,406.04
960,835.375
534,437.665
379,524.84
378,558.885
370,405.95
276,339.325
391,400.065
588,707.69
551,476.475
398,396.28
2340,2214.805
627,639.61
390,445.355
229,384.74
458,336.11
267,291.485
248,333.075
167,238.545
377,296.64
486,458.06
261,282.33
434,337.365
352,282.805
321,243.205
160,144.145
501,411.665
222,252.705
384,328.135
333,248.92
327,417.69
366,263.29
142,227.565
373,399.4
473,475.32
520,461.135
635,573.83
258,221.795
577,539.095
664,650.275
186,387.455
360,361.34
204,205.34
270,294.505
497,537.485
424,477.13
530,584.675
342,337.875
278,301.485
358,374.29
551,530.805
462,373.395
267,307.17
694,644.54
409,495.095
378,311.08
492,401.885
609,534.61
571,513.29
502,367.27
334,267.945
491,479.075
383,372.85
299,230.14
391,387.215
463,387.615
369,480.035
488,430.125
440,450.835
627,567.075
561,436.805
497,429.555
618,652.945
744,657.455
317,461.51
519,472.655
405,305.55
798,883.955
968,794.52
167,197.71
232,198.595
526,359.32
450,438.095
465,537.785
689,624.085
411,298.32
928,895.45
491,520.83
501,421.39
274,422.965
176,243.27
350,370.88
598,481.865
396,383.83
121,239.435
574,465.465
219,207.16
649,610.265
461,518.775
601,628.395
244,263.695
232,275.7
619,567.23
1220,1250.97
506,414.95
334,390.205
678,555.17
359,421.025
642,476.965
265,316.745
598,401.865
510,399.54
335,447.46
497,600.92
314,214.34
386,483.28
333,276.965
366,372.725
207,293.19
269,241.475
345,339.17
340,308.53
174,317.17
277,241.645
224,264.05
187,189.305
193,300.49
383,432.13
423,395.505
377,446.265
367,366.555
566,557.055
223,309.865
760,633.13
370,231.98
451,397.52
401,358.8
251,207.82
197,220.06
408,443.505
672,741.98
296,342.545
577,479.63
307,268.19
720,648.075
546,568.125
125,215.885
524,564.935
281,274.935
413,424.175
807,908.465
586,627.445
226,335.635
585,451.075
534,480.48
248,258.825
758,717.865
265,357.21
427,507.13
253,298.23
916,960.52
780,714.21
240,235.89
263,264.975
472,414.155
345,323.93
584,507.775
814,954.085
400,521.29
298,362.585
557,499.325
665,649.195
369,303.865
518,439.68
296,281.51
180,227.325
157,191.845
623,389.755
815,824.07
412,491.42
407,536.9
362,443.42
553,556.78
280,278.14
189,247.445
247,202.865
291,270.085
604,479.345
342,361.595
349,243.88
481,395.91
542,527.11
330,279.21
212,263.355
565,497.66
719,749.445
247,241.97
522,518.94
322,399.245
327,279.66
438,355.225
385,465.245
734,631.855
566,496.02
219,230.285
518,581.515
473,429.77
335,390.485
223,253.555
717,534.945
212,216.71
365,227.37
295,234.57
570,582.93
140,199.815
165,248.215
480,452.48
356,372.87
302,240.185
1040,1009.985
430,388.015
543,465.17
532,513.19
316,375.635
612,549.535
286,380.065
386,260.735
361,371.175
236,299.245
275,276.27
620,540.365
286,374.005
1314,1328.65
859,853.005
446,380.76
722,659.5
488,502.61
339,454.98
963,987.87
504,401.375
568,442.01
546,695.395
701,617.69
142,278.205
447,364.89
360,409.445
133,166.965
352,238.495
220,251.955
460,456.235
332,224.575
289,344.24
654,536.93
254,240.31
730,568.685
277,348.76
239,421.04
238,361.95
461,331.57
478,633.905
387,363.87
381,358.06
236,193.18
159,234.125
407,380.23
506,412.535
518,518.255
519,582.02
422,321.435
377,336.35
281,286.5
937,952.67
485,311.705
822,930.295
253,234.87
337,385.455
288,304.855
977,784.71
108,223.385
562,519.835
401,375.705
417,425.43
343,413.775
338,231.455
500,340.18
202,329.355
430,423.29
241,243.12
619,752.155
627,649.025
237,348.385
308,264.66
431,400.88
493,389.99
245,288.56
739,587.13
185,219.07
408,413.335
338,401.12
144,220.545
817,625.44
400,586.585
262,375.39
378,311.16
425,425.865
553,490.405
438,597.69
356,347.535
441,420.795
187,223.77
259,228.07
538,464.22
828,783.16
414,410.93
214,332.69
410,390.385
824,731.64
260,269.495
612,586.155
381,382.235
447,488.69
289,287.005
822,613.195
396,285.2
464,544.51
578,464.575
763,620.03
418,321.14
748,739.865
294,403.965
463,361.83
190,262.725
537,355.57
597,426.85
614,631.98
544,533.975
457,640.39
230,348.405
351,344.525
1416,1341.99
287,360.46
319,395.885
251,217.355
288,286.36
595,558.01
406,324.025
237,260.82
517,605.93
2190,2298.405
117,216.025
492,569.92
562,448.215
460,443.455
378,473.955
443,416.57
431,366.425
547,458.695
520,448.855
396,307.55
295,402.615
453,399.03
208,302.655
368,444.235
532,540.86
400,422.47
552,493.355
866,723.96
535,398.655
532,465.03
492,545.215
268,316.765
329,359.41
435,444.72
562,607.87
210,231.81
587,620.065
130,218.315
381,288.97
528,549.825
518,442.415
288,320.1
677,563.1
244,241.13
333,465.79
393,347.815
489,635.63
437,348.775
529,543.49
247,245.315
189,366.62
677,743.245
234,280.02
369,305.055
560,328.2
335,401.085
364,296.62
563,634.095
482,577.755
678,539.79
209,244.405
571,592.29
361,330.015
552,588.195
672,592.21
334,402.61
179,189.22
533,486.525
312,267.615
195,182.485
261,242.8
391,541.88
434,625.66
526,388.37
354,471.94
339,365.0
636,536.64
318,330.73
782,787.18
296,369.97
569,610.155
458,428.38
806,719.11
313,365.55
550,494.54
278,249.1
151,189.245
203,250.18
145,132.935
277,314.77
437,530.835
391,368.59
368,256.695
351,283.095
740,775.745
332,374.555
326,261.94
316,213.055
627,581.16
630,547.01
549,393.6
237,232.615
160,264.055
458,650.325
388,420.625
538,382.555
375,331.88
247,256.89
633,730.295
543,740.01
275,324.8
468,404.335
321,321.36
318,287.67
382,481.49
3696,3697.17
470,359.975
996,988.74
377,484.39
376,336.445
340,276.045
416,492.15
447,595.065
416,360.185
361,450.48
186,233.625
595,609.49
580,544.86
222,432.56
474,493.735
426,365.56
341,328.095
439,402.765
346,327.25
262,239.5
219,253.205
455,337.305
900,764.465
163,254.775
384,309.97
404,345.385
450,433.1
224,265.04
388,353.6
228,361.67
444,496.485
429,285.995
543,520.355
320,465.76
270,287.755
365,319.61
565,558.285
509,323.645
296,355.845
274,219.71
185,364.745
222,336.565
207,236.13
347,288.4
317,318.415
788,627.035
404,520.205
422,448.655
198,236.35
338,356.68
491,466.315
294,238.13
456,336.59
255,301.385
330,403.705
442,359.045
287,255.65
382,397.475
224,289.665
288,341.275
341,401.105
129,263.54
343,260.415
198,215.91
324,289.625
547,377.57
207,276.63
188,228.98
613,558.675
651,646.125
370,342.125
358,294.645
215,276.005
287,324.71
331,267.765
338,396.455
398,427.62
357,303.45
328,346.435
335,440.6
634,581.18
537,429.955
575,631.66
419,456.93
504,463.985
329,374.945
496,381.205
238,356.355
387,382.445
165,222.11
178,249.93
232,346.265
248,410.885
467,456.595
421,375.08
569,428.285
295,459.79
507,542.745
367,305.235
535,501.47
508,449.66
143,261.21
876,694.98
508,452.76
254,285.79
273,305.87
302,336.215
831,911.72
430,442.885
347,291.33
313,243.04
642,511.69
260,305.5
426,478.175
222,279.1
286,310.79
246,243.39
502,563.14
227,368.83
428,397.65
500,394.185
335,316.115
145,136.87
275,285.865
242,390.57
214,307.845
578,451.195
258,252.925
666,467.24
508,466.515
231,345.965
222,250.15
433,453.88
726,636.265
228,332.99
681,822.435
225,233.78
442,472.89
270,214.62
264,292.255
413,355.475
602,543.515
206,192.06
134,220.115
616,428.51
268,343.205
326,269.195
252,288.615
270,245.62
173,294.7
373,531.71
382,424.255
704,608.1
333,340.0
691,501.845
402,351.74
784,640.275
600,438.91
313,237.24
371,335.85
383,415.595
938,822.125
551,498.79
719,664.955
323,414.585
556,382.14
170,195.6
200,208.87
228,325.73
401,415.515
267,225.265
325,274.745
448,494.67
553,485.745
927,944.295
424,381.905
499,559.61
351,327.58
554,753.275
272,288.775
203,232.0
751,849.125
213,239.75
403,477.255
538,429.455
222,333.24
497,555.73
203,297.21
209,231.07
299,289.61
422,629.045
522,764.46
219,251.32
348,366.765
992,976.775
371,361.445
249,382.565
382,350.975
358,479.355
310,347.15
150,235.33
193,209.365
634,705.365
707,598.92
267,329.76
423,340.165
477,383.69
258,245.57
356,392.38
435,507.655
407,507.915
394,287.485
520,669.175
299,261.24
386,328.5
1392,1333.855
296,322.62
416,313.975
333,406.22
433,413.735
553,515.26
260,215.58
498,463.915
224,184.905
317,437.195
419,415.655
246,364.865
419,335.955
234,329.02
433,279.55
158,202.265
386,327.105
371,301.88
716,646.695
97,187.02
332,290.35
282,348.345
3138,3131.19
455,563.015
386,300.405
583,502.85
567,387.5
173,152.205
870,959.7
602,624.645
304,316.495
808,726.37
426,380.57
277,265.375
364,293.42
836,683.34
639,790.93
602,579.39
596,537.075
287,271.57
207,258.32
555,563.515
608,561.655
420,396.39
411,432.025
378,282.405
478,379.905
637,653.52
351,340.15
386,466.59
405,399.31
351,308.2
963,816.355
225,257.585
273,252.085
600,587.205
304,297.12
253,236.745
346,484.465
536,451.515
497,372.745
306,299.65
347,413.235
402,351.275
179,240.49
132,222.21
175,243.01
416,473.045
431,490.485
652,777.895
524,528.93
445,363.06
732,605.34
314,262.595
324,467.545
291,235.425
403,472.955
408,548.33
223,285.9
476,516.295
227,183.3
323,285.62
410,311.725
373,313.295
508,439.625
499,541.31
300,367.78
220,276.375
250,238.97
382,408.65
378,398.46
331,467.085
147,249.485
408,310.055
345,403.1
285,392.845
647,534.295
756,737.21
338,282.67
241,297.86
432,492.78
643,661.035
999,881.085
251,257.71
232,223.27
305,326.29
212,261.185
322,224.91
366,482.37
323,222.955
171,256.235
228,256.885
314,386.29
568,457.88
404,362.385
242,287.155
610,517.84
251,298.215
564,533.56
143,186.235
267,406.795
454,503.76
241,353.505
297,224.505
202,264.785
357,249.05
420,445.815
360,347.41
402,423.99
435,360.49
462,669.1
254,194.825
331,307.65
531,574.415
491,388.36
541,449.25
304,343.525
791,863.43
217,201.485
448,550.095
324,346.035
549,562.685
295,440.585
437,525.47
568,489.5
257,252.745
266,279.945
258,243.12
154,137.215
379,387.87
270,359.835
379,302.145
1000,901.95
370,333.83
584,680.14
250,234.4
280,288.01
907,739.935
312,227.635
276,265.255
202,338.91
467,465.37
428,341.405
528,508.21
544,433.105
300,307.965
295,388.38
579,463.475
307,220.785
297,349.275
815,748.0
186,199.675
338,295.925
279,306.345
576,445.96
264,302.0
308,407.075
414,492.88
1100,929.77
205,205.105
726,519.575
176,183.265
529,531.35
418,387.535
756,598.855
773,683.83
851,641.695
132,210.46
345,263.855
743,700.83
512,489.61
499,513.35
536,504.835
721,617.9
355,344.99
261,323.875
422,395.25
211,299.45
328,305.675
229,293.83
753,853.05
309,290.46
253,277.105
323,329.515
422,464.3
284,338.185
504,481.985
506,423.555
396,539.88
687,564.995
901,735.21
1037,983.57
308,229.435
347,483.255
451,537.08
244,257.28
485,388.52
334,294.29
380,325.72
368,352.67
424,424.56
808,709.4
244,245.965
200,370.7
212,246.785
243,288.27
292,307.82
389,403.575
210,247.86
471,383.62
406,461.925
450,347.775
329,393.56
232,230.615
741,690.785
367,344.905
564,600.76
177,243.485
304,357.17
155,195.46
392,425.375
331,275.93
344,346.23
583,544.1
337,499.825
410,339.31
1081,1151.295
240,358.85
375,345.62
260,289.335
449,447.125
329,271.85
521,460.77
264,201.53
388,521.435
306,321.64
219,226.285
259,293.73
305,386.98
446,379.885
95,124.65
297,413.1
344,322.055
637,593.53
475,519.8
213,258.0
591,629.55
532,591.765
351,398.695
730,578.725
261,271.17
449,391.49
233,326.79
280,357.765
134,197.405
285,369.22
419,428.115
417,394.765
230,262.23
558,587.625
555,450.49
360,428.275
171,180.915
199,275.1
232,325.89
212,267.34
383,338.82
255,278.595
168,230.235
319,290.47
636,773.525
619,514.155
689,790.525
540,496.775
319,318.365
317,500.42
263,256.62
222,237.45
168,228.275
488,532.585
397,483.34
163,215.28
505,474.9
531,527.25
372,221.345
744,829.175
235,229.265
237,350.07
502,366.185
335,346.725
155,182.6
542,449.11
430,422.61
323,269.42
624,616.78
444,405.955
432,449.48
240,333.14
332,327.82
445,259.505
230,307.97
489,457.335
264,248.205
211,271.925
858,733.265
569,591.12
290,408.475
642,603.43
392,371.89
326,344.685
447,353.44
517,413.915
396,445.21
200,247.005
382,275.75
471,398.87
423,372.575
431,376.7
374,339.965
702,638.015
499,731.17
335,369.375
1004,1035.365
249,239.18
245,242.95
269,292.46
338,357.15
174,240.395
490,428.475
348,336.0
199,225.555
218,276.075
282,353.54
336,271.555
483,615.79
628,478.61
449,401.955
321,427.565
338,315.45
329,279.44
6186,6409.28
279,226.965
225,229.19
258,453.84
927,951.24
203,243.905
245,275.115
385,272.93
481,391.685
142,147.02
349,291.8
322,233.525
435,490.555
428,483.71
164,229.23
296,444.16
459,364.97
332,446.47
353,496.37
547,467.115
790,864.195
602,512.255
388,456.665
139,309.165
438,423.47
170,287.66
291,425.345
396,420.08
771,630.81
391,413.32
467,437.835
561,711.66
418,384.37
595,693.55
373,295.17
226,311.26
671,768.435
206,321.06
161,226.905
350,385.09
598,687.36
232,191.16
342,452.54
250,216.145
370,282.31
516,616.56
410,344.58
410,354.015
213,253.13
623,636.88
600,531.19
226,409.27
497,507.655
266,386.15
210,282.57
911,759.495
545,494.31
591,549.485
301,347.98
479,390.725
328,259.55
676,600.895
320,408.13
232,396.395
487,582.525
268,373.32
235,276.82
346,326.17
279,285.355
477,491.39
444,536.185
340,307.015
1500,1465.255
282,350.15
125,147.615
499,509.72
377,412.555
632,671.32
276,386.15
625,533.98
337,296.985
243,223.865
419,590.805
273,362.325
461,354.75
707,741.425
455,343.17
643,643.795
317,227.765
327,285.335
252,279.09
529,454.785
850,786.27
1038,888.915
289,220.21
473,326.98
690,540.61
281,280.17
703,535.05
267,390.26
490,372.95
652,485.36
205,284.775
574,492.485
247,251.9
669,556.93
746,612.465
189,164.875
199,269.62
343,388.52
194,194.98
145,241.455
455,458.315
240,328.46
385,379.05
382,305.965
379,485.94
743,710.0
156,202.18
137,263.88
534,482.625
438,370.71
289,388.465
474,494.155
578,628.67
698,615.41
133,228.72
444,420.825
616,546.43
438,333.78
394,423.525
609,593.32
505,565.3
391,407.765
258,299.98
366,467.155
388,499.145
313,400.905
298,317.8
207,289.5
121,111.315
316,211.39
453,358.495
510,434.335
426,410.135
441,466.455
306,386.79
563,588.075
195,284.015
236,296.65
379,501.89
298,342.915
334,238.64
349,239.695
497,404.795
410,431.99
542,448.415
242,204.51
390,316.95
638,593.03
199,179.885
322,488.235
395,383.86
295,358.46
477,566.185
424,441.795
175,280.985
310,270.215
313,312.08
380,466.46
788,856.76
529,406.895
511,538.095
525,407.41
206,244.62
279,430.415
500,384.74
305,428.885
961,982.78
623,538.06
792,684.11
605,698.62
336,304.755
1240,1355.965
423,386.28
594,476.7
473,533.045
355,358.675
671,636.215
341,404.19
199,382.82
361,482.105
779,583.135
3588,3481.945
301,303.39
303,355.135
903,806.605
343,336.19
426,587.065
158,274.31
255,282.49
151,250.64
119,154.47
287,361.845
166,210.28
3654,3670.55
218,291.675
712,676.75
282,301.24
594,728.84
269,291.34
432,507.595
302,406.24
324,354.45
305,242.15
377,322.135
299,309.065
345,355.4
404,410.495
289,331.155
1864,2009.865
591,468.61
425,347.485
706,694.135
526,445.905
535,566.765
272,236.5
255,275.585
397,286.665
270,224.17
938,856.77
300,329.465
364,368.725
502,368.585
385,370.54
522,517.485
332,245.275
336,304.475
307,314.62
479,582.84
224,239.72
341,365.705
361,373.13
243,306.25
312,360.26
486,558.625
384,360.385
253,248.445
666,637.795
262,198.085
297,399.255
304,274.75
238,241.825
215,254.025
482,557.01
326,363.975
510,486.71
587,626.165
335,427.165
703,666.505
458,537.25
524,417.4
324,295.375
562,412.255
348,290.505
374,372.085
298,354.15
353,410.25
487,484.24
433,349.265
979,933.275
469,446.84
549,516.72
335,343.475
421,355.655
574,604.105
274,368.45
327,384.075
181,286.31
292,265.995
177,179.765
424,369.315
410,326.34
318,230.6
259,369.2
530,500.39
343,489.935
1463,1450.515
331,374.015
265,388.77
157,161.82
331,392.855
2464,2463.825
929,847.865
320,322.18
304,373.59
494,398.31
365,445.755
397,421.825
218,244.775
516,575.6
326,252.905
607,470.94
288,344.545
296,354.99
384,386.305
431,355.38
372,393.765
846,872.25
358,381.455
1017,992.89
226,337.375
227,251.42
363,305.49
738,794.965
654,776.13
256,273.605
468,491.86
413,308.445
273,228.19
327,281.815
655,676.24
337,352.72
452,604.78
475,452.23
434,395.365
601,416.63
484,491.65
464,536.145
230,275.735
410,419.04
245,246.565
428,377.36
509,457.28
325,291.065
702,504.995
135,239.295
711,608.62
422,351.24
407,344.33
278,262.52
927,904.99
337,269.845
328,336.615
378,452.835
645,539.885
308,325.84
525,581.81
469,335.11
555,416.625
385,325.505
367,390.63
966,898.485
103,185.425
391,340.315
375,365.17
348,311.385
554,544.49
372,373.42
292,342.49
1452,1594.785
477,404.91
346,438.04
265,264.37
220,203.16
485,700.055
533,576.505
384,427.045
274,278.745
235,244.94
233,246.92
348,391.08
497,422.75
158,238.08
282,314.41
419,441.85
460,379.285
613,602.52
288,450.585
305,400.655
436,404.045
589,432.965
381,320.265
170,224.93
499,536.97
292,251.29
199,253.955
313,305.915
314,296.83
264,343.355
387,468.035
383,288.205
238,248.715
147,191.685
547,540.805
699,726.58
457,386.035
287,469.71
865,912.935
310,218.65
852,948.48
401,396.435
555,410.0
319,365.995
346,443.31
338,297.895
592,524.045
477,372.095
288,434.04
469,444.75
461,386.26
314,337.905
369,378.915
549,496.985
610,543.855
317,253.35
419,374.615
188,291.715
792,930.345
216,245.145
512,512.625
327,367.07
540,537.415
304,375.7
309,255.31
345,274.06
264,347.06
648,594.33
238,304.345
245,238.235
423,375.985
471,347.165
284,261.175
518,446.48
746,590.545
231,226.045
374,379.125
193,182.165
483,568.765
538,463.66
349,270.255
268,239.165
454,509.11
411,434.18
964,858.805
337,474.895
228,292.05
120,212.16
270,393.24
382,413.12
671,625.01
160,196.205
130,231.81
221,221.21
164,190.845
289,395.15
200,388.755
455,383.935
329,391.345
478,533.485
602,447.335
400,346.75
318,231.105
459,548.89
631,594.975
250,431.955
489,477.81
600,556.29
302,237.61
383,344.17
513,455.485
300,207.21
358,341.3
577,571.985
607,491.28
349,410.745
245,278.665
119,188.45
854,882.565
735,757.91
526,590.375
563,438.48
242,257.13
699,568.52
487,414.505
486,582.28
256,265.41
216,243.08
356,373.025
195,225.3
548,447.13
396,375.185
499,664.24
596,508.37
291,235.63
340,408.61
446,422.03
513,639.5
343,448.215
455,463.385
186,177.6
328,248.105
477,339.745
671,566.145
464,340.575
735,888.905
382,464.93
407,375.22
235,341.955
385,274.87
3130,2932.715
431,355.085
674,682.42
247,349.99
212,246.655
655,574.2
486,493.0
516,476.625
785,764.905
390,396.79
565,598.39
611,514.13
145,226.54
322,395.18
710,660.645
474,487.87
356,387.445
407,462.45
479,414.895
149,239.725
532,545.17
375,457.795
773,660.65
491,378.625
548,463.19
173,256.105
235,390.835
366,296.255
300,364.22
567,612.475
200,233.075
402,414.53
655,568.47
3096,3316.555
143,221.85
561,583.42
386,367.835
411,395.51
302,367.11
379,439.375
549,521.135
426,394.345
393,439.28
300,352.265
356,272.235
483,424.4
266,415.02
755,907.42
212,271.83
282,242.75
399,365.95
398,472.28
268,237.45
295,382.525
561,460.96
389,380.45
397,462.305
306,341.845
207,281.58
788,698.895
246,298.445
409,569.75
334,327.885
307,343.555
581,585.57
515,442.705
583,471.915
550,515.95
328,227.99
459,491.49
244,231.445
613,715.755
389,483.29
157,183.435
253,348.735
489,553.315
749,666.99
1464,1532.445
197,194.28
371,463.905
309,230.105
568,481.305
353,314.705
289,215.815
458,464.055
153,246.36
254,421.45
171,253.335
336,335.235
476,372.21
406,587.09
590,551.445
453,520.99
327,298.87
545,521.21
549,496.145
335,411.285
632,524.26
675,576.475
500,419.655
234,444.33
542,608.78
500,510.65
219,338.1
313,261.075
462,510.155
383,389.5
227,237.135
691,631.44
444,367.035
973,877.265
261,260.4
312,400.365
445,349.03
322,283.825
564,529.55
345,287.05
637,560.71
413,468.16
250,253.32
499,429.955
468,409.48
196,240.45
143,242.05
471,520.27
389,316.21
326,395.81
207,260.825
439,464.365
348,403.735
172,301.195
2226,2260.925
310,413.28
621,799.46
191,244.015
349,322.755
409,464.425
351,367.55
375,328.715
510,468.065
395,486.17
330,346.3
302,291.36
473,548.26
483,402.475
520,546.63
589,532.625
206,343.965
104,233.5
386,389.775
885,801.275
259,251.725
303,267.705
327,209.08
286,268.625
447,364.16
158,232.735
929,958.1
277,348.34
629,593.22
438,441.02
429,480.975
556,492.935
626,486.23
160,183.445
196,298.36
335,337.5
396,472.295
245,242.165
575,580.505
333,409.83
433,348.055
660,827.345
213,224.095
417,340.06
252,410.17
502,554.34
557,528.35
650,542.995
332,261.875
577,563.355
456,595.945
399,486.995
609,566.35
343,417.1
299,259.04
503,363.74
472,411.025
486,485.465
284,361.875
224,250.71
671,690.855
358,549.63
1055,1044.295
544,485.975
180,199.4
342,380.455
211,291.195
299,435.1
605,487.5
308,332.595
402,338.9
474,477.69
232,244.23
586,481.885
537,429.225
398,375.11
678,495.9
239,345.725
258,294.375
458,661.7
359,415.535
440,488.98
571,477.77
151,188.8
287,303.03
823,902.37
332,333.15
459,450.35
349,360.94
241,353.965
332,256.7
268,363.165
481,488.705
520,453.055
280,243.545
280,258.945
191,243.04
230,183.935
383,388.31
515,381.71
593,514.655
141,230.585
551,447.86
322,483.29
499,408.02
345,285.5
244,382.51
301,356.69
988,899.855
265,248.805
443,453.02
243,194.395
369,407.13
383,369.77
523,419.1
713,760.38
2676,2496.395
286,394.665
6064,6037.9
404,296.005
347,410.61
333,355.525
346,347.485
147,303.735
427,428.31
539,491.99
800,629.765
924,937.155
303,248.54
541,490.495
649,722.52
297,324.48
268,319.7
431,413.045
516,602.93
213,245.33
214,233.205
555,536.71
315,320.48
441,410.345
519,530.46
506,433.18
472,405.435
343,434.575
241,344.57
449,383.61
369,333.955
312,296.485
342,302.73
384,537.015
352,392.68
239,336.93
134,247.515
623,605.735
447,411.25
92,203.255
237,316.175
537,431.72
394,369.665
213,179.71
148,215.015
693,602.87
529,508.055
423,362.825
431,442.05
821,858.73
362,362.905
243,370.69
329,318.49
314,421.39
250,258.01
596,546.39
335,235.24
408,467.89
252,232.89
216,277.34
421,486.155
354,480.6
246,327.345
638,576.915
392,324.16
584,458.24
178,310.165
315,340.83
253,322.36
207,341.41
548,522.885
187,253.915
